graph_index,num_vertices,num_edges,edges,move_1_candidates,move_1_results,move_2_candidates,move_2_results,move_3_candidates,move_3_results,is_connected,is_stuck_graph,iii_class_id,size_of_iii_class,is_in_stuck_class
0,0,0,,[],[],[],[],[],[],False,True,0,1,True
1,1,0,,[0],[0],[],[],[],[],True,False,1,1,False
2,2,0,,"[0, 1]","[1, 1]","[(0, 1)]",[0],[],[],False,False,2,1,False
3,2,1,"(0, 1)",[],[],"[(0, 1)]",[0],[],[],True,False,3,1,False
4,3,0,,"[0, 1, 2]","[2, 2, 2]","[(0, 1), (0, 2), (1, 2)]","[1, 1, 1]","[(0, 1, 2)]",[7],False,False,4,2,False
5,3,1,"(1, 2)",[0],[3],"[(1, 2)]",[1],"[(0, 1, 2)]",[6],False,False,5,2,False
6,3,2,"(0, 1); (0, 2)",[],[],"[(1, 2)]",[1],"[(0, 1, 2)]",[5],True,False,5,2,False
7,3,3,"(0, 1); (0, 2); (1, 2)",[],[],"[(0, 1), (0, 2), (1, 2)]","[1, 1, 1]","[(0, 1, 2)]",[4],True,False,4,2,False
8,4,0,,"[0, 1, 2, 3]","[4, 4, 4, 4]","[(0, 1), (0, 2), (0, 3), (1, 2), (1, 3), (2, 3)]","[2, 2, 2, 2, 2, 2]","[(0, 1, 2), (0, 1, 3), (0, 2, 3), (1, 2, 3)]","[12, 12, 12, 12]",False,False,6,3,False
9,4,1,"(2, 3)","[0, 1]","[5, 5]","[(0, 1), (2, 3)]","[3, 2]","[(0, 2, 3), (1, 2, 3)]","[10, 10]",False,False,7,3,False
10,4,2,"(1, 3); (2, 3)",[0],[6],"[(1, 2)]",[2],"[(0, 1, 2), (1, 2, 3)]","[17, 9]",False,False,7,3,False
11,4,2,"(0, 1); (2, 3)",[],[],"[(0, 1), (2, 3)]","[3, 3]",[],[],False,False,8,1,False
12,4,3,"(1, 2); (1, 3); (2, 3)",[0],[7],"[(1, 2), (1, 3), (2, 3)]","[2, 2, 2]","[(0, 1, 2), (0, 1, 3), (0, 2, 3), (1, 2, 3)]","[16, 16, 16, 8]",False,False,6,3,False
13,4,3,"(0, 3); (1, 3); (2, 3)",[],[],"[(0, 1), (0, 2), (1, 2)]","[3, 3, 3]",[],[],True,False,9,1,False
14,4,3,"(0, 1); (0, 3); (1, 2)",[],[],[],[],"[(0, 2, 3), (1, 2, 3)]","[15, 15]",True,True,10,2,False
15,4,4,"(0, 3); (1, 2); (1, 3); (2, 3)",[],[],"[(1, 2)]",[3],"[(0, 1, 3), (0, 2, 3)]","[14, 14]",True,False,10,2,False
16,4,4,"(0, 1); (0, 3); (1, 2); (2, 3)",[],[],"[(0, 2), (1, 3)]","[2, 2]","[(0, 1, 2), (0, 1, 3), (0, 2, 3), (1, 2, 3)]","[12, 12, 12, 12]",True,False,6,3,False
17,4,5,"(0, 1); (0, 2); (0, 3); (1, 2); (2, 3)",[],[],"[(0, 2), (1, 3)]","[2, 3]","[(0, 1, 2), (0, 2, 3)]","[10, 10]",True,False,7,3,False
18,4,6,"(0, 1); (0, 2); (0, 3); (1, 2); (1, 3); (2, 3)",[],[],"[(0, 1), (0, 2), (0, 3), (1, 2), (1, 3), (2, 3)]","[3, 3, 3, 3, 3, 3]",[],[],True,False,11,1,False
19,5,0,,"[0, 1, 2, 3, 4]","[8, 8, 8, 8, 8]","[(0, 1), (0, 2), (0, 3), (0, 4), (1, 2), (1, 3), (1, 4), (2, 3), (2, 4), (3, 4)]","[4, 4, 4, 4, 4, 4, 4, 4, 4, 4]","[(0, 1, 2), (0, 1, 3), (0, 1, 4), (0, 2, 3), (0, 2, 4), (0, 3, 4), (1, 2, 3), (1, 2, 4), (1, 3, 4), (2, 3, 4)]","[23, 23, 23, 23, 23, 23, 23, 23, 23, 23]",False,False,12,4,False
20,5,1,"(3, 4)","[0, 1, 2]","[9, 9, 9]","[(0, 1), (0, 2), (1, 2), (3, 4)]","[5, 5, 5, 4]","[(0, 1, 2), (0, 3, 4), (1, 3, 4), (2, 3, 4)]","[32, 21, 21, 21]",False,False,13,6,False
21,5,2,"(0, 1); (1, 2)","[3, 4]","[10, 10]","[(0, 2), (3, 4)]","[4, 6]","[(0, 1, 2), (0, 2, 3), (0, 2, 4)]","[20, 33, 33]",False,False,13,6,False
22,5,2,"(0, 2); (3, 4)",[1],[11],"[(0, 2), (3, 4)]","[5, 5]","[(0, 1, 2), (1, 3, 4)]","[26, 26]",False,False,14,2,False
23,5,3,"(0, 1); (0, 2); (1, 2)","[3, 4]","[12, 12]","[(0, 1), (0, 2), (1, 2), (3, 4)]","[4, 4, 4, 7]","[(0, 1, 2), (0, 1, 3), (0, 1, 4), (0, 2, 3), (0, 2, 4), (1, 2, 3), (1, 2, 4)]","[19, 28, 28, 28, 28, 28, 28]",False,False,12,4,False
24,5,3,"(1, 3); (2, 3); (3, 4)",[0],[13],"[(1, 2), (1, 4), (2, 4)]","[5, 5, 5]","[(0, 1, 2), (0, 1, 4), (0, 2, 4)]","[41, 41, 41]",False,False,15,5,False
25,5,3,"(0, 4); (2, 3); (3, 4)",[1],[14],[],[],"[(0, 2, 3), (0, 2, 4)]","[27, 27]",False,False,16,4,False
26,5,3,"(0, 1); (1, 2); (3, 4)",[],[],"[(0, 2), (3, 4)]","[5, 6]","[(0, 1, 2)]",[22],False,False,14,2,False
27,5,4,"(1, 2); (1, 3); (2, 3); (3, 4)",[0],[15],"[(1, 2)]",[5],"[(0, 1, 2), (1, 3, 4), (2, 3, 4)]","[37, 25, 25]",False,False,16,4,False
28,5,4,"(0, 1); (0, 3); (1, 2); (2, 3)",[4],[16],"[(0, 2), (1, 3)]","[4, 4]","[(0, 1, 2), (0, 1, 3), (0, 2, 3), (0, 2, 4), (1, 2, 3), (1, 3, 4)]","[23, 23, 23, 46, 23, 46]",False,False,12,4,False
29,5,4,"(0, 4); (1, 4); (2, 4); (3, 4)",[],[],"[(0, 1), (0, 2), (0, 3), (1, 2), (1, 3), (2, 3)]","[6, 6, 6, 6, 6, 6]",[],[],True,False,17,1,False
30,5,4,"(0, 4); (1, 3); (2, 3); (3, 4)",[],[],"[(1, 2)]",[6],"[(0, 1, 4), (0, 2, 4)]","[35, 35]",True,False,18,3,False
31,5,4,"(0, 1); (0, 4); (1, 2); (2, 3)",[],[],[],[],"[(1, 3, 4)]",[47],True,True,19,4,False
32,5,4,"(0, 1); (0, 2); (1, 2); (3, 4)",[],[],"[(0, 1), (0, 2), (1, 2), (3, 4)]","[5, 5, 5, 7]","[(0, 1, 2)]",[20],False,False,13,6,False
33,5,5,"(0, 1); (0, 2); (0, 3); (1, 2); (2, 3)",[4],[17],"[(0, 2), (1, 3)]","[4, 5]","[(0, 1, 2), (0, 2, 3), (0, 2, 4), (1, 3, 4)]","[21, 21, 44, 49]",False,False,13,6,False
34,5,5,"(0, 4); (1, 4); (2, 3); (2, 4); (3, 4)",[],[],"[(0, 1), (2, 3)]","[7, 6]",[],[],True,False,20,1,False
35,5,5,"(0, 1); (0, 2); (0, 4); (1, 2); (2, 3)",[],[],[],[],"[(0, 1, 4), (1, 2, 3), (1, 3, 4)]","[30, 30, 50]",True,True,18,3,False
36,5,5,"(0, 4); (1, 2); (1, 3); (2, 3); (3, 4)",[],[],"[(1, 2)]",[6],"[(0, 1, 3), (0, 2, 3)]","[43, 43]",True,False,19,4,False
37,5,5,"(0, 1); (1, 3); (1, 4); (2, 3); (2, 4)",[],[],"[(3, 4)]",[5],"[(0, 1, 2), (2, 3, 4)]","[40, 27]",True,False,16,4,False
38,5,5,"(0, 1); (0, 4); (1, 2); (2, 3); (3, 4)",[],[],[],[],"[(0, 1, 3), (0, 2, 3), (0, 2, 4), (1, 2, 4), (1, 3, 4)]","[42, 42, 42, 42, 42]",True,True,21,2,False
39,5,6,"(0, 1); (0, 3); (0, 4); (1, 3); (1, 4); (3, 4)",[2],[18],"[(0, 1), (0, 3), (0, 4), (1, 3), (1, 4), (3, 4)]","[5, 5, 5, 5, 5, 5]","[(0, 1, 2), (0, 2, 3), (0, 2, 4), (1, 2, 3), (1, 2, 4), (2, 3, 4)]","[48, 48, 48, 48, 48, 48]",False,False,15,5,False
40,5,6,"(0, 1); (1, 2); (1, 3); (1, 4); (2, 3); (2, 4)",[],[],"[(3, 4)]",[6],"[(0, 1, 2)]",[37],True,False,16,4,False
41,5,6,"(0, 1); (1, 3); (1, 4); (2, 3); (2, 4); (3, 4)",[],[],"[(3, 4)]",[5],"[(0, 1, 2), (0, 2, 3), (0, 2, 4), (2, 3, 4)]","[45, 48, 48, 24]",True,False,15,5,False
42,5,6,"(0, 1); (0, 4); (1, 4); (2, 3); (2, 4); (3, 4)",[],[],"[(0, 1), (2, 3)]","[7, 7]","[(0, 2, 4), (0, 3, 4), (1, 2, 4), (1, 3, 4)]","[38, 38, 38, 38]",True,False,21,2,False
43,5,6,"(0, 1); (0, 3); (0, 4); (1, 2); (2, 3); (3, 4)",[],[],[],[],"[(0, 1, 3), (0, 2, 3), (1, 2, 4)]","[36, 36, 47]",True,True,19,4,False
44,5,6,"(0, 2); (0, 3); (0, 4); (1, 2); (1, 3); (1, 4)",[],[],"[(0, 1), (2, 3), (2, 4), (3, 4)]","[4, 6, 6, 6]","[(0, 1, 2), (0, 1, 3), (0, 1, 4)]","[33, 33, 33]",True,False,13,6,False
45,5,7,"(0, 4); (1, 2); (1, 3); (1, 4); (2, 3); (2, 4); (3, 4)",[],[],"[(1, 2), (1, 3), (2, 3)]","[6, 6, 6]","[(0, 1, 4), (0, 2, 4), (0, 3, 4)]","[41, 41, 41]",True,False,15,5,False
46,5,7,"(0, 3); (0, 4); (1, 3); (1, 4); (2, 3); (2, 4); (3, 4)",[],[],"[(0, 1), (0, 2), (1, 2), (3, 4)]","[7, 7, 7, 4]","[(0, 3, 4), (1, 3, 4), (2, 3, 4)]","[28, 28, 28]",True,False,12,4,False
47,5,7,"(0, 1); (0, 4); (1, 2); (1, 3); (1, 4); (2, 3); (3, 4)",[],[],[],[],"[(0, 1, 2), (1, 3, 4)]","[43, 31]",True,True,19,4,False
48,5,7,"(0, 2); (0, 3); (0, 4); (1, 2); (1, 3); (1, 4); (2, 4)",[],[],"[(0, 1), (2, 4)]","[5, 6]","[(0, 1, 3), (0, 2, 3), (0, 3, 4), (1, 2, 3), (1, 3, 4)]","[39, 41, 41, 41, 41]",True,False,15,5,False
49,5,8,"(0, 1); (0, 3); (0, 4); (1, 3); (1, 4); (2, 3); (2, 4); (3, 4)",[],[],"[(0, 1), (3, 4)]","[7, 5]","[(2, 3, 4)]",[33],True,False,13,6,False
50,5,8,"(0, 1); (0, 3); (0, 4); (1, 2); (1, 4); (2, 3); (2, 4); (3, 4)",[],[],"[(0, 2), (1, 3)]","[6, 6]","[(0, 1, 4), (0, 3, 4), (1, 2, 4), (2, 3, 4)]","[35, 35, 35, 35]",True,False,18,3,False
51,5,9,"(0, 1); (0, 3); (0, 4); (1, 2); (1, 3); (1, 4); (2, 3); (2, 4); (3, 4)",[],[],"[(0, 2), (1, 3), (1, 4), (3, 4)]","[7, 6, 6, 6]",[],[],True,False,22,1,False
52,5,10,"(0, 1); (0, 2); (0, 3); (0, 4); (1, 2); (1, 3); (1, 4); (2, 3); (2, 4); (3, 4)",[],[],"[(0, 1), (0, 2), (0, 3), (0, 4), (1, 2), (1, 3), (1, 4), (2, 3), (2, 4), (3, 4)]","[7, 7, 7, 7, 7, 7, 7, 7, 7, 7]",[],[],True,False,23,1,False
53,6,0,,"[0, 1, 2, 3, 4, 5]","[19, 19, 19, 19, 19, 19]","[(0, 1), (0, 2), (0, 3), (0, 4), (0, 5), (1, 2), (1, 3), (1, 4), (1, 5), (2, 3), (2, 4), (2, 5), (3, 4), (3, 5), (4, 5)]","[8, 8, 8, 8, 8, 8, 8, 8, 8, 8, 8, 8, 8, 8, 8]","[(0, 1, 2), (0, 1, 3), (0, 1, 4), (0, 1, 5), (0, 2, 3), (0, 2, 4), (0, 2, 5), (0, 3, 4), (0, 3, 5), (0, 4, 5), (1, 2, 3), (1, 2, 4), (1, 2, 5), (1, 3, 4), (1, 3, 5), (1, 4, 5), (2, 3, 4), (2, 3, 5), (2, 4, 5), (3, 4, 5)]","[57, 57, 57, 57, 57, 57, 57, 57, 57, 57, 57, 57, 57, 57, 57, 57, 57, 57, 57, 57]",False,False,24,9,False
54,6,1,"(4, 5)","[0, 1, 2, 3]","[20, 20, 20, 20]","[(0, 1), (0, 2), (0, 3), (1, 2), (1, 3), (2, 3), (4, 5)]","[9, 9, 9, 9, 9, 9, 8]","[(0, 1, 2), (0, 1, 3), (0, 2, 3), (0, 4, 5), (1, 2, 3), (1, 4, 5), (2, 4, 5), (3, 4, 5)]","[67, 67, 67, 56, 67, 56, 56, 56]",False,False,25,14,False
55,6,2,"(0, 3); (4, 5)","[1, 2]","[22, 22]","[(0, 3), (1, 2), (4, 5)]","[9, 11, 9]","[(0, 1, 3), (0, 2, 3), (1, 4, 5), (2, 4, 5)]","[60, 60, 60, 60]",False,False,26,4,False
56,6,2,"(1, 2); (1, 3)","[0, 4, 5]","[21, 21, 21]","[(0, 4), (0, 5), (2, 3), (4, 5)]","[10, 10, 8, 10]","[(0, 2, 3), (0, 4, 5), (1, 2, 3), (2, 3, 4), (2, 3, 5)]","[71, 84, 54, 71, 71]",False,False,25,14,False
57,6,3,"(1, 2); (1, 3); (2, 3)","[0, 4, 5]","[23, 23, 23]","[(0, 4), (0, 5), (1, 2), (1, 3), (2, 3), (4, 5)]","[12, 12, 8, 8, 8, 12]","[(0, 1, 2), (0, 1, 3), (0, 2, 3), (0, 4, 5), (1, 2, 3), (1, 2, 4), (1, 2, 5), (1, 3, 4), (1, 3, 5), (2, 3, 4), (2, 3, 5)]","[63, 63, 63, 106, 53, 63, 63, 63, 63, 63, 63]",False,False,24,9,False
58,6,3,"(0, 3); (0, 4); (0, 5)","[1, 2]","[24, 24]","[(1, 2), (3, 4), (3, 5), (4, 5)]","[13, 9, 9, 9]","[(1, 3, 4), (1, 3, 5), (1, 4, 5), (2, 3, 4), (2, 3, 5), (2, 4, 5)]","[88, 88, 88, 88, 88, 88]",False,False,27,12,False
59,6,3,"(0, 5); (3, 4); (4, 5)","[1, 2]","[25, 25]","[(1, 2)]",[14],"[(0, 3, 4), (0, 3, 5)]","[62, 62]",False,False,28,7,False
60,6,3,"(1, 5); (2, 5); (3, 4)",[0],[26],"[(1, 2), (3, 4)]","[9, 10]","[(0, 1, 2), (0, 3, 4), (1, 2, 5)]","[101, 70, 55]",False,False,26,4,False
61,6,3,"(0, 3); (1, 2); (4, 5)",[],[],"[(0, 3), (1, 2), (4, 5)]","[11, 11, 11]",[],[],False,False,29,1,False
62,6,4,"(0, 3); (0, 4); (0, 5); (4, 5)","[1, 2]","[27, 27]","[(1, 2), (4, 5)]","[15, 9]","[(0, 3, 4), (0, 3, 5), (1, 4, 5), (2, 4, 5)]","[59, 59, 75, 75]",False,False,28,7,False
63,6,4,"(0, 3); (0, 4); (3, 5); (4, 5)","[1, 2]","[28, 28]","[(0, 5), (1, 2), (3, 4)]","[8, 16, 8]","[(0, 1, 5), (0, 2, 5), (0, 3, 4), (0, 3, 5), (0, 4, 5), (1, 3, 4), (2, 3, 4), (3, 4, 5)]","[108, 108, 57, 57, 57, 108, 108, 57]",False,False,24,9,False
64,6,4,"(0, 5); (1, 5); (2, 5); (3, 5)",[4],[29],"[(0, 1), (0, 2), (0, 3), (1, 2), (1, 3), (2, 3)]","[10, 10, 10, 10, 10, 10]","[(0, 1, 4), (0, 2, 4), (0, 3, 4), (1, 2, 4), (1, 3, 4), (2, 3, 4)]","[114, 114, 114, 114, 114, 114]",False,False,27,12,False
65,6,4,"(0, 4); (1, 3); (2, 3); (3, 4)",[5],[30],"[(1, 2)]",[10],"[(0, 1, 4), (0, 2, 4), (1, 2, 5)]","[73, 73, 123]",False,False,30,10,False
66,6,4,"(0, 2); (1, 2); (1, 3); (3, 5)",[4],[31],[],[],"[(0, 1, 5)]",[109],False,False,31,6,False
67,6,4,"(0, 5); (1, 2); (1, 3); (2, 3)",[4],[32],"[(0, 5), (1, 2), (1, 3), (2, 3)]","[12, 9, 9, 9]","[(0, 4, 5), (1, 2, 3), (1, 2, 4), (1, 3, 4), (2, 3, 4)]","[84, 54, 85, 85, 85]",False,False,25,14,False
68,6,4,"(0, 3); (0, 4); (0, 5); (1, 2)",[],[],"[(1, 2), (3, 4), (3, 5), (4, 5)]","[13, 11, 11, 11]",[],[],False,False,32,1,False
69,6,4,"(0, 5); (1, 2); (3, 4); (4, 5)",[],[],"[(1, 2)]",[14],"[(0, 3, 4), (0, 3, 5)]","[82, 82]",False,False,33,2,False
70,6,4,"(0, 2); (0, 4); (1, 3); (3, 5)",[],[],"[(1, 5), (2, 4)]","[10, 10]","[(0, 2, 4), (1, 3, 5)]","[60, 60]",False,False,26,4,False
71,6,5,"(0, 3); (0, 4); (0, 5); (3, 5); (4, 5)","[1, 2]","[33, 33]","[(0, 5), (1, 2), (3, 4)]","[8, 17, 9]","[(0, 1, 5), (0, 2, 5), (0, 3, 5), (0, 4, 5), (1, 3, 4), (2, 3, 4)]","[91, 91, 56, 56, 131, 131]",False,False,25,14,False
72,6,5,"(1, 3); (2, 3); (3, 4); (3, 5); (4, 5)",[0],[34],"[(1, 2), (4, 5)]","[12, 10]","[(0, 1, 2), (0, 4, 5)]","[150, 96]",False,False,34,4,False
73,6,5,"(0, 4); (2, 3); (3, 4); (3, 5); (4, 5)",[1],[35],[],[],"[(0, 2, 5), (0, 4, 5), (2, 3, 5)]","[132, 65, 65]",False,False,30,10,False
74,6,5,"(0, 4); (1, 2); (1, 3); (2, 3); (3, 4)",[5],[36],"[(1, 2)]",[10],"[(0, 1, 3), (0, 2, 3), (1, 2, 5)]","[90, 90, 103]",False,False,31,6,False
75,6,5,"(0, 4); (1, 2); (1, 4); (2, 3); (3, 4)",[5],[37],"[(1, 3)]",[9],"[(0, 2, 4), (1, 2, 3), (1, 3, 5)]","[87, 62, 138]",False,False,28,7,False
76,6,5,"(0, 1); (0, 4); (1, 2); (2, 3); (3, 4)",[5],[38],[],[],"[(0, 1, 3), (0, 2, 3), (0, 2, 4), (1, 2, 4), (1, 3, 4)]","[89, 89, 89, 89, 89]",False,False,35,7,False
77,6,5,"(0, 5); (1, 5); (2, 5); (3, 5); (4, 5)",[],[],"[(0, 1), (0, 2), (0, 3), (0, 4), (1, 2), (1, 3), (1, 4), (2, 3), (2, 4), (3, 4)]","[13, 13, 13, 13, 13, 13, 13, 13, 13, 13]",[],[],True,False,36,1,False
78,6,5,"(0, 1); (1, 2); (1, 4); (1, 5); (2, 3)",[],[],"[(0, 4), (0, 5), (4, 5)]","[14, 14, 14]","[(0, 2, 3), (2, 3, 4), (2, 3, 5)]","[93, 93, 93]",True,False,37,5,False
79,6,5,"(0, 1); (0, 2); (0, 3); (3, 4); (3, 5)",[],[],"[(1, 2), (4, 5)]","[13, 13]",[],[],True,False,38,1,False
80,6,5,"(0, 1); (1, 2); (1, 3); (2, 4); (3, 5)",[],[],[],[],"[(0, 2, 4), (0, 3, 5)]","[97, 97]",True,True,39,5,True
81,6,5,"(0, 4); (0, 5); (1, 3); (2, 3); (3, 4)",[],[],"[(1, 2)]",[14],"[(1, 4, 5), (2, 4, 5)]","[139, 139]",True,False,40,7,False
82,6,5,"(0, 1); (1, 2); (1, 3); (2, 3); (4, 5)",[],[],"[(2, 3), (4, 5)]","[11, 15]","[(0, 1, 2), (0, 1, 3)]","[69, 69]",False,False,33,2,False
83,6,5,"(0, 1); (0, 5); (2, 3); (3, 4); (4, 5)",[],[],[],[],[],[],True,True,41,1,True
84,6,5,"(0, 3); (0, 4); (1, 5); (2, 5); (3, 4)",[],[],"[(0, 3), (0, 4), (1, 2), (3, 4)]","[10, 10, 12, 10]","[(0, 3, 4), (1, 2, 5)]","[56, 67]",False,False,25,14,False
85,6,5,"(0, 3); (0, 4); (1, 2); (3, 5); (4, 5)",[],[],"[(0, 5), (1, 2), (3, 4)]","[9, 16, 9]","[(0, 3, 4), (0, 3, 5), (0, 4, 5), (3, 4, 5)]","[67, 67, 67, 67]",False,False,25,14,False
86,6,6,"(0, 3); (0, 4); (0, 5); (3, 4); (3, 5); (4, 5)","[1, 2]","[39, 39]","[(0, 3), (0, 4), (0, 5), (1, 2), (3, 4), (3, 5), (4, 5)]","[9, 9, 9, 18, 9, 9, 9]","[(0, 1, 3), (0, 1, 4), (0, 1, 5), (0, 2, 3), (0, 2, 4), (0, 2, 5), (1, 3, 4), (1, 3, 5), (1, 4, 5), (2, 3, 4), (2, 3, 5), (2, 4, 5)]","[110, 110, 110, 110, 110, 110, 110, 110, 110, 110, 110, 110]",False,False,27,12,False
87,6,6,"(0, 4); (1, 3); (1, 4); (2, 3); (2, 4); (3, 4)",[5],[40],"[(1, 2)]",[10],"[(0, 3, 4), (1, 2, 5)]","[75, 157]",False,False,28,7,False
88,6,6,"(0, 4); (1, 2); (1, 3); (1, 4); (2, 3); (2, 4)",[5],[41],"[(1, 2)]",[9],"[(0, 1, 3), (0, 2, 3), (0, 3, 4), (1, 2, 3), (1, 2, 5)]","[110, 110, 107, 58, 125]",False,False,27,12,False
89,6,6,"(0, 2); (0, 4); (2, 4); (3, 4); (3, 5); (4, 5)",[1],[42],"[(0, 2), (3, 5)]","[12, 12]","[(0, 1, 2), (0, 3, 4), (0, 4, 5), (1, 3, 5), (2, 3, 4), (2, 4, 5)]","[126, 76, 76, 126, 76, 76]",False,False,35,7,False
90,6,6,"(0, 1); (0, 3); (0, 4); (1, 2); (2, 3); (3, 4)",[5],[43],[],[],"[(0, 1, 3), (0, 2, 3), (1, 2, 4)]","[74, 74, 109]",False,False,31,6,False
91,6,6,"(0, 1); (0, 2); (1, 3); (1, 4); (2, 3); (2, 4)",[5],[44],"[(0, 3), (0, 4), (1, 2), (3, 4)]","[10, 10, 8, 10]","[(0, 1, 2), (0, 3, 5), (0, 4, 5), (1, 2, 3), (1, 2, 4), (1, 2, 5), (3, 4, 5)]","[71, 168, 168, 71, 71, 161, 168]",False,False,25,14,False
92,6,6,"(0, 5); (1, 5); (2, 5); (3, 4); (3, 5); (4, 5)",[],[],"[(0, 1), (0, 2), (1, 2), (3, 4)]","[15, 15, 15, 13]",[],[],True,False,42,1,False
93,6,6,"(0, 3); (0, 4); (1, 4); (2, 4); (3, 4); (3, 5)",[],[],"[(1, 2)]",[15],"[(0, 1, 5), (0, 2, 5), (0, 3, 5)]","[159, 159, 78]",True,False,37,5,False
94,6,6,"(0, 4); (1, 5); (2, 3); (3, 4); (3, 5); (4, 5)",[],[],[],[],[],[],True,True,43,1,True
95,6,6,"(0, 4); (0, 5); (1, 2); (1, 4); (2, 4); (3, 4)",[],[],"[(1, 2)]",[14],"[(0, 3, 5)]",[119],True,False,44,3,False
96,6,6,"(0, 2); (0, 3); (0, 4); (0, 5); (1, 2); (1, 3)",[],[],"[(2, 3), (4, 5)]","[10, 16]","[(1, 2, 3)]",[72],True,False,34,4,False
97,6,6,"(0, 2); (1, 2); (1, 3); (1, 4); (2, 4); (3, 5)",[],[],[],[],"[(0, 2, 4), (1, 4, 5)]","[80, 122]",True,True,39,5,True
98,6,6,"(0, 2); (0, 3); (0, 4); (1, 2); (1, 3); (3, 5)",[],[],[],[],"[(0, 1, 4), (2, 3, 5)]","[113, 113]",True,True,45,5,False
99,6,6,"(0, 2); (1, 3); (2, 4); (2, 5); (3, 4); (3, 5)",[],[],"[(4, 5)]",[11],"[(0, 1, 4), (0, 1, 5)]","[171, 171]",True,False,30,10,False
100,6,6,"(0, 1); (0, 2); (0, 3); (3, 4); (3, 5); (4, 5)",[],[],"[(1, 2), (4, 5)]","[15, 13]","[(1, 3, 4), (1, 3, 5), (2, 3, 4), (2, 3, 5)]","[124, 124, 124, 124]",True,False,40,7,False
101,6,6,"(0, 3); (0, 4); (0, 5); (1, 2); (3, 5); (4, 5)",[],[],"[(0, 5), (1, 2), (3, 4)]","[9, 17, 11]","[(0, 3, 5), (0, 4, 5)]","[60, 60]",False,False,26,4,False
102,6,6,"(0, 4); (0, 5); (1, 2); (1, 3); (2, 3); (3, 4)",[],[],"[(1, 2)]",[14],[],[],True,False,46,1,False
103,6,6,"(0, 4); (0, 5); (1, 3); (1, 4); (2, 3); (2, 4)",[],[],"[(1, 2)]",[10],"[(1, 2, 3), (3, 4, 5)]","[74, 162]",True,False,31,6,False
104,6,6,"(0, 1); (0, 4); (1, 2); (1, 5); (2, 3); (3, 4)",[],[],[],[],"[(0, 2, 3), (0, 2, 4)]","[119, 119]",True,True,44,3,False
105,6,6,"(0, 1); (0, 5); (1, 2); (2, 3); (3, 4); (4, 5)",[],[],[],[],"[(0, 2, 4), (1, 3, 5)]","[163, 163]",True,True,35,7,False
106,6,6,"(0, 4); (0, 5); (1, 2); (1, 3); (2, 3); (4, 5)",[],[],"[(0, 4), (0, 5), (1, 2), (1, 3), (2, 3), (4, 5)]","[12, 12, 12, 12, 12, 12]","[(0, 4, 5), (1, 2, 3)]","[57, 57]",False,False,24,9,False
107,6,7,"(0, 1); (0, 2); (0, 3); (0, 5); (1, 2); (1, 3); (2, 3)",[4],[45],"[(1, 2), (1, 3), (2, 3)]","[10, 10, 10]","[(0, 1, 5), (0, 2, 5), (0, 3, 5), (1, 2, 4), (1, 3, 4), (2, 3, 4)]","[88, 88, 88, 140, 140, 140]",False,False,27,12,False
108,6,7,"(0, 1); (0, 2); (1, 2); (1, 3); (1, 4); (2, 3); (2, 4)",[5],[46],"[(0, 3), (0, 4), (1, 2), (3, 4)]","[12, 12, 8, 12]","[(0, 1, 2), (0, 3, 5), (0, 4, 5), (1, 2, 3), (1, 2, 4), (1, 2, 5), (3, 4, 5)]","[63, 181, 181, 63, 63, 146, 181]",False,False,24,9,False
109,6,7,"(0, 1); (0, 4); (1, 2); (1, 3); (1, 4); (2, 3); (3, 4)",[5],[47],[],[],"[(0, 1, 2), (1, 3, 4)]","[90, 66]",False,False,31,6,False
110,6,7,"(0, 1); (0, 2); (0, 3); (1, 3); (1, 5); (2, 3); (2, 5)",[4],[48],"[(0, 3), (1, 2)]","[10, 9]","[(0, 1, 5), (0, 2, 5), (0, 3, 4), (1, 2, 4), (1, 2, 5), (1, 3, 5), (2, 3, 5)]","[88, 88, 154, 179, 86, 88, 88]",False,False,27,12,False
111,6,7,"(0, 4); (1, 3); (1, 4); (2, 3); (2, 4); (3, 4); (4, 5)",[],[],"[(0, 5), (1, 2)]","[17, 13]",[],[],True,False,47,1,False
112,6,7,"(0, 1); (1, 2); (1, 4); (1, 5); (2, 3); (2, 4); (2, 5)",[],[],"[(4, 5)]",[14],"[(0, 3, 4), (0, 3, 5)]","[184, 184]",True,False,48,7,False
113,6,7,"(0, 2); (0, 3); (0, 4); (1, 2); (1, 3); (2, 3); (3, 5)",[],[],[],[],"[(0, 1, 4), (1, 2, 4), (2, 3, 5)]","[134, 141, 98]",True,True,45,5,False
114,6,7,"(0, 4); (1, 2); (1, 3); (1, 4); (2, 3); (2, 4); (4, 5)",[],[],"[(0, 5), (1, 2)]","[17, 10]","[(0, 1, 3), (0, 2, 3), (1, 2, 3), (1, 3, 5), (2, 3, 5)]","[140, 140, 64, 140, 140]",True,False,27,12,False
115,6,7,"(0, 1); (1, 4); (1, 5); (2, 3); (2, 4); (2, 5); (4, 5)",[],[],"[(4, 5)]",[11],[],[],True,False,49,1,False
116,6,7,"(0, 1); (0, 2); (0, 3); (1, 2); (1, 3); (2, 3); (4, 5)",[],[],"[(0, 1), (0, 2), (0, 3), (1, 2), (1, 3), (2, 3), (4, 5)]","[11, 11, 11, 11, 11, 11, 18]",[],[],False,False,50,1,False
117,6,7,"(0, 1); (0, 2); (0, 3); (0, 4); (0, 5); (2, 3); (4, 5)",[],[],"[(2, 3), (4, 5)]","[15, 15]",[],[],True,False,51,1,False
118,6,7,"(0, 1); (0, 4); (1, 2); (1, 4); (1, 5); (2, 3); (3, 4)",[],[],[],[],"[(0, 2, 3)]",[137],True,True,52,4,True
119,6,7,"(0, 1); (0, 2); (0, 3); (0, 4); (1, 4); (2, 3); (3, 5)",[],[],"[(1, 4)]",[15],"[(0, 1, 2), (0, 2, 4), (2, 3, 5)]","[104, 104, 95]",True,False,44,3,False
120,6,7,"(0, 4); (0, 5); (1, 3); (1, 4); (2, 3); (2, 4); (3, 4)",[],[],"[(1, 2)]",[14],"[(3, 4, 5)]",[149],True,False,53,2,False
121,6,7,"(0, 2); (1, 2); (1, 4); (2, 3); (2, 5); (3, 4); (4, 5)",[],[],"[(1, 3), (1, 5), (3, 5)]","[14, 14, 14]","[(0, 2, 4)]",[135],True,False,54,2,False
122,6,7,"(0, 1); (0, 3); (0, 4); (1, 2); (1, 5); (2, 3); (3, 4)",[],[],[],[],"[(0, 2, 3), (0, 4, 5)]","[97, 151]",True,True,39,5,True
123,6,7,"(0, 4); (0, 5); (1, 2); (1, 3); (1, 4); (2, 3); (2, 4)",[],[],"[(1, 2)]",[10],"[(1, 2, 3), (3, 4, 5)]","[65, 183]",True,False,30,10,False
124,6,7,"(0, 1); (0, 2); (0, 4); (1, 2); (1, 5); (2, 3); (3, 4)",[],[],[],[],"[(0, 2, 3), (0, 2, 4), (0, 3, 5), (2, 4, 5)]","[100, 100, 182, 182]",True,True,40,7,False
125,6,7,"(0, 2); (1, 2); (1, 3); (1, 4); (2, 5); (3, 5); (4, 5)",[],[],"[(1, 5), (3, 4)]","[9, 13]","[(0, 2, 3), (0, 2, 4), (1, 3, 5), (1, 4, 5)]","[140, 140, 88, 88]",True,False,27,12,False
126,6,7,"(0, 2); (0, 5); (1, 3); (1, 4); (2, 3); (3, 4); (3, 5)",[],[],"[(1, 4), (2, 5)]","[16, 12]","[(0, 1, 3), (0, 2, 5), (0, 3, 4)]","[145, 89, 145]",True,False,35,7,False
127,6,7,"(0, 2); (0, 5); (1, 2); (1, 3); (2, 3); (3, 4); (4, 5)",[],[],[],[],"[(0, 1, 4), (2, 3, 5)]","[184, 148]",True,True,48,7,False
128,6,7,"(0, 1); (0, 3); (0, 5); (1, 2); (2, 3); (3, 4); (4, 5)",[],[],[],[],[],[],True,True,55,1,True
129,6,7,"(0, 1); (0, 4); (0, 5); (1, 2); (2, 3); (3, 4); (3, 5)",[],[],"[(4, 5)]",[14],"[(0, 1, 3), (0, 2, 3), (1, 2, 4), (1, 2, 5)]","[144, 144, 148, 148]",True,False,48,7,False
130,6,7,"(0, 1); (0, 2); (0, 3); (1, 2); (3, 4); (3, 5); (4, 5)",[],[],"[(1, 2), (4, 5)]","[15, 15]",[],[],True,False,56,1,False
131,6,8,"(0, 1); (0, 2); (0, 3); (1, 2); (1, 3); (1, 5); (2, 3); (2, 5)",[4],[49],"[(0, 3), (1, 2)]","[12, 9]","[(0, 3, 4), (1, 2, 4), (1, 2, 5)]","[168, 170, 71]",False,False,25,14,False
132,6,8,"(0, 1); (0, 3); (0, 4); (1, 2); (1, 4); (2, 3); (2, 4); (3, 4)",[5],[50],"[(0, 2), (1, 3)]","[10, 10]","[(0, 1, 4), (0, 2, 5), (0, 3, 4), (1, 2, 4), (1, 3, 5), (2, 3, 4)]","[73, 192, 73, 73, 192, 73]",False,False,30,10,False
133,6,8,"(0, 1); (0, 2); (0, 3); (0, 4); (0, 5); (1, 2); (1, 3); (2, 3)",[],[],"[(1, 2), (1, 3), (2, 3), (4, 5)]","[13, 13, 13, 18]",[],[],True,False,57,1,False
134,6,8,"(0, 1); (0, 2); (0, 3); (0, 4); (1, 2); (1, 3); (2, 3); (3, 5)",[],[],"[(1, 2)]",[14],"[(0, 1, 4), (0, 2, 4), (1, 3, 5), (2, 3, 5)]","[113, 113, 113, 113]",True,False,45,5,False
135,6,8,"(0, 1); (0, 2); (1, 2); (1, 3); (1, 4); (2, 3); (2, 4); (2, 5)",[],[],"[(0, 3), (0, 4), (3, 4)]","[15, 15, 15]","[(1, 2, 5)]",[121],True,False,54,2,False
136,6,8,"(0, 1); (0, 4); (1, 2); (1, 3); (1, 4); (1, 5); (2, 3); (3, 4)",[],[],[],[],[],[],True,True,58,1,True
137,6,8,"(0, 1); (0, 4); (1, 2); (1, 3); (1, 4); (2, 3); (3, 4); (4, 5)",[],[],[],[],"[(0, 1, 2), (2, 3, 5)]","[118, 166]",True,True,52,4,True
138,6,8,"(0, 1); (0, 2); (0, 4); (1, 2); (1, 3); (1, 5); (2, 3); (2, 5)",[],[],"[(1, 2), (3, 5)]","[9, 15]","[(0, 3, 4), (0, 4, 5), (1, 2, 3), (1, 2, 5)]","[157, 157, 75, 75]",True,False,28,7,False
139,6,8,"(0, 1); (0, 4); (0, 5); (1, 2); (1, 3); (1, 4); (2, 3); (3, 4)",[],[],[],[],"[(1, 3, 4), (1, 3, 5), (2, 4, 5)]","[81, 173, 196]",True,True,40,7,False
140,6,8,"(0, 1); (0, 2); (0, 3); (0, 4); (1, 3); (1, 5); (2, 3); (2, 5)",[],[],"[(1, 2)]",[10],"[(0, 3, 4), (1, 2, 5), (1, 3, 5), (2, 3, 5), (3, 4, 5)]","[125, 107, 114, 114, 197]",True,False,27,12,False
141,6,8,"(0, 2); (1, 2); (1, 4); (2, 3); (2, 5); (3, 4); (3, 5); (4, 5)",[],[],"[(3, 5)]",[14],"[(0, 2, 4), (1, 3, 4), (1, 4, 5)]","[156, 113, 113]",True,False,45,5,False
142,6,8,"(0, 1); (0, 2); (0, 3); (0, 5); (1, 2); (1, 3); (2, 3); (4, 5)",[],[],"[(1, 2), (1, 3), (2, 3)]","[14, 14, 14]","[(0, 1, 4), (0, 2, 4), (0, 3, 4)]","[172, 172, 172]",True,False,59,6,False
143,6,8,"(0, 1); (0, 2); (0, 4); (1, 3); (1, 5); (2, 3); (2, 5); (3, 5)",[],[],"[(1, 2), (3, 5)]","[11, 13]",[],[],True,False,60,1,False
144,6,8,"(0, 4); (0, 5); (1, 3); (1, 4); (2, 3); (2, 4); (3, 4); (4, 5)",[],[],"[(0, 5), (1, 2)]","[17, 15]","[(0, 3, 4), (3, 4, 5)]","[129, 129]",True,False,48,7,False
145,6,8,"(0, 1); (0, 2); (0, 4); (0, 5); (1, 2); (2, 3); (2, 5); (3, 4)",[],[],"[(1, 5)]",[16],"[(0, 2, 3), (0, 2, 4), (1, 3, 4), (3, 4, 5)]","[126, 126, 163, 163]",True,False,35,7,False
146,6,8,"(0, 4); (0, 5); (1, 4); (1, 5); (2, 4); (2, 5); (3, 4); (3, 5)",[],[],"[(0, 1), (0, 2), (0, 3), (1, 2), (1, 3), (2, 3), (4, 5)]","[16, 16, 16, 16, 16, 16, 8]","[(0, 4, 5), (1, 4, 5), (2, 4, 5), (3, 4, 5)]","[108, 108, 108, 108]",True,False,24,9,False
147,6,8,"(0, 1); (0, 5); (1, 2); (2, 3); (2, 4); (2, 5); (3, 4); (4, 5)",[],[],[],[],"[(0, 2, 3)]",[166],True,True,52,4,True
148,6,8,"(0, 1); (0, 2); (0, 5); (1, 2); (1, 3); (1, 4); (3, 4); (4, 5)",[],[],[],[],"[(0, 1, 4), (1, 2, 3), (2, 3, 5)]","[127, 129, 198]",True,True,48,7,False
149,6,8,"(0, 1); (0, 3); (0, 4); (0, 5); (1, 2); (2, 3); (2, 5); (3, 4)",[],[],"[(1, 5)]",[15],"[(0, 2, 3)]",[120],True,False,53,2,False
150,6,8,"(0, 4); (0, 5); (1, 2); (1, 3); (1, 4); (2, 3); (2, 4); (4, 5)",[],[],"[(0, 5), (1, 2)]","[17, 12]","[(0, 3, 4), (1, 2, 3), (3, 4, 5)]","[169, 72, 169]",True,False,34,4,False
151,6,8,"(0, 1); (0, 4); (1, 2); (1, 5); (2, 3); (3, 4); (3, 5); (4, 5)",[],[],[],[],"[(0, 1, 3), (0, 4, 5), (1, 2, 4), (2, 3, 5)]","[164, 122, 164, 122]",True,True,39,5,True
152,6,8,"(0, 1); (0, 5); (1, 2); (1, 5); (2, 3); (2, 4); (3, 4); (4, 5)",[],[],[],[],"[(0, 2, 4), (1, 3, 5)]","[171, 171]",True,True,30,10,False
153,6,8,"(0, 1); (0, 4); (0, 5); (1, 2); (1, 5); (2, 3); (2, 5); (3, 4)",[],[],"[(1, 5)]",[14],"[(0, 1, 3), (0, 2, 3), (0, 2, 4), (0, 3, 5), (1, 2, 4), (2, 4, 5)]","[172, 165, 165, 172, 172, 172]",True,False,59,6,False
154,6,8,"(0, 1); (0, 5); (1, 2); (1, 4); (2, 3); (2, 5); (3, 4); (4, 5)",[],[],"[(1, 5), (2, 4)]","[10, 10]","[(0, 1, 5), (2, 3, 4)]","[110, 110]",True,False,27,12,False
155,6,9,"(0, 1); (0, 3); (0, 4); (1, 2); (1, 3); (1, 4); (2, 3); (2, 4); (3, 4)",[5],[51],"[(0, 2), (1, 3), (1, 4), (3, 4)]","[12, 10, 10, 10]","[(0, 2, 5), (1, 3, 5), (1, 4, 5), (3, 4, 5)]","[200, 186, 186, 186]",False,False,25,14,False
156,6,9,"(0, 1); (0, 2); (0, 3); (1, 2); (1, 3); (1, 5); (2, 3); (2, 4); (2, 5)",[],[],"[(0, 3)]",[15],"[(1, 2, 4)]",[141],True,False,45,5,False
157,6,9,"(0, 1); (0, 2); (0, 3); (0, 4); (1, 2); (1, 3); (1, 5); (2, 3); (2, 5)",[],[],"[(1, 2)]",[10],"[(0, 3, 4), (1, 2, 5), (3, 4, 5)]","[138, 87, 203]",True,False,28,7,False
158,6,9,"(0, 1); (0, 3); (0, 4); (1, 2); (1, 4); (2, 3); (2, 4); (3, 4); (4, 5)",[],[],"[(0, 2), (1, 3)]","[13, 13]",[],[],True,False,61,1,False
159,6,9,"(0, 2); (1, 2); (1, 3); (1, 4); (2, 3); (2, 5); (3, 4); (3, 5); (4, 5)",[],[],"[(1, 5)]",[14],"[(0, 2, 4), (0, 3, 4), (1, 3, 4), (3, 4, 5)]","[177, 189, 93, 93]",True,False,37,5,False
160,6,9,"(0, 1); (0, 2); (0, 3); (1, 2); (1, 3); (1, 5); (2, 3); (2, 5); (4, 5)",[],[],"[(0, 3), (1, 2)]","[15, 11]","[(0, 1, 4), (0, 2, 4), (1, 3, 4), (2, 3, 4)]","[188, 188, 188, 188]",True,False,59,6,False
161,6,9,"(0, 4); (0, 5); (1, 4); (1, 5); (2, 4); (2, 5); (3, 4); (3, 5); (4, 5)",[],[],"[(0, 1), (0, 2), (0, 3), (1, 2), (1, 3), (2, 3), (4, 5)]","[17, 17, 17, 17, 17, 17, 8]","[(0, 4, 5), (1, 4, 5), (2, 4, 5), (3, 4, 5)]","[91, 91, 91, 91]",True,False,25,14,False
162,6,9,"(0, 1); (0, 2); (0, 3); (0, 4); (0, 5); (1, 2); (2, 3); (2, 5); (3, 4)",[],[],"[(1, 5)]",[17],"[(0, 2, 3)]",[103],True,False,31,6,False
163,6,9,"(0, 1); (0, 2); (0, 4); (0, 5); (1, 2); (1, 3); (1, 4); (3, 4); (4, 5)",[],[],[],[],"[(0, 1, 4), (0, 2, 5), (1, 2, 3), (2, 3, 5), (3, 4, 5)]","[105, 145, 145, 204, 145]",True,True,35,7,False
164,6,9,"(0, 1); (0, 2); (0, 5); (1, 2); (1, 3); (1, 4); (1, 5); (3, 4); (4, 5)",[],[],[],[],"[(0, 1, 3), (1, 2, 4)]","[151, 151]",True,True,39,5,True
165,6,9,"(0, 1); (0, 2); (0, 3); (0, 4); (0, 5); (1, 2); (1, 3); (2, 3); (4, 5)",[],[],"[(1, 2), (1, 3), (2, 3), (4, 5)]","[15, 15, 15, 18]","[(0, 1, 4), (0, 1, 5), (0, 2, 4), (0, 2, 5), (0, 3, 4), (0, 3, 5)]","[153, 153, 153, 153, 153, 153]",True,False,59,6,False
166,6,9,"(0, 1); (0, 3); (0, 4); (0, 5); (1, 2); (1, 5); (2, 3); (3, 4); (3, 5)",[],[],[],[],"[(0, 2, 3), (1, 2, 5)]","[147, 137]",True,True,52,4,True
167,6,9,"(0, 2); (0, 3); (0, 4); (0, 5); (1, 2); (1, 3); (2, 3); (3, 4); (4, 5)",[],[],[],[],"[(0, 1, 5), (1, 3, 5)]","[185, 185]",True,True,62,3,False
168,6,9,"(0, 2); (0, 3); (0, 5); (1, 2); (1, 3); (2, 3); (2, 4); (3, 4); (4, 5)",[],[],"[(0, 4), (2, 3)]","[12, 10]","[(0, 4, 5), (1, 2, 3), (1, 2, 5), (1, 3, 5)]","[131, 91, 186, 186]",True,False,25,14,False
169,6,9,"(0, 1); (0, 2); (0, 4); (0, 5); (1, 2); (1, 5); (2, 3); (2, 5); (3, 4)",[],[],"[(1, 5)]",[16],"[(0, 2, 3), (0, 2, 4)]","[150, 150]",True,False,34,4,False
170,6,9,"(0, 2); (0, 4); (0, 5); (1, 4); (1, 5); (2, 4); (2, 5); (3, 4); (3, 5)",[],[],"[(0, 2), (1, 3), (4, 5)]","[16, 17, 9]","[(1, 4, 5), (3, 4, 5)]","[131, 131]",True,False,25,14,False
171,6,9,"(0, 1); (0, 4); (0, 5); (1, 2); (2, 3); (2, 5); (3, 4); (3, 5); (4, 5)",[],[],[],[],"[(0, 1, 3), (0, 2, 5), (1, 2, 4), (1, 3, 4), (3, 4, 5)]","[183, 152, 183, 190, 99]",True,True,30,10,False
172,6,9,"(0, 1); (0, 3); (0, 4); (0, 5); (1, 2); (1, 5); (2, 3); (2, 5); (3, 4)",[],[],"[(1, 5)]",[15],"[(0, 1, 3), (0, 2, 3), (0, 3, 5), (1, 2, 4), (2, 4, 5)]","[153, 142, 153, 188, 188]",True,False,59,6,False
173,6,9,"(0, 1); (0, 3); (0, 5); (1, 2); (2, 3); (2, 4); (2, 5); (3, 4); (4, 5)",[],[],"[(3, 5)]",[14],"[(0, 1, 4), (0, 2, 3), (0, 2, 5)]","[182, 139, 139]",True,False,40,7,False
174,6,9,"(0, 1); (0, 2); (0, 3); (1, 4); (1, 5); (2, 3); (2, 5); (3, 4); (4, 5)",[],[],[],[],[],[],True,True,63,1,True
175,6,9,"(0, 1); (0, 3); (0, 5); (1, 2); (1, 4); (2, 3); (2, 5); (3, 4); (4, 5)",[],[],"[(0, 2), (0, 4), (1, 3), (1, 5), (2, 4), (3, 5)]","[13, 13, 13, 13, 13, 13]",[],[],True,False,64,1,False
176,6,10,"(0, 1); (0, 2); (0, 3); (0, 4); (1, 2); (1, 3); (1, 4); (2, 3); (2, 4); (3, 4)",[5],[52],"[(0, 1), (0, 2), (0, 3), (0, 4), (1, 2), (1, 3), (1, 4), (2, 3), (2, 4), (3, 4)]","[12, 12, 12, 12, 12, 12, 12, 12, 12, 12]","[(0, 1, 5), (0, 2, 5), (0, 3, 5), (0, 4, 5), (1, 2, 5), (1, 3, 5), (1, 4, 5), (2, 3, 5), (2, 4, 5), (3, 4, 5)]","[194, 194, 194, 194, 194, 194, 194, 194, 194, 194]",False,False,24,9,False
177,6,10,"(0, 1); (0, 3); (0, 4); (1, 2); (1, 3); (1, 4); (2, 3); (2, 4); (3, 4); (4, 5)",[],[],"[(0, 2), (1, 3)]","[15, 13]","[(1, 4, 5), (3, 4, 5)]","[159, 159]",True,False,37,5,False
178,6,10,"(0, 1); (0, 3); (0, 4); (0, 5); (1, 2); (1, 3); (1, 4); (2, 3); (2, 4); (3, 4)",[],[],"[(1, 3), (1, 4), (3, 4)]","[14, 14, 14]","[(0, 2, 5), (1, 2, 5), (2, 3, 5), (2, 4, 5)]","[191, 199, 199, 199]",True,False,65,3,False
179,6,10,"(0, 1); (0, 4); (0, 5); (1, 4); (1, 5); (2, 4); (2, 5); (3, 4); (3, 5); (4, 5)",[],[],"[(0, 1), (2, 3), (4, 5)]","[17, 18, 9]","[(2, 4, 5), (3, 4, 5)]","[110, 110]",True,False,27,12,False
180,6,10,"(0, 1); (0, 4); (1, 2); (1, 3); (1, 4); (1, 5); (2, 3); (3, 4); (3, 5); (4, 5)",[],[],[],[],[],[],True,True,66,1,True
181,6,10,"(0, 2); (0, 3); (0, 4); (0, 5); (1, 2); (1, 3); (2, 3); (2, 4); (3, 4); (4, 5)",[],[],"[(0, 4), (2, 3)]","[12, 12]","[(0, 1, 5), (0, 4, 5), (1, 2, 3), (1, 2, 5), (1, 3, 5), (1, 4, 5)]","[194, 108, 108, 194, 194, 194]",True,False,24,9,False
182,6,10,"(0, 2); (0, 3); (0, 5); (1, 2); (1, 3); (2, 3); (2, 4); (2, 5); (3, 4); (4, 5)",[],[],"[(0, 4)]",[15],"[(0, 2, 3), (1, 2, 5), (2, 3, 4)]","[124, 173, 124]",True,False,40,7,False
183,6,10,"(0, 1); (0, 4); (0, 5); (1, 2); (1, 3); (1, 4); (1, 5); (2, 3); (3, 4); (4, 5)",[],[],"[(0, 5)]",[17],"[(0, 1, 2), (1, 2, 5), (1, 3, 4)]","[171, 171, 123]",True,False,30,10,False
184,6,10,"(0, 1); (0, 3); (0, 4); (0, 5); (1, 2); (1, 5); (2, 3); (2, 5); (3, 4); (3, 5)",[],[],[],[],"[(0, 3, 5), (1, 2, 4), (1, 2, 5)]","[127, 198, 112]",True,True,48,7,False
185,6,10,"(0, 1); (0, 2); (0, 4); (0, 5); (1, 2); (1, 4); (1, 5); (2, 3); (2, 5); (3, 4)",[],[],"[(0, 1)]",[14],"[(0, 2, 3), (1, 2, 3), (3, 4, 5)]","[167, 167, 193]",True,False,62,3,False
186,6,10,"(0, 1); (0, 2); (1, 3); (1, 4); (1, 5); (2, 3); (2, 4); (2, 5); (3, 5); (4, 5)",[],[],"[(1, 2), (3, 4)]","[10, 16]","[(0, 1, 2), (0, 1, 5), (0, 2, 5)]","[155, 168, 168]",True,False,25,14,False
187,6,10,"(0, 1); (0, 4); (0, 5); (1, 2); (1, 5); (2, 3); (2, 5); (3, 4); (3, 5); (4, 5)",[],[],[],[],[],[],True,True,67,1,True
188,6,10,"(0, 1); (0, 2); (0, 5); (1, 2); (1, 3); (1, 5); (2, 3); (2, 4); (3, 4); (4, 5)",[],[],[],[],"[(0, 2, 4), (1, 3, 5), (1, 4, 5), (2, 4, 5)]","[172, 172, 160, 160]",True,True,59,6,False
189,6,10,"(0, 2); (0, 3); (0, 5); (1, 2); (1, 3); (1, 5); (2, 3); (2, 4); (3, 4); (4, 5)",[],[],"[(0, 1), (0, 4), (1, 4), (2, 3)]","[15, 15, 15, 13]","[(0, 2, 5), (0, 3, 5), (1, 2, 5), (1, 3, 5), (2, 4, 5), (3, 4, 5)]","[159, 159, 159, 159, 159, 159]",True,False,37,5,False
190,6,10,"(0, 1); (0, 2); (0, 5); (1, 2); (1, 3); (1, 4); (2, 5); (3, 4); (3, 5); (4, 5)",[],[],"[(0, 2), (1, 5), (3, 4)]","[17, 11, 17]","[(0, 1, 3), (0, 1, 4), (0, 3, 5), (0, 4, 5), (1, 2, 3), (1, 2, 4), (2, 3, 5), (2, 4, 5)]","[171, 171, 171, 171, 171, 171, 171, 171]",True,False,30,10,False
191,6,11,"(0, 1); (0, 2); (0, 3); (0, 4); (1, 2); (1, 3); (1, 4); (1, 5); (2, 3); (2, 4); (3, 4)",[],[],"[(0, 2), (0, 3), (0, 4), (2, 3), (2, 4), (3, 4)]","[15, 15, 15, 15, 15, 15]","[(0, 1, 5), (1, 2, 5), (1, 3, 5), (1, 4, 5)]","[178, 178, 178, 178]",True,False,65,3,False
192,6,11,"(0, 1); (0, 2); (0, 3); (1, 2); (1, 3); (1, 4); (1, 5); (2, 3); (2, 4); (2, 5); (3, 5)",[],[],"[(0, 5), (1, 2)]","[17, 10]","[(1, 2, 4)]",[132],True,False,30,10,False
193,6,11,"(0, 1); (0, 3); (0, 4); (0, 5); (1, 2); (1, 3); (1, 4); (2, 3); (2, 4); (3, 4); (4, 5)",[],[],"[(1, 3)]",[15],"[(2, 4, 5)]",[185],True,False,62,3,False
194,6,11,"(0, 1); (0, 2); (0, 3); (0, 4); (1, 2); (1, 3); (1, 4); (2, 3); (2, 4); (3, 5); (4, 5)",[],[],"[(0, 1), (0, 2), (1, 2), (3, 4)]","[16, 16, 16, 12]","[(0, 3, 5), (0, 4, 5), (1, 3, 5), (1, 4, 5), (2, 3, 5), (2, 4, 5), (3, 4, 5)]","[181, 181, 181, 181, 181, 181, 176]",True,False,24,9,False
195,6,11,"(0, 1); (0, 2); (0, 5); (1, 2); (1, 3); (1, 4); (1, 5); (2, 5); (3, 4); (3, 5); (4, 5)",[],[],"[(0, 2), (1, 5), (3, 4)]","[18, 11, 18]",[],[],True,False,68,1,False
196,6,11,"(0, 2); (0, 4); (0, 5); (1, 3); (1, 4); (1, 5); (2, 3); (2, 4); (2, 5); (3, 4); (4, 5)",[],[],[],[],"[(1, 4, 5), (2, 3, 4)]","[139, 139]",True,True,40,7,False
197,6,11,"(0, 1); (0, 2); (0, 3); (0, 5); (1, 2); (1, 3); (1, 4); (1, 5); (2, 4); (3, 4); (4, 5)",[],[],"[(0, 4), (2, 3), (2, 5), (3, 5)]","[13, 17, 17, 17]","[(0, 1, 2), (0, 1, 3), (0, 1, 5), (1, 2, 4), (1, 3, 4), (1, 4, 5)]","[140, 140, 140, 140, 140, 140]",True,False,27,12,False
198,6,11,"(0, 1); (0, 2); (0, 4); (0, 5); (1, 4); (1, 5); (2, 3); (2, 4); (2, 5); (3, 4); (3, 5)",[],[],"[(4, 5)]",[14],"[(0, 2, 4), (0, 2, 5), (1, 3, 4), (1, 3, 5)]","[148, 148, 184, 184]",True,False,48,7,False
199,6,11,"(0, 1); (0, 3); (0, 5); (1, 2); (1, 4); (1, 5); (2, 3); (2, 4); (2, 5); (3, 4); (4, 5)",[],[],"[(1, 5), (2, 4)]","[15, 15]","[(0, 1, 3), (0, 2, 3), (0, 3, 4), (0, 3, 5)]","[178, 178, 178, 178]",True,False,65,3,False
200,6,12,"(0, 1); (0, 2); (0, 3); (0, 4); (1, 2); (1, 3); (1, 4); (2, 3); (2, 4); (3, 4); (3, 5); (4, 5)",[],[],"[(0, 1), (0, 2), (1, 2), (3, 4)]","[17, 17, 17, 12]","[(3, 4, 5)]",[155],True,False,25,14,False
201,6,12,"(0, 1); (0, 2); (0, 3); (0, 4); (0, 5); (1, 2); (1, 3); (1, 4); (1, 5); (2, 3); (2, 4); (2, 5)",[],[],"[(0, 1), (0, 2), (1, 2), (3, 4), (3, 5), (4, 5)]","[13, 13, 13, 18, 18, 18]",[],[],True,False,69,1,False
202,6,12,"(0, 1); (0, 2); (0, 4); (0, 5); (1, 4); (1, 5); (2, 3); (2, 4); (2, 5); (3, 4); (3, 5); (4, 5)",[],[],"[(4, 5)]",[14],[],[],True,False,70,1,False
203,6,12,"(0, 1); (0, 2); (0, 3); (0, 5); (1, 2); (1, 3); (1, 4); (1, 5); (2, 3); (2, 4); (3, 4); (4, 5)",[],[],"[(0, 4), (2, 3)]","[15, 17]","[(0, 1, 5), (1, 4, 5)]","[157, 157]",True,False,28,7,False
204,6,12,"(0, 1); (0, 2); (0, 4); (0, 5); (1, 2); (1, 3); (1, 5); (2, 3); (2, 4); (3, 4); (3, 5); (4, 5)",[],[],"[(0, 3), (1, 4), (2, 5)]","[16, 16, 16]","[(0, 1, 2), (0, 1, 5), (0, 2, 4), (0, 4, 5), (1, 2, 3), (1, 3, 5), (2, 3, 4), (3, 4, 5)]","[163, 163, 163, 163, 163, 163, 163, 163]",True,False,35,7,False
205,6,13,"(0, 1); (0, 2); (0, 3); (0, 4); (0, 5); (1, 2); (1, 3); (1, 4); (1, 5); (2, 3); (2, 4); (3, 4); (4, 5)",[],[],"[(0, 1), (0, 4), (1, 4), (2, 3)]","[15, 15, 15, 18]",[],[],True,False,71,1,False
206,6,13,"(0, 1); (0, 2); (0, 3); (0, 4); (0, 5); (1, 2); (1, 3); (1, 5); (2, 3); (2, 4); (3, 4); (3, 5); (4, 5)",[],[],"[(0, 3), (1, 4), (2, 5)]","[16, 17, 17]",[],[],True,False,72,1,False
207,6,14,"(0, 1); (0, 2); (0, 4); (0, 5); (1, 2); (1, 3); (1, 4); (1, 5); (2, 3); (2, 4); (2, 5); (3, 4); (3, 5); (4, 5)",[],[],"[(0, 3), (1, 2), (1, 4), (1, 5), (2, 4), (2, 5), (4, 5)]","[18, 17, 17, 17, 17, 17, 17]",[],[],True,False,73,1,False
208,6,15,"(0, 1); (0, 2); (0, 3); (0, 4); (0, 5); (1, 2); (1, 3); (1, 4); (1, 5); (2, 3); (2, 4); (2, 5); (3, 4); (3, 5); (4, 5)",[],[],"[(0, 1), (0, 2), (0, 3), (0, 4), (0, 5), (1, 2), (1, 3), (1, 4), (1, 5), (2, 3), (2, 4), (2, 5), (3, 4), (3, 5), (4, 5)]","[18, 18, 18, 18, 18, 18, 18, 18, 18, 18, 18, 18, 18, 18, 18]",[],[],True,False,74,1,False
209,7,0,,"[0, 1, 2, 3, 4, 5, 6]","[53, 53, 53, 53, 53, 53, 53]","[(0, 1), (0, 2), (0, 3), (0, 4), (0, 5), (0, 6), (1, 2), (1, 3), (1, 4), (1, 5), (1, 6), (2, 3), (2, 4), (2, 5), (2, 6), (3, 4), (3, 5), (3, 6), (4, 5), (4, 6), (5, 6)]","[19, 19, 19, 19, 19, 19, 19, 19, 19, 19, 19, 19, 19, 19, 19, 19, 19, 19, 19, 19, 19]","[(0, 1, 2), (0, 1, 3), (0, 1, 4), (0, 1, 5), (0, 1, 6), (0, 2, 3), (0, 2, 4), (0, 2, 5), (0, 2, 6), (0, 3, 4), (0, 3, 5), (0, 3, 6), (0, 4, 5), (0, 4, 6), (0, 5, 6), (1, 2, 3), (1, 2, 4), (1, 2, 5), (1, 2, 6), (1, 3, 4), (1, 3, 5), (1, 3, 6), (1, 4, 5), (1, 4, 6), (1, 5, 6), (2, 3, 4), (2, 3, 5), (2, 3, 6), (2, 4, 5), (2, 4, 6), (2, 5, 6), (3, 4, 5), (3, 4, 6), (3, 5, 6), (4, 5, 6)]","[213, 213, 213, 213, 213, 213, 213, 213, 213, 213, 213, 213, 213, 213, 213, 213, 213, 213, 213, 213, 213, 213, 213, 213, 213, 213, 213, 213, 213, 213, 213, 213, 213, 213, 213]",False,False,75,15,False
210,7,1,"(5, 6)","[0, 1, 2, 3, 4]","[54, 54, 54, 54, 54]","[(0, 1), (0, 2), (0, 3), (0, 4), (1, 2), (1, 3), (1, 4), (2, 3), (2, 4), (3, 4), (5, 6)]","[20, 20, 20, 20, 20, 20, 20, 20, 20, 20, 19]","[(0, 1, 2), (0, 1, 3), (0, 1, 4), (0, 2, 3), (0, 2, 4), (0, 3, 4), (0, 5, 6), (1, 2, 3), (1, 2, 4), (1, 3, 4), (1, 5, 6), (2, 3, 4), (2, 5, 6), (3, 5, 6), (4, 5, 6)]","[223, 223, 223, 223, 223, 223, 211, 223, 223, 223, 211, 223, 211, 211, 211]",False,False,76,26,False
211,7,2,"(1, 2); (2, 3)","[0, 4, 5, 6]","[56, 56, 56, 56]","[(0, 4), (0, 5), (0, 6), (1, 3), (4, 5), (4, 6), (5, 6)]","[21, 21, 21, 19, 21, 21, 21]","[(0, 1, 3), (0, 4, 5), (0, 4, 6), (0, 5, 6), (1, 2, 3), (1, 3, 4), (1, 3, 5), (1, 3, 6), (4, 5, 6)]","[228, 241, 241, 241, 210, 228, 228, 228, 241]",False,False,76,26,False
212,7,2,"(0, 6); (4, 5)","[1, 2, 3]","[55, 55, 55]","[(0, 6), (1, 2), (1, 3), (2, 3), (4, 5)]","[20, 22, 22, 22, 20]","[(0, 1, 6), (0, 2, 6), (0, 3, 6), (1, 2, 3), (1, 4, 5), (2, 4, 5), (3, 4, 5)]","[216, 216, 216, 248, 216, 216, 216]",False,False,77,8,False
213,7,3,"(0, 2); (0, 4); (2, 4)","[1, 3, 5, 6]","[57, 57, 57, 57]","[(0, 2), (0, 4), (1, 3), (1, 5), (1, 6), (2, 4), (3, 5), (3, 6), (5, 6)]","[19, 19, 23, 23, 23, 19, 23, 23, 23]","[(0, 1, 2), (0, 1, 4), (0, 2, 3), (0, 2, 4), (0, 2, 5), (0, 2, 6), (0, 3, 4), (0, 4, 5), (0, 4, 6), (1, 2, 4), (1, 3, 5), (1, 3, 6), (1, 5, 6), (2, 3, 4), (2, 4, 5), (2, 4, 6), (3, 5, 6)]","[219, 219, 219, 209, 219, 219, 219, 219, 219, 219, 269, 269, 269, 219, 219, 219, 269]",False,False,75,15,False
214,7,3,"(0, 1); (0, 5); (0, 6)","[2, 3, 4]","[58, 58, 58]","[(1, 5), (1, 6), (2, 3), (2, 4), (3, 4), (5, 6)]","[20, 20, 24, 24, 24, 20]","[(1, 2, 5), (1, 2, 6), (1, 3, 5), (1, 3, 6), (1, 4, 5), (1, 4, 6), (2, 3, 4), (2, 5, 6), (3, 5, 6), (4, 5, 6)]","[251, 251, 251, 251, 251, 251, 285, 251, 251, 251]",False,False,78,36,False
215,7,3,"(0, 6); (4, 5); (5, 6)","[1, 2, 3]","[59, 59, 59]","[(1, 2), (1, 3), (2, 3)]","[25, 25, 25]","[(0, 4, 5), (0, 4, 6), (1, 2, 3)]","[218, 218, 287]",False,False,79,15,False
216,7,3,"(1, 2); (2, 3); (5, 6)","[0, 4]","[60, 60]","[(0, 4), (1, 3), (5, 6)]","[26, 20, 21]","[(0, 1, 3), (0, 5, 6), (1, 2, 3), (1, 3, 4), (4, 5, 6)]","[264, 226, 212, 264, 226]",False,False,77,8,False
217,7,3,"(0, 4); (1, 3); (5, 6)",[2],[61],"[(0, 4), (1, 3), (5, 6)]","[22, 22, 22]","[(0, 2, 4), (1, 2, 3), (2, 5, 6)]","[227, 227, 227]",False,False,80,2,False
218,7,4,"(1, 2); (2, 5); (2, 6); (5, 6)","[0, 3, 4]","[62, 62, 62]","[(0, 3), (0, 4), (3, 4), (5, 6)]","[27, 27, 27, 20]","[(0, 3, 4), (0, 5, 6), (1, 2, 5), (1, 2, 6), (3, 5, 6), (4, 5, 6)]","[352, 232, 215, 215, 232, 232]",False,False,79,15,False
219,7,4,"(1, 2); (1, 4); (2, 5); (4, 5)","[0, 3, 6]","[63, 63, 63]","[(0, 3), (0, 6), (1, 5), (2, 4), (3, 6)]","[28, 28, 19, 19, 28]","[(0, 1, 5), (0, 2, 4), (0, 3, 6), (1, 2, 4), (1, 2, 5), (1, 3, 5), (1, 4, 5), (1, 5, 6), (2, 3, 4), (2, 4, 5), (2, 4, 6)]","[291, 291, 354, 213, 213, 291, 213, 291, 291, 213, 291]",False,False,75,15,False
220,7,4,"(0, 1); (1, 2); (1, 4); (1, 5)","[3, 6]","[64, 64]","[(0, 2), (0, 4), (0, 5), (2, 4), (2, 5), (3, 6), (4, 5)]","[21, 21, 21, 21, 21, 29, 21]","[(0, 2, 3), (0, 2, 6), (0, 3, 4), (0, 3, 5), (0, 4, 6), (0, 5, 6), (2, 3, 4), (2, 3, 5), (2, 4, 6), (2, 5, 6), (3, 4, 5), (4, 5, 6)]","[297, 297, 297, 297, 297, 297, 297, 297, 297, 297, 297, 297]",False,False,78,36,False
221,7,4,"(0, 1); (1, 2); (2, 5); (2, 6)","[3, 4]","[65, 65]","[(3, 4), (5, 6)]","[30, 21]","[(0, 1, 5), (0, 1, 6), (3, 5, 6), (4, 5, 6)]","[230, 230, 307, 307]",False,False,81,32,False
222,7,4,"(0, 1); (1, 2); (2, 3); (3, 4)","[5, 6]","[66, 66]","[(5, 6)]",[31],"[(0, 2, 4)]",[292],False,False,82,10,False
223,7,4,"(0, 2); (0, 4); (2, 4); (5, 6)","[1, 3]","[67, 67]","[(0, 2), (0, 4), (1, 3), (2, 4), (5, 6)]","[20, 20, 32, 20, 23]","[(0, 1, 2), (0, 1, 4), (0, 2, 3), (0, 2, 4), (0, 3, 4), (1, 2, 4), (1, 5, 6), (2, 3, 4), (3, 5, 6)]","[242, 242, 242, 210, 242, 242, 241, 242, 241]",False,False,76,26,False
224,7,4,"(0, 1); (0, 5); (0, 6); (2, 4)",[3],[68],"[(1, 5), (1, 6), (2, 4), (5, 6)]","[22, 22, 24, 22]","[(1, 3, 5), (1, 3, 6), (2, 3, 4), (3, 5, 6)]","[330, 330, 245, 330]",False,False,83,7,False
225,7,4,"(0, 6); (1, 3); (4, 5); (5, 6)",[2],[69],"[(1, 3)]",[25],"[(0, 4, 5), (0, 4, 6), (1, 2, 3)]","[239, 239, 247]",False,False,84,6,False
226,7,4,"(0, 3); (0, 4); (2, 5); (2, 6)",[1],[70],"[(3, 4), (5, 6)]","[21, 21]","[(0, 3, 4), (1, 3, 4), (1, 5, 6), (2, 5, 6)]","[216, 346, 346, 216]",False,False,77,8,False
227,7,4,"(0, 6); (1, 2); (2, 3); (4, 5)",[],[],"[(0, 6), (1, 3), (4, 5)]","[26, 22, 26]","[(1, 2, 3)]",[217],False,False,80,2,False
228,7,5,"(0, 1); (0, 3); (0, 4); (1, 3); (1, 4)","[2, 5, 6]","[71, 71, 71]","[(0, 1), (2, 5), (2, 6), (3, 4), (5, 6)]","[19, 33, 33, 20, 33]","[(0, 1, 2), (0, 1, 3), (0, 1, 4), (0, 1, 5), (0, 1, 6), (2, 3, 4), (2, 5, 6), (3, 4, 5), (3, 4, 6)]","[254, 211, 211, 254, 254, 355, 451, 355, 355]",False,False,76,26,False
229,7,5,"(2, 3); (2, 4); (2, 5); (2, 6); (5, 6)","[0, 1]","[72, 72]","[(0, 1), (3, 4), (5, 6)]","[34, 23, 21]","[(0, 3, 4), (0, 5, 6), (1, 3, 4), (1, 5, 6)]","[374, 259, 374, 259]",False,False,85,10,False
230,7,5,"(0, 2); (0, 4); (0, 6); (2, 4); (4, 5)","[1, 3]","[73, 73]","[(1, 3)]",[35],"[(0, 2, 6), (2, 4, 5), (2, 5, 6)]","[221, 221, 356]",False,False,81,32,False
231,7,5,"(0, 1); (1, 2); (2, 5); (2, 6); (5, 6)","[3, 4]","[74, 74]","[(3, 4), (5, 6)]","[36, 21]","[(0, 2, 5), (0, 2, 6), (3, 5, 6), (4, 5, 6)]","[253, 253, 266, 266]",False,False,82,10,False
232,7,5,"(0, 3); (0, 4); (1, 2); (1, 3); (1, 4)","[5, 6]","[75, 75]","[(3, 4), (5, 6)]","[20, 37]","[(0, 1, 2), (0, 3, 4), (3, 4, 5), (3, 4, 6)]","[250, 218, 362, 362]",False,False,79,15,False
233,7,5,"(0, 1); (0, 4); (1, 2); (2, 3); (3, 4)","[5, 6]","[76, 76]","[(5, 6)]",[38],"[(0, 1, 3), (0, 2, 3), (0, 2, 4), (1, 2, 4), (1, 3, 4)]","[252, 252, 252, 252, 252]",False,False,86,21,False
234,7,5,"(0, 5); (1, 5); (2, 5); (3, 5); (4, 5)",[6],[77],"[(0, 1), (0, 2), (0, 3), (0, 4), (1, 2), (1, 3), (1, 4), (2, 3), (2, 4), (3, 4)]","[24, 24, 24, 24, 24, 24, 24, 24, 24, 24]","[(0, 1, 6), (0, 2, 6), (0, 3, 6), (0, 4, 6), (1, 2, 6), (1, 3, 6), (1, 4, 6), (2, 3, 6), (2, 4, 6), (3, 4, 6)]","[382, 382, 382, 382, 382, 382, 382, 382, 382, 382]",False,False,87,11,False
235,7,5,"(0, 1); (1, 2); (1, 5); (1, 6); (2, 3)",[4],[78],"[(0, 5), (0, 6), (5, 6)]","[25, 25, 25]","[(0, 2, 3), (0, 4, 5), (0, 4, 6), (2, 3, 5), (2, 3, 6), (4, 5, 6)]","[256, 403, 403, 256, 256, 403]",False,False,88,48,False
236,7,5,"(1, 2); (1, 4); (1, 5); (2, 3); (2, 6)",[0],[79],"[(3, 6), (4, 5)]","[24, 24]","[(0, 3, 6), (0, 4, 5)]","[415, 415]",False,False,89,9,False
237,7,5,"(1, 2); (1, 5); (1, 6); (2, 3); (3, 4)",[0],[81],"[(5, 6)]",[25],"[(0, 5, 6), (2, 4, 5), (2, 4, 6)]","[435, 363, 363]",False,False,90,18,False
238,7,5,"(1, 2); (2, 3); (3, 4); (3, 6); (4, 5)",[0],[80],[],[],"[(1, 2, 6), (4, 5, 6)]","[260, 260]",False,False,91,5,False
239,7,5,"(1, 2); (2, 5); (2, 6); (3, 4); (5, 6)",[0],[82],"[(3, 4), (5, 6)]","[27, 22]","[(0, 3, 4), (0, 5, 6), (1, 2, 5), (1, 2, 6)]","[282, 281, 225, 225]",False,False,84,6,False
240,7,5,"(0, 1); (0, 6); (3, 4); (4, 5); (5, 6)",[2],[83],[],[],[],[],False,False,92,1,False
241,7,5,"(0, 3); (0, 4); (2, 5); (2, 6); (5, 6)",[1],[84],"[(2, 5), (2, 6), (3, 4), (5, 6)]","[21, 21, 23, 21]","[(0, 3, 4), (1, 2, 5), (1, 2, 6), (1, 3, 4), (1, 5, 6), (2, 5, 6)]","[223, 288, 288, 451, 288, 211]",False,False,76,26,False
242,7,5,"(1, 4); (2, 3); (2, 5); (3, 6); (5, 6)",[0],[85],"[(1, 4), (2, 6), (3, 5)]","[28, 20, 20]","[(0, 1, 4), (0, 2, 6), (0, 3, 5), (2, 3, 5), (2, 3, 6), (2, 5, 6), (3, 5, 6)]","[288, 397, 397, 223, 223, 223, 223]",False,False,76,26,False
243,7,5,"(0, 1); (1, 2); (1, 3); (1, 4); (5, 6)",[],[],"[(0, 2), (0, 3), (0, 4), (2, 3), (2, 4), (3, 4), (5, 6)]","[26, 26, 26, 26, 26, 26, 29]",[],[],False,False,93,1,False
244,7,5,"(0, 1); (0, 3); (0, 4); (1, 2); (5, 6)",[],[],"[(3, 4), (5, 6)]","[26, 30]","[(1, 2, 3), (1, 2, 4)]","[277, 277]",False,False,94,3,False
245,7,5,"(0, 3); (0, 4); (1, 2); (2, 5); (2, 6)",[],[],"[(1, 5), (1, 6), (3, 4), (5, 6)]","[26, 26, 24, 26]","[(0, 3, 4)]",[224],False,False,83,7,False
246,7,5,"(0, 1); (1, 2); (2, 3); (3, 4); (5, 6)",[],[],"[(5, 6)]",[31],"[(0, 2, 4)]",[407],False,False,95,4,False
247,7,5,"(0, 6); (1, 2); (2, 3); (4, 5); (5, 6)",[],[],"[(1, 3)]",[25],"[(0, 4, 5), (0, 4, 6), (1, 2, 3)]","[282, 282, 225]",False,False,84,6,False
248,7,5,"(0, 1); (2, 3); (4, 5); (4, 6); (5, 6)",[],[],"[(0, 1), (2, 3), (4, 5), (4, 6), (5, 6)]","[32, 32, 22, 22, 22]","[(4, 5, 6)]",[212],False,False,77,8,False
249,7,6,"(1, 2); (1, 5); (1, 6); (2, 5); (2, 6); (5, 6)","[0, 3, 4]","[86, 86, 86]","[(0, 3), (0, 4), (1, 2), (1, 5), (1, 6), (2, 5), (2, 6), (3, 4), (5, 6)]","[39, 39, 20, 20, 20, 20, 20, 39, 20]","[(0, 1, 2), (0, 1, 5), (0, 1, 6), (0, 2, 5), (0, 2, 6), (0, 3, 4), (0, 5, 6), (1, 2, 3), (1, 2, 4), (1, 3, 5), (1, 3, 6), (1, 4, 5), (1, 4, 6), (2, 3, 5), (2, 3, 6), (2, 4, 5), (2, 4, 6), (3, 5, 6), (4, 5, 6)]","[293, 293, 293, 293, 293, 582, 293, 293, 293, 293, 293, 293, 293, 293, 293, 293, 293, 293, 293]",False,False,78,36,False
250,7,6,"(0, 1); (1, 2); (1, 3); (1, 4); (2, 3); (2, 4)","[5, 6]","[87, 87]","[(3, 4), (5, 6)]","[21, 40]","[(0, 1, 2), (3, 4, 5), (3, 4, 6)]","[232, 454, 454]",False,False,79,15,False
251,7,6,"(0, 3); (0, 4); (1, 2); (1, 3); (1, 4); (3, 4)","[5, 6]","[88, 88]","[(3, 4), (5, 6)]","[20, 41]","[(0, 1, 2), (0, 2, 3), (0, 2, 4), (0, 3, 4), (3, 4, 5), (3, 4, 6)]","[290, 293, 293, 214, 308, 308]",False,False,78,36,False
252,7,6,"(2, 3); (2, 4); (2, 5); (2, 6); (3, 6); (4, 5)","[0, 1]","[89, 89]","[(0, 1), (3, 6), (4, 5)]","[42, 23, 23]","[(0, 3, 6), (0, 4, 5), (1, 3, 6), (1, 4, 5), (2, 3, 4), (2, 3, 5), (2, 4, 6), (2, 5, 6)]","[309, 309, 309, 309, 233, 233, 233, 233]",False,False,86,21,False
253,7,6,"(0, 1); (0, 4); (1, 2); (1, 4); (2, 5); (4, 5)","[3, 6]","[90, 90]","[(3, 6)]",[43],"[(0, 2, 5), (1, 2, 4), (1, 4, 5)]","[292, 231, 231]",False,False,82,10,False
254,7,6,"(0, 2); (0, 5); (1, 2); (1, 5); (2, 4); (4, 5)","[3, 6]","[91, 91]","[(0, 1), (0, 4), (1, 4), (2, 5), (3, 6)]","[21, 21, 21, 19, 44]","[(0, 1, 3), (0, 1, 6), (0, 2, 5), (0, 3, 4), (0, 4, 6), (1, 2, 5), (1, 3, 4), (1, 4, 6), (2, 3, 5), (2, 4, 5), (2, 5, 6)]","[465, 465, 228, 465, 465, 228, 465, 465, 458, 228, 458]",False,False,76,26,False
255,7,6,"(1, 2); (2, 3); (2, 4); (2, 5); (2, 6); (5, 6)",[0],[92],"[(1, 3), (1, 4), (3, 4), (5, 6)]","[27, 27, 27, 24]","[(0, 1, 3), (0, 1, 4), (0, 3, 4), (0, 5, 6)]","[514, 514, 514, 319]",False,False,88,48,False
256,7,6,"(1, 2); (1, 3); (1, 4); (2, 3); (2, 5); (2, 6)",[0],[93],"[(5, 6)]",[27],"[(0, 5, 6), (1, 3, 4), (3, 4, 5), (3, 4, 6)]","[536, 235, 456, 456]",False,False,88,48,False
257,7,6,"(0, 1); (1, 5); (1, 6); (3, 6); (4, 5); (5, 6)",[2],[94],[],[],[],[],False,False,96,1,False
258,7,6,"(0, 3); (1, 3); (1, 4); (1, 5); (1, 6); (5, 6)",[2],[95],"[(5, 6)]",[25],"[(0, 3, 4), (2, 5, 6)]","[302, 332]",False,False,97,6,False
259,7,6,"(0, 3); (0, 4); (2, 3); (2, 4); (2, 5); (2, 6)",[1],[96],"[(3, 4), (5, 6)]","[21, 28]","[(0, 3, 4), (1, 3, 4), (1, 5, 6)]","[229, 483, 568]",False,False,85,10,False
260,7,6,"(1, 2); (1, 3); (1, 4); (2, 3); (2, 5); (5, 6)",[0],[97],[],[],"[(1, 3, 4), (2, 3, 6)]","[238, 305]",False,False,91,5,False
261,7,6,"(1, 2); (2, 3); (2, 5); (3, 6); (4, 5); (5, 6)",[0],[98],[],[],"[(1, 2, 6), (3, 4, 5)]","[296, 296]",False,False,98,10,False
262,7,6,"(1, 2); (1, 3); (1, 4); (2, 5); (2, 6); (5, 6)",[0],[100],"[(3, 4), (5, 6)]","[27, 24]","[(0, 3, 4), (0, 5, 6), (2, 3, 5), (2, 3, 6), (2, 4, 5), (2, 4, 6)]","[576, 344, 306, 306, 306, 306]",False,False,90,18,False
263,7,6,"(0, 3); (0, 4); (2, 3); (2, 4); (3, 6); (4, 5)",[1],[99],"[(0, 2)]",[22],"[(0, 1, 2), (0, 5, 6), (2, 5, 6)]","[494, 468, 468]",False,False,81,32,False
264,7,6,"(0, 1); (0, 3); (0, 4); (1, 3); (1, 4); (5, 6)",[2],[101],"[(0, 1), (3, 4), (5, 6)]","[20, 22, 33]","[(0, 1, 2), (0, 1, 3), (0, 1, 4), (2, 3, 4), (2, 5, 6)]","[347, 216, 216, 496, 346]",False,False,77,8,False
265,7,6,"(1, 3); (1, 4); (2, 3); (2, 5); (2, 6); (5, 6)",[0],[102],"[(5, 6)]",[25],"[(0, 5, 6)]",[350],False,False,99,2,False
266,7,6,"(1, 2); (1, 4); (2, 5); (3, 6); (4, 5); (5, 6)",[0],[103],"[(2, 4)]",[21],"[(0, 2, 4), (1, 2, 4), (1, 3, 5)]","[524, 231, 459]",False,False,82,10,False
267,7,6,"(0, 1); (1, 3); (1, 4); (3, 6); (4, 5); (5, 6)",[2],[104],[],[],"[(3, 4, 5), (3, 4, 6)]","[302, 302]",False,False,97,6,False
268,7,6,"(0, 1); (0, 5); (1, 2); (2, 3); (3, 4); (4, 5)",[6],[105],[],[],"[(0, 2, 4), (1, 3, 5)]","[460, 460]",False,False,86,21,False
269,7,6,"(0, 3); (0, 4); (2, 5); (2, 6); (3, 4); (5, 6)",[1],[106],"[(0, 3), (0, 4), (2, 5), (2, 6), (3, 4), (5, 6)]","[23, 23, 23, 23, 23, 23]","[(0, 1, 3), (0, 1, 4), (0, 3, 4), (1, 2, 5), (1, 2, 6), (1, 3, 4), (1, 5, 6), (2, 5, 6)]","[354, 354, 213, 354, 354, 354, 354, 213]",False,False,75,15,False
270,7,6,"(0, 6); (1, 6); (2, 6); (3, 6); (4, 6); (5, 6)",[],[],"[(0, 1), (0, 2), (0, 3), (0, 4), (0, 5), (1, 2), (1, 3), (1, 4), (1, 5), (2, 3), (2, 4), (2, 5), (3, 4), (3, 5), (4, 5)]","[29, 29, 29, 29, 29, 29, 29, 29, 29, 29, 29, 29, 29, 29, 29]",[],[],True,False,100,1,False
271,7,6,"(0, 1); (1, 2); (2, 3); (2, 4); (2, 5); (2, 6)",[],[],"[(3, 4), (3, 5), (3, 6), (4, 5), (4, 6), (5, 6)]","[30, 30, 30, 30, 30, 30]","[(0, 1, 3), (0, 1, 4), (0, 1, 5), (0, 1, 6)]","[315, 315, 315, 315]",True,False,101,6,False
272,7,6,"(0, 1); (1, 2); (1, 3); (1, 4); (2, 5); (2, 6)",[],[],"[(0, 3), (0, 4), (3, 4), (5, 6)]","[30, 30, 30, 29]",[],[],True,False,102,1,False
273,7,6,"(0, 1); (1, 2); (1, 3); (1, 4); (3, 6); (4, 5)",[],[],"[(0, 2)]",[31],"[(0, 3, 6), (0, 4, 5), (2, 3, 6), (2, 4, 5)]","[320, 320, 320, 320]",True,False,103,15,False
274,7,6,"(0, 1); (1, 2); (1, 3); (1, 4); (2, 5); (5, 6)",[],[],"[(0, 3), (0, 4), (3, 4)]","[31, 31, 31]","[(0, 2, 6), (2, 3, 6), (2, 4, 6)]","[492, 492, 492]",True,False,104,20,False
275,7,6,"(0, 1); (2, 3); (2, 4); (2, 5); (2, 6); (5, 6)",[],[],"[(0, 1), (3, 4), (5, 6)]","[34, 32, 26]",[],[],False,False,105,1,False
276,7,6,"(0, 4); (1, 2); (1, 3); (1, 4); (2, 5); (2, 6)",[],[],"[(5, 6)]",[30],"[(0, 3, 4)]",[329],True,False,106,5,False
277,7,6,"(0, 1); (0, 2); (0, 4); (1, 2); (2, 3); (5, 6)",[],[],"[(5, 6)]",[35],"[(0, 1, 4), (1, 2, 3), (1, 3, 4)]","[244, 244, 502]",False,False,94,3,False
278,7,6,"(0, 1); (0, 3); (0, 4); (1, 2); (2, 5); (2, 6)",[],[],"[(3, 4), (5, 6)]","[30, 30]","[(1, 3, 5), (1, 3, 6), (1, 4, 5), (1, 4, 6)]","[497, 497, 497, 497]",True,False,107,4,False
279,7,6,"(0, 1); (1, 3); (1, 4); (2, 6); (3, 6); (4, 5)",[],[],[],[],"[(0, 2, 3), (0, 4, 5)]","[526, 336]",True,True,108,3,True
280,7,6,"(0, 3); (1, 3); (1, 4); (2, 4); (2, 5); (2, 6)",[],[],"[(5, 6)]",[31],[],[],True,False,109,1,False
281,7,6,"(0, 3); (0, 4); (1, 2); (2, 3); (2, 4); (5, 6)",[],[],"[(3, 4), (5, 6)]","[22, 37]","[(0, 1, 2), (0, 3, 4)]","[323, 239]",False,False,84,6,False
282,7,6,"(0, 3); (0, 4); (1, 2); (2, 5); (2, 6); (5, 6)",[],[],"[(3, 4), (5, 6)]","[27, 26]","[(0, 3, 4), (1, 2, 5), (1, 2, 6)]","[239, 247, 247]",False,False,84,6,False
283,7,6,"(0, 1); (1, 2); (2, 5); (2, 6); (3, 4); (5, 6)",[],[],"[(3, 4), (5, 6)]","[36, 26]","[(0, 2, 5), (0, 2, 6)]","[345, 345]",False,False,95,4,False
284,7,6,"(0, 1); (0, 3); (0, 4); (1, 2); (3, 6); (4, 5)",[],[],[],[],[],[],True,True,110,1,True
285,7,6,"(0, 1); (1, 3); (1, 4); (2, 5); (2, 6); (5, 6)",[],[],"[(0, 3), (0, 4), (2, 5), (2, 6), (3, 4), (5, 6)]","[32, 32, 24, 24, 32, 24]","[(2, 5, 6)]",[214],False,False,78,36,False
286,7,6,"(0, 1); (0, 6); (1, 2); (2, 3); (3, 4); (4, 5)",[],[],[],[],[],[],True,True,111,1,True
287,7,6,"(0, 1); (1, 2); (2, 3); (4, 5); (4, 6); (5, 6)",[],[],"[(4, 5), (4, 6), (5, 6)]","[25, 25, 25]","[(0, 1, 3), (0, 2, 3), (4, 5, 6)]","[352, 352, 215]",False,False,79,15,False
288,7,6,"(0, 1); (0, 4); (2, 3); (2, 5); (3, 6); (5, 6)",[],[],"[(1, 4), (2, 6), (3, 5)]","[28, 21, 21]","[(0, 1, 4), (2, 3, 5), (2, 3, 6), (2, 5, 6), (3, 5, 6)]","[242, 241, 241, 241, 241]",False,False,76,26,False
289,7,6,"(0, 1); (0, 4); (1, 2); (2, 3); (3, 4); (5, 6)",[],[],"[(5, 6)]",[38],"[(0, 1, 3), (0, 2, 3), (0, 2, 4), (1, 2, 4), (1, 3, 4)]","[335, 335, 335, 335, 335]",False,False,112,2,False
290,7,7,"(0, 1); (1, 2); (1, 3); (1, 4); (2, 3); (2, 4); (3, 4)","[5, 6]","[107, 107]","[(2, 3), (2, 4), (3, 4), (5, 6)]","[21, 21, 21, 45]","[(0, 1, 2), (0, 1, 3), (0, 1, 4), (2, 3, 5), (2, 3, 6), (2, 4, 5), (2, 4, 6), (3, 4, 5), (3, 4, 6)]","[251, 251, 251, 364, 364, 364, 364, 364, 364]",False,False,78,36,False
291,7,7,"(0, 2); (0, 5); (1, 2); (1, 5); (2, 4); (2, 5); (4, 5)","[3, 6]","[108, 108]","[(0, 1), (0, 4), (1, 4), (2, 5), (3, 6)]","[23, 23, 23, 19, 46]","[(0, 1, 3), (0, 1, 6), (0, 2, 5), (0, 3, 4), (0, 4, 6), (1, 2, 5), (1, 3, 4), (1, 4, 6), (2, 3, 5), (2, 4, 5), (2, 5, 6)]","[588, 588, 219, 588, 588, 219, 588, 588, 370, 219, 370]",False,False,75,15,False
292,7,7,"(0, 1); (0, 4); (1, 2); (1, 3); (1, 4); (2, 3); (3, 4)","[5, 6]","[109, 109]","[(5, 6)]",[47],"[(0, 1, 2), (1, 3, 4)]","[253, 222]",False,False,82,10,False
293,7,7,"(0, 1); (0, 2); (0, 5); (1, 2); (1, 5); (2, 4); (4, 5)","[3, 6]","[110, 110]","[(0, 1), (2, 5), (3, 6)]","[21, 20, 48]","[(0, 1, 3), (0, 1, 6), (0, 2, 4), (0, 4, 5), (1, 2, 4), (1, 4, 5), (2, 3, 5), (2, 4, 5), (2, 5, 6)]","[378, 378, 251, 251, 251, 251, 586, 249, 586]",False,False,78,36,False
294,7,7,"(0, 2); (0, 3); (0, 4); (2, 3); (2, 4); (2, 5); (2, 6)",[1],[111],"[(3, 4), (5, 6)]","[24, 33]","[(1, 3, 4), (1, 5, 6)]","[601, 688]",False,False,113,7,False
295,7,7,"(0, 1); (1, 2); (1, 3); (1, 4); (2, 3); (2, 4); (2, 6)",[5],[112],"[(3, 4)]",[25],"[(0, 3, 6), (0, 4, 6), (3, 4, 5)]","[592, 592, 602]",False,False,114,13,False
296,7,7,"(0, 1); (1, 3); (1, 4); (2, 3); (2, 4); (3, 4); (3, 6)",[5],[113],[],[],"[(0, 1, 2), (0, 2, 4), (3, 4, 6)]","[358, 365, 261]",False,False,98,10,False
297,7,7,"(0, 3); (0, 4); (2, 3); (2, 4); (2, 5); (2, 6); (3, 4)",[1],[114],"[(3, 4), (5, 6)]","[21, 33]","[(0, 3, 4), (0, 3, 5), (0, 3, 6), (0, 4, 5), (0, 4, 6), (1, 3, 4), (1, 5, 6)]","[220, 364, 364, 364, 364, 411, 724]",False,False,78,36,False
298,7,7,"(0, 1); (0, 3); (0, 4); (1, 3); (1, 4); (3, 6); (4, 5)",[2],[115],"[(0, 1)]",[22],"[(0, 1, 2)]",[416],False,False,115,3,False
299,7,7,"(0, 1); (0, 3); (0, 4); (1, 3); (1, 4); (3, 4); (5, 6)",[2],[116],"[(0, 1), (0, 3), (0, 4), (1, 3), (1, 4), (3, 4), (5, 6)]","[22, 22, 22, 22, 22, 22, 39]","[(0, 1, 2), (0, 2, 3), (0, 2, 4), (1, 2, 3), (1, 2, 4), (2, 3, 4), (2, 5, 6)]","[417, 417, 417, 417, 417, 417, 418]",False,False,83,7,False
300,7,7,"(1, 2); (2, 3); (2, 4); (2, 5); (2, 6); (3, 6); (4, 5)",[0],[117],"[(3, 6), (4, 5)]","[27, 27]","[(0, 3, 6), (0, 4, 5)]","[419, 419]",False,False,116,2,False
301,7,7,"(0, 1); (0, 2); (0, 4); (1, 2); (2, 3); (2, 5); (3, 4)",[6],[118],[],[],"[(1, 3, 4)]",[361],False,False,117,4,False
302,7,7,"(1, 3); (2, 3); (2, 4); (2, 5); (2, 6); (3, 6); (4, 5)",[0],[119],"[(4, 5)]",[27],"[(0, 4, 5), (1, 3, 6), (2, 4, 6), (2, 5, 6)]","[425, 258, 267, 267]",False,False,97,6,False
303,7,7,"(0, 2); (0, 6); (1, 2); (1, 3); (1, 4); (2, 3); (2, 4)",[5],[120],"[(3, 4)]",[25],"[(1, 2, 6), (3, 4, 5)]","[373, 636]",False,False,118,13,False
304,7,7,"(0, 2); (0, 5); (1, 2); (1, 5); (2, 4); (3, 5); (4, 5)",[6],[121],"[(0, 1), (0, 4), (1, 4)]","[25, 25, 25]","[(0, 1, 6), (0, 4, 6), (1, 4, 6), (2, 3, 5)]","[635, 635, 635, 359]",False,False,119,12,False
305,7,7,"(0, 1); (0, 2); (0, 4); (1, 2); (2, 3); (3, 4); (3, 5)",[6],[122],[],[],"[(0, 2, 4), (1, 2, 5)]","[260, 375]",False,False,91,5,False
306,7,7,"(0, 1); (0, 2); (0, 4); (1, 2); (1, 5); (2, 3); (3, 4)",[6],[124],[],[],"[(0, 2, 3), (0, 2, 4), (0, 3, 5), (2, 4, 5)]","[262, 262, 590, 590]",False,False,90,18,False
307,7,7,"(1, 6); (2, 3); (2, 4); (2, 5); (3, 4); (3, 5); (4, 6)",[0],[123],"[(2, 3)]",[21],"[(0, 2, 3), (1, 4, 5), (2, 3, 5)]","[442, 589, 221]",False,False,81,32,False
308,7,7,"(0, 2); (0, 3); (0, 5); (1, 2); (1, 5); (2, 4); (4, 5)",[6],[125],"[(1, 4), (2, 5)]","[24, 20]","[(0, 1, 3), (0, 3, 4), (1, 2, 5), (1, 4, 6), (2, 4, 5), (2, 5, 6)]","[364, 364, 251, 661, 251, 615]",False,False,78,36,False
309,7,7,"(1, 2); (1, 3); (1, 4); (1, 5); (2, 6); (3, 4); (5, 6)",[0],[126],"[(2, 5), (3, 4)]","[23, 28]","[(0, 2, 5), (0, 3, 4), (1, 3, 6), (1, 4, 6), (2, 5, 6)]","[681, 444, 369, 369, 252]",False,False,86,21,False
310,7,7,"(0, 1); (0, 4); (1, 2); (1, 4); (2, 3); (3, 5); (4, 5)",[6],[127],[],[],"[(0, 2, 5), (1, 3, 4)]","[592, 372]",False,False,114,13,False
311,7,7,"(1, 2); (1, 5); (2, 3); (2, 4); (3, 6); (4, 5); (5, 6)",[0],[129],"[(1, 4)]",[25],"[(0, 1, 4), (1, 3, 6), (2, 3, 5), (2, 5, 6), (3, 4, 6)]","[703, 372, 368, 368, 372]",False,False,114,13,False
312,7,7,"(1, 2); (1, 4); (2, 3); (2, 5); (3, 6); (4, 5); (5, 6)",[0],[128],[],[],[],[],False,False,120,1,False
313,7,7,"(1, 2); (1, 3); (1, 4); (2, 5); (2, 6); (3, 4); (5, 6)",[0],[130],"[(3, 4), (5, 6)]","[27, 27]","[(0, 3, 4), (0, 5, 6)]","[447, 447]",False,False,121,2,False
314,7,7,"(0, 1); (0, 2); (0, 3); (0, 4); (0, 5); (0, 6); (3, 6)",[],[],"[(1, 2), (1, 4), (1, 5), (2, 4), (2, 5), (3, 6), (4, 5)]","[34, 34, 34, 34, 34, 29, 34]",[],[],True,False,122,1,False
315,7,7,"(0, 4); (1, 2); (1, 3); (1, 4); (1, 5); (1, 6); (3, 4)",[],[],"[(2, 5), (2, 6), (5, 6)]","[35, 35, 35]","[(0, 2, 3), (0, 3, 4), (0, 3, 5), (0, 3, 6)]","[606, 271, 606, 606]",True,False,101,6,False
316,7,7,"(0, 5); (0, 6); (1, 5); (2, 5); (3, 6); (4, 6); (5, 6)",[],[],"[(1, 2), (3, 4)]","[34, 34]","[(0, 1, 3), (0, 1, 4), (0, 2, 3), (0, 2, 4)]","[607, 607, 607, 607]",True,False,123,8,False
317,7,7,"(0, 1); (0, 3); (0, 4); (0, 6); (1, 2); (1, 4); (4, 5)",[],[],"[(3, 6)]",[35],[],[],True,False,124,1,False
318,7,7,"(0, 1); (1, 2); (2, 3); (2, 4); (2, 5); (2, 6); (5, 6)",[],[],"[(3, 4), (5, 6)]","[36, 30]","[(0, 1, 3), (0, 1, 4)]","[389, 389]",True,False,125,4,False
319,7,7,"(0, 3); (0, 4); (1, 2); (1, 3); (1, 4); (1, 5); (1, 6)",[],[],"[(2, 5), (2, 6), (3, 4), (5, 6)]","[37, 37, 24, 37]","[(0, 3, 4)]",[255],True,False,88,48,False
320,7,7,"(0, 1); (0, 4); (1, 2); (1, 4); (1, 6); (2, 3); (4, 5)",[],[],[],[],"[(0, 4, 5), (0, 5, 6), (2, 3, 6)]","[273, 654, 404]",True,True,103,15,False
321,7,7,"(0, 1); (0, 4); (1, 2); (1, 4); (2, 3); (4, 5); (4, 6)",[],[],"[(5, 6)]",[36],"[(0, 1, 3)]",[406],True,False,103,15,False
322,7,7,"(0, 5); (1, 2); (2, 3); (2, 5); (3, 6); (4, 5); (5, 6)",[],[],"[(0, 4)]",[37],"[(1, 2, 6)]",[384],True,False,126,9,False
323,7,7,"(0, 1); (0, 3); (0, 4); (1, 2); (1, 3); (1, 4); (5, 6)",[],[],"[(3, 4), (5, 6)]","[26, 40]","[(0, 1, 2)]",[281],False,False,84,6,False
324,7,7,"(0, 1); (1, 2); (1, 3); (2, 4); (2, 5); (2, 6); (5, 6)",[],[],"[(0, 3), (5, 6)]","[34, 30]",[],[],True,False,127,1,False
325,7,7,"(0, 1); (1, 3); (1, 4); (2, 3); (2, 4); (2, 5); (2, 6)",[],[],"[(3, 4), (5, 6)]","[26, 37]","[(0, 3, 5), (0, 3, 6), (0, 4, 5), (0, 4, 6)]","[650, 650, 650, 650]",True,False,88,48,False
326,7,7,"(0, 1); (1, 2); (1, 3); (1, 4); (2, 5); (2, 6); (5, 6)",[],[],"[(0, 3), (0, 4), (3, 4), (5, 6)]","[36, 36, 36, 29]","[(0, 2, 5), (0, 2, 6), (2, 3, 5), (2, 3, 6), (2, 4, 5), (2, 4, 6)]","[410, 410, 410, 410, 410, 410]",True,False,104,20,False
327,7,7,"(0, 3); (0, 4); (1, 2); (1, 3); (1, 4); (3, 6); (4, 5)",[],[],[],[],"[(0, 1, 2), (0, 5, 6)]","[385, 663]",True,True,128,4,True
328,7,7,"(0, 1); (1, 2); (2, 5); (2, 6); (3, 6); (4, 5); (5, 6)",[],[],[],[],[],[],True,True,129,1,True
329,7,7,"(0, 1); (0, 3); (0, 4); (1, 2); (1, 4); (2, 5); (2, 6)",[],[],"[(5, 6)]",[35],"[(0, 3, 4), (1, 4, 5), (1, 4, 6)]","[276, 412, 412]",True,False,106,5,False
330,7,7,"(0, 3); (0, 4); (1, 2); (1, 3); (1, 4); (3, 4); (5, 6)",[],[],"[(3, 4), (5, 6)]","[22, 41]","[(0, 1, 2), (0, 2, 3), (0, 2, 4), (0, 3, 4)]","[387, 417, 417, 224]",False,False,83,7,False
331,7,7,"(0, 1); (0, 2); (0, 4); (0, 5); (1, 4); (2, 3); (3, 6)",[],[],"[(1, 4)]",[31],"[(2, 5, 6)]",[696],True,False,130,2,False
332,7,7,"(0, 3); (0, 4); (1, 2); (1, 3); (1, 4); (1, 6); (2, 5)",[],[],"[(3, 4)]",[25],"[(0, 3, 4), (2, 5, 6)]","[258, 425]",True,False,97,6,False
333,7,7,"(0, 1); (0, 2); (0, 4); (0, 5); (1, 4); (2, 3); (5, 6)",[],[],"[(1, 4)]",[31],[],[],True,False,131,1,False
334,7,7,"(0, 1); (0, 2); (0, 4); (0, 5); (2, 3); (3, 6); (5, 6)",[],[],"[(1, 4)]",[38],"[(2, 3, 5), (2, 5, 6)]","[395, 395]",True,False,132,2,False
335,7,7,"(0, 1); (0, 4); (1, 4); (2, 3); (2, 4); (3, 4); (5, 6)",[],[],"[(0, 1), (2, 3), (5, 6)]","[32, 32, 42]","[(0, 2, 4), (0, 3, 4), (1, 2, 4), (1, 3, 4)]","[289, 289, 289, 289]",False,False,112,2,False
336,7,7,"(0, 1); (0, 4); (1, 2); (1, 4); (2, 3); (3, 6); (4, 5)",[],[],[],[],"[(0, 4, 5)]",[279],True,True,108,3,True
337,7,7,"(0, 1); (1, 2); (1, 5); (2, 3); (2, 6); (3, 4); (5, 6)",[],[],[],[],"[(0, 1, 6), (2, 4, 5)]","[400, 621]",True,True,133,14,True
338,7,7,"(0, 1); (0, 4); (1, 2); (1, 4); (2, 3); (4, 5); (5, 6)",[],[],[],[],"[(0, 1, 3), (0, 4, 6)]","[432, 432]",True,True,134,2,True
339,7,7,"(0, 4); (1, 2); (1, 3); (1, 4); (2, 5); (2, 6); (5, 6)",[],[],"[(5, 6)]",[30],"[(0, 3, 4), (2, 3, 5), (2, 3, 6)]","[436, 439, 439]",True,False,135,3,False
340,7,7,"(0, 1); (0, 4); (1, 2); (2, 3); (2, 5); (4, 5); (5, 6)",[],[],[],[],[],[],True,True,136,1,True
341,7,7,"(0, 1); (0, 2); (0, 5); (1, 4); (2, 3); (3, 5); (3, 6)",[],[],"[(2, 5)]",[26],[],[],True,False,137,1,False
342,7,7,"(0, 2); (0, 5); (1, 2); (2, 3); (3, 6); (4, 5); (5, 6)",[],[],[],[],"[(0, 1, 4), (0, 3, 6)]","[714, 404]",True,True,103,15,False
343,7,7,"(0, 1); (0, 3); (0, 4); (1, 2); (2, 5); (2, 6); (5, 6)",[],[],"[(3, 4), (5, 6)]","[36, 30]",[],[],True,False,138,1,False
344,7,7,"(0, 3); (0, 4); (1, 2); (1, 3); (1, 4); (2, 5); (2, 6)",[],[],"[(3, 4), (5, 6)]","[24, 37]","[(0, 1, 5), (0, 1, 6), (0, 3, 4)]","[628, 628, 262]",True,False,90,18,False
345,7,7,"(0, 1); (0, 4); (1, 2); (1, 4); (2, 5); (3, 6); (4, 5)",[],[],"[(3, 6)]",[43],"[(0, 2, 5), (1, 2, 4), (1, 4, 5)]","[407, 283, 283]",False,False,95,4,False
346,7,7,"(0, 1); (0, 3); (0, 4); (1, 3); (1, 4); (2, 5); (2, 6)",[],[],"[(0, 1), (3, 4), (5, 6)]","[21, 26, 33]","[(0, 1, 3), (0, 1, 4), (2, 5, 6)]","[226, 226, 264]",False,False,77,8,False
347,7,7,"(0, 3); (0, 4); (1, 3); (1, 4); (2, 3); (2, 4); (5, 6)",[],[],"[(0, 1), (0, 2), (1, 2), (3, 4), (5, 6)]","[26, 26, 26, 20, 44]","[(0, 3, 4), (1, 3, 4), (2, 3, 4)]","[264, 264, 264]",False,False,77,8,False
348,7,7,"(0, 3); (0, 4); (1, 2); (2, 5); (2, 6); (3, 6); (4, 5)",[],[],[],[],"[(0, 5, 6)]",[638],True,True,139,6,False
349,7,7,"(0, 4); (1, 2); (1, 3); (2, 5); (2, 6); (3, 4); (5, 6)",[],[],"[(5, 6)]",[31],[],[],True,False,140,1,False
350,7,7,"(0, 3); (0, 4); (1, 2); (1, 3); (1, 4); (2, 6); (5, 6)",[],[],"[(3, 4)]",[25],"[(0, 3, 4)]",[265],True,False,99,2,False
351,7,7,"(0, 2); (0, 4); (0, 5); (1, 4); (2, 3); (3, 6); (5, 6)",[],[],[],[],"[(2, 3, 5), (2, 5, 6)]","[424, 424]",True,True,141,3,False
352,7,7,"(0, 3); (0, 4); (1, 2); (2, 5); (2, 6); (3, 4); (5, 6)",[],[],"[(0, 3), (0, 4), (3, 4), (5, 6)]","[27, 27, 27, 32]","[(0, 3, 4), (1, 2, 5), (1, 2, 6)]","[218, 287, 287]",False,False,79,15,False
353,7,7,"(0, 1); (0, 6); (1, 2); (2, 3); (3, 4); (4, 5); (5, 6)",[],[],[],[],[],[],True,True,142,1,True
354,7,7,"(0, 1); (0, 4); (1, 4); (2, 3); (2, 5); (3, 6); (5, 6)",[],[],"[(0, 1), (0, 4), (1, 4), (2, 6), (3, 5)]","[28, 28, 28, 23, 23]","[(0, 1, 4), (2, 3, 5), (2, 3, 6), (2, 5, 6), (3, 5, 6)]","[219, 269, 269, 269, 269]",False,False,75,15,False
355,7,8,"(0, 1); (0, 4); (1, 2); (1, 4); (1, 5); (2, 4); (2, 5); (4, 5)","[3, 6]","[131, 131]","[(1, 4), (2, 5), (3, 6)]","[20, 23, 49]","[(0, 1, 4), (1, 3, 4), (1, 4, 6), (2, 3, 5), (2, 5, 6)]","[228, 467, 467, 465, 465]",False,False,76,26,False
356,7,8,"(0, 1); (0, 2); (0, 4); (0, 5); (1, 2); (1, 4); (2, 5); (4, 5)","[3, 6]","[132, 132]","[(1, 5), (2, 4), (3, 6)]","[21, 21, 50]","[(0, 1, 2), (0, 1, 4), (0, 2, 5), (0, 4, 5), (1, 3, 5), (1, 5, 6), (2, 3, 4), (2, 4, 6)]","[230, 230, 230, 230, 732, 732, 732, 732]",False,False,81,32,False
357,7,8,"(0, 1); (0, 3); (0, 4); (1, 3); (1, 4); (1, 5); (1, 6); (3, 4)",[2],[133],"[(0, 3), (0, 4), (3, 4), (5, 6)]","[24, 24, 24, 39]","[(0, 2, 3), (0, 2, 4), (2, 3, 4), (2, 5, 6)]","[486, 486, 486, 856]",False,False,87,11,False
358,7,8,"(1, 2); (1, 4); (1, 5); (2, 3); (2, 4); (2, 5); (4, 5); (5, 6)",[0],[134],"[(1, 4)]",[25],"[(0, 1, 4), (1, 2, 3), (1, 5, 6), (2, 3, 4), (4, 5, 6)]","[493, 296, 296, 296, 296]",False,False,98,10,False
359,7,8,"(0, 1); (0, 4); (1, 2); (1, 3); (1, 4); (1, 5); (2, 4); (4, 5)",[6],[135],"[(0, 2), (0, 5), (2, 5)]","[27, 27, 27]","[(0, 2, 6), (0, 5, 6), (1, 3, 4), (2, 5, 6)]","[750, 750, 304, 750]",False,False,119,12,False
360,7,8,"(0, 2); (0, 3); (0, 4); (0, 5); (0, 6); (2, 3); (3, 6); (5, 6)",[1],[136],[],[],[],[],False,False,143,1,False
361,7,8,"(0, 1); (0, 2); (0, 4); (0, 5); (1, 2); (2, 5); (4, 5); (5, 6)",[3],[137],[],[],"[(0, 1, 4), (1, 2, 6)]","[301, 463]",False,False,117,4,False
362,7,8,"(0, 1); (1, 2); (1, 3); (2, 3); (2, 4); (2, 5); (3, 4); (3, 5)",[6],[138],"[(2, 3), (4, 5)]","[20, 27]","[(0, 1, 4), (0, 1, 5), (2, 3, 4), (2, 3, 5), (2, 3, 6), (4, 5, 6)]","[454, 454, 232, 232, 525, 773]",False,False,79,15,False
363,7,8,"(0, 2); (0, 3); (0, 5); (0, 6); (2, 3); (3, 6); (4, 5); (5, 6)",[1],[139],[],[],"[(0, 3, 4), (0, 3, 6), (2, 4, 6)]","[470, 237, 736]",False,False,90,18,False
364,7,8,"(0, 1); (1, 2); (1, 4); (1, 5); (2, 4); (2, 5); (3, 4); (3, 5)",[6],[140],"[(4, 5)]",[21],"[(0, 1, 2), (0, 2, 3), (2, 3, 4), (2, 3, 5), (3, 4, 5), (4, 5, 6)]","[308, 737, 297, 297, 290, 749]",False,False,78,36,False
365,7,8,"(1, 2); (1, 4); (1, 5); (2, 4); (2, 5); (3, 4); (3, 5); (4, 6)",[0],[141],"[(1, 2)]",[25],"[(0, 1, 2), (1, 3, 5), (2, 3, 5), (4, 5, 6)]","[542, 296, 296, 453]",False,False,98,10,False
366,7,8,"(0, 1); (0, 3); (0, 4); (1, 2); (1, 3); (1, 4); (2, 5); (3, 4)",[6],[142],"[(0, 3), (0, 4), (3, 4)]","[25, 25, 25]","[(0, 1, 5), (0, 3, 6), (0, 4, 6), (1, 3, 5), (1, 4, 5), (3, 4, 6)]","[469, 534, 534, 469, 469, 534]",False,False,88,48,False
367,7,8,"(0, 3); (1, 2); (1, 4); (1, 5); (2, 4); (2, 5); (3, 4); (3, 5)",[6],[143],"[(1, 2), (4, 5)]","[24, 22]","[(1, 2, 6), (4, 5, 6)]","[550, 756]",False,False,144,12,False
368,7,8,"(0, 2); (0, 3); (0, 4); (2, 3); (2, 4); (2, 5); (2, 6); (5, 6)",[1],[144],"[(3, 4), (5, 6)]","[27, 33]","[(0, 2, 5), (0, 2, 6), (1, 3, 4), (1, 5, 6)]","[311, 311, 809, 553]",False,False,114,13,False
369,7,8,"(0, 2); (0, 5); (2, 3); (2, 4); (2, 5); (3, 6); (4, 5); (5, 6)",[1],[145],"[(0, 4)]",[28],"[(0, 1, 4), (0, 3, 6), (2, 3, 5), (2, 5, 6), (3, 4, 6)]","[811, 460, 309, 309, 460]",False,False,86,21,False
370,7,8,"(0, 4); (0, 5); (1, 4); (1, 5); (2, 4); (2, 5); (3, 4); (3, 5)",[6],[146],"[(0, 1), (0, 2), (0, 3), (1, 2), (1, 3), (2, 3), (4, 5)]","[28, 28, 28, 28, 28, 28, 19]","[(0, 1, 6), (0, 2, 6), (0, 3, 6), (0, 4, 5), (1, 2, 6), (1, 3, 6), (1, 4, 5), (2, 3, 6), (2, 4, 5), (3, 4, 5), (4, 5, 6)]","[812, 812, 812, 291, 812, 812, 291, 812, 291, 291, 790]",False,False,75,15,False
371,7,8,"(1, 2); (1, 4); (1, 5); (2, 3); (2, 5); (3, 6); (4, 5); (5, 6)",[0],[147],[],[],"[(3, 4, 5)]",[463],False,False,117,4,False
372,7,8,"(0, 3); (0, 4); (2, 3); (2, 4); (2, 5); (2, 6); (3, 6); (4, 5)",[1],[148],[],[],"[(0, 5, 6), (2, 3, 4), (2, 5, 6)]","[738, 310, 311]",False,False,114,13,False
373,7,8,"(0, 3); (0, 4); (1, 3); (1, 4); (2, 3); (2, 4); (2, 5); (4, 5)",[6],[149],"[(0, 1)]",[27],"[(0, 1, 6), (2, 3, 4)]","[843, 303]",False,False,118,13,False
374,7,8,"(0, 3); (0, 4); (2, 3); (2, 4); (2, 5); (2, 6); (3, 4); (5, 6)",[1],[150],"[(3, 4), (5, 6)]","[23, 33]","[(0, 2, 5), (0, 2, 6), (0, 3, 4), (1, 3, 4), (1, 5, 6)]","[466, 466, 229, 570, 568]",False,False,85,10,False
375,7,8,"(0, 1); (0, 5); (1, 3); (1, 6); (2, 3); (2, 5); (2, 6); (5, 6)",[4],[151],[],[],"[(0, 1, 2), (0, 5, 6), (1, 3, 5), (2, 3, 6)]","[461, 305, 461, 305]",False,False,91,5,False
376,7,8,"(0, 2); (0, 3); (0, 4); (2, 3); (2, 4); (3, 6); (4, 5); (5, 6)",[1],[153],"[(0, 2)]",[25],"[(0, 1, 2), (0, 3, 5), (0, 4, 6), (2, 3, 5), (2, 4, 6), (3, 4, 5), (3, 4, 6)]","[578, 469, 469, 469, 469, 462, 462]",False,False,88,48,False
377,7,8,"(0, 1); (0, 5); (1, 2); (1, 5); (2, 3); (2, 4); (3, 4); (4, 5)",[6],[152],[],[],"[(0, 2, 4), (1, 3, 5)]","[468, 468]",False,False,81,32,False
378,7,8,"(0, 1); (0, 5); (0, 6); (1, 2); (2, 5); (2, 6); (4, 5); (4, 6)",[3],[154],"[(0, 2), (5, 6)]","[21, 21]","[(0, 1, 2), (0, 2, 3), (3, 5, 6), (4, 5, 6)]","[293, 800, 800, 293]",False,False,78,36,False
379,7,8,"(0, 1); (0, 3); (0, 4); (1, 2); (1, 3); (1, 4); (1, 5); (1, 6)",[],[],"[(2, 5), (2, 6), (3, 4), (5, 6)]","[40, 40, 29, 40]",[],[],True,False,145,1,False
380,7,8,"(0, 1); (0, 2); (0, 3); (0, 4); (1, 3); (1, 4); (1, 5); (1, 6)",[],[],"[(3, 4), (5, 6)]","[30, 40]","[(2, 3, 5), (2, 3, 6), (2, 4, 5), (2, 4, 6)]","[757, 757, 757, 757]",True,False,146,10,False
381,7,8,"(0, 1); (0, 3); (0, 4); (1, 3); (1, 4); (1, 5); (1, 6); (2, 4)",[],[],"[(5, 6)]",[41],"[(0, 2, 3), (2, 3, 4)]","[485, 474]",True,False,147,3,False
382,7,8,"(0, 3); (0, 4); (1, 2); (1, 3); (1, 4); (1, 5); (1, 6); (3, 4)",[],[],"[(2, 5), (2, 6), (3, 4), (5, 6)]","[41, 41, 24, 41]","[(0, 2, 3), (0, 2, 4), (0, 3, 4), (0, 3, 5), (0, 3, 6), (0, 4, 5), (0, 4, 6)]","[486, 486, 234, 486, 486, 486, 486]",True,False,87,11,False
383,7,8,"(0, 2); (0, 3); (1, 2); (2, 3); (2, 5); (3, 4); (3, 5); (5, 6)",[],[],[],[],"[(0, 1, 4), (0, 5, 6)]","[784, 475]",True,True,148,9,True
384,7,8,"(0, 3); (0, 4); (1, 3); (1, 4); (1, 5); (1, 6); (2, 4); (3, 4)",[],[],"[(5, 6)]",[40],"[(0, 3, 5), (0, 3, 6), (2, 3, 4)]","[490, 490, 322]",True,False,126,9,False
385,7,8,"(0, 2); (0, 3); (0, 5); (1, 2); (2, 5); (3, 4); (3, 5); (5, 6)",[],[],[],[],"[(0, 5, 6)]",[327],True,True,128,4,True
386,7,8,"(0, 1); (1, 2); (1, 3); (2, 3); (2, 4); (3, 4); (4, 5); (4, 6)",[],[],"[(2, 3), (5, 6)]","[26, 41]",[],[],True,False,149,1,False
387,7,8,"(0, 1); (0, 3); (0, 4); (1, 2); (1, 3); (1, 4); (3, 4); (5, 6)",[],[],"[(0, 3), (0, 4), (3, 4), (5, 6)]","[26, 26, 26, 45]","[(0, 1, 2), (1, 2, 3), (1, 2, 4)]","[330, 330, 330]",False,False,83,7,False
388,7,8,"(0, 1); (0, 6); (1, 6); (2, 3); (2, 6); (3, 6); (4, 6); (5, 6)",[],[],"[(0, 1), (2, 3), (4, 5)]","[34, 34, 42]",[],[],True,False,150,1,False
389,7,8,"(0, 6); (1, 2); (1, 6); (2, 3); (2, 6); (4, 5); (4, 6); (5, 6)",[],[],"[(4, 5)]",[35],"[(0, 1, 3), (1, 2, 3)]","[829, 318]",True,False,125,4,False
390,7,8,"(0, 1); (0, 6); (1, 2); (2, 3); (2, 6); (3, 6); (4, 6); (5, 6)",[],[],"[(4, 5)]",[43],"[(0, 1, 3)]",[481],True,False,151,5,False
391,7,8,"(0, 1); (0, 3); (0, 4); (1, 3); (1, 4); (1, 5); (1, 6); (2, 5)",[],[],"[(3, 4)]",[30],"[(2, 5, 6)]",[511],True,False,152,3,False
392,7,8,"(0, 1); (0, 3); (0, 4); (1, 2); (2, 3); (2, 4); (2, 5); (2, 6)",[],[],"[(1, 3), (1, 4), (3, 4), (5, 6)]","[30, 30, 30, 44]",[],[],True,False,153,1,False
393,7,8,"(0, 2); (0, 5); (1, 2); (2, 3); (2, 5); (3, 6); (4, 5); (5, 6)",[],[],[],[],"[(0, 1, 4), (0, 3, 6)]","[845, 482]",True,True,154,3,True
394,7,8,"(0, 1); (1, 2); (1, 5); (1, 6); (2, 3); (2, 5); (2, 6); (3, 4)",[],[],"[(5, 6)]",[31],[],[],True,False,155,1,False
395,7,8,"(0, 1); (0, 3); (1, 2); (1, 3); (1, 4); (2, 4); (2, 5); (2, 6)",[],[],"[(0, 3), (5, 6)]","[34, 42]","[(0, 1, 4), (1, 3, 4)]","[334, 334]",True,False,132,2,False
396,7,8,"(0, 3); (0, 4); (1, 3); (1, 4); (2, 3); (2, 4); (3, 6); (4, 5)",[],[],"[(0, 1), (0, 2), (1, 2)]","[31, 31, 31]","[(0, 5, 6), (1, 5, 6), (2, 5, 6)]","[846, 846, 846]",True,False,156,12,False
397,7,8,"(0, 1); (0, 4); (1, 2); (1, 4); (1, 5); (2, 4); (3, 6); (4, 5)",[],[],"[(0, 2), (0, 5), (1, 4), (2, 5), (3, 6)]","[32, 32, 20, 32, 46]","[(0, 1, 4), (1, 2, 4), (1, 4, 5)]","[242, 242, 242]",False,False,76,26,False
398,7,8,"(0, 1); (0, 2); (0, 5); (1, 2); (1, 4); (1, 6); (2, 3); (3, 4)",[],[],[],[],"[(2, 4, 5)]",[758],True,True,157,13,True
399,7,8,"(0, 1); (0, 3); (0, 4); (1, 3); (1, 4); (1, 6); (2, 6); (4, 5)",[],[],[],[],"[(0, 1, 2), (0, 3, 5), (3, 4, 5)]","[532, 537, 491]",True,True,158,8,False
400,7,8,"(0, 1); (0, 3); (0, 4); (1, 3); (1, 4); (1, 6); (2, 4); (2, 5)",[],[],[],[],"[(0, 1, 6), (3, 4, 5)]","[337, 760]",True,True,133,14,True
401,7,8,"(0, 1); (0, 2); (1, 2); (1, 4); (1, 6); (2, 3); (3, 4); (4, 5)",[],[],[],[],[],[],True,True,159,1,True
402,7,8,"(0, 1); (0, 2); (1, 2); (1, 4); (1, 6); (2, 3); (3, 4); (3, 5)",[],[],[],[],"[(0, 2, 5), (4, 5, 6)]","[543, 860]",True,True,160,8,True
403,7,8,"(0, 3); (0, 4); (1, 3); (1, 4); (1, 5); (1, 6); (2, 6); (3, 4)",[],[],"[(3, 4)]",[25],"[(0, 3, 4), (0, 3, 5), (0, 4, 5), (2, 5, 6)]","[235, 534, 534, 536]",True,False,88,48,False
404,7,8,"(0, 1); (0, 2); (0, 4); (0, 5); (1, 2); (2, 3); (4, 5); (5, 6)",[],[],[],[],"[(0, 1, 4), (1, 2, 3), (4, 5, 6)]","[342, 320, 320]",True,True,103,15,False
405,7,8,"(0, 3); (0, 4); (1, 3); (1, 4); (2, 3); (2, 4); (2, 6); (4, 5)",[],[],"[(0, 1)]",[30],"[(0, 2, 6), (1, 2, 6), (3, 4, 5)]","[490, 490, 480]",True,False,126,9,False
406,7,8,"(0, 1); (0, 4); (1, 2); (1, 4); (2, 3); (2, 5); (2, 6); (4, 5)",[],[],"[(3, 6)]",[43],"[(0, 1, 3), (0, 1, 6), (1, 4, 5)]","[531, 531, 321]",True,False,103,15,False
407,7,8,"(0, 1); (0, 6); (1, 2); (1, 6); (2, 3); (2, 6); (3, 6); (4, 5)",[],[],"[(4, 5)]",[47],"[(0, 3, 6), (1, 2, 6)]","[345, 246]",False,False,95,4,False
408,7,8,"(0, 1); (0, 3); (0, 4); (1, 2); (1, 3); (1, 4); (2, 5); (2, 6)",[],[],"[(3, 4), (5, 6)]","[30, 40]","[(0, 1, 5), (0, 1, 6)]","[540, 540]",True,False,146,10,False
409,7,8,"(0, 1); (1, 2); (1, 6); (2, 3); (2, 6); (4, 5); (4, 6); (5, 6)",[],[],"[(4, 5)]",[35],[],[],True,False,161,1,False
410,7,8,"(0, 1); (0, 2); (0, 4); (0, 5); (2, 3); (2, 5); (3, 6); (5, 6)",[],[],"[(1, 4)]",[43],"[(1, 2, 6), (1, 3, 5), (2, 3, 5), (2, 4, 6), (2, 5, 6), (3, 4, 5)]","[765, 765, 326, 765, 326, 765]",True,False,104,20,False
411,7,8,"(0, 3); (0, 4); (1, 3); (1, 4); (2, 3); (2, 4); (2, 5); (2, 6)",[],[],"[(0, 1), (3, 4), (5, 6)]","[29, 21, 44]","[(0, 3, 4), (1, 3, 4)]","[297, 297]",True,False,78,36,False
412,7,8,"(0, 1); (1, 2); (1, 3); (2, 3); (2, 6); (3, 4); (4, 5); (4, 6)",[],[],[],[],"[(0, 3, 6), (2, 3, 6)]","[779, 329]",True,True,106,5,False
413,7,8,"(0, 1); (1, 5); (1, 6); (2, 3); (2, 5); (2, 6); (3, 4); (5, 6)",[],[],"[(5, 6)]",[26],[],[],True,False,162,1,False
414,7,8,"(0, 1); (0, 4); (1, 2); (1, 4); (2, 3); (2, 5); (4, 5); (5, 6)",[],[],[],[],"[(0, 1, 3), (0, 4, 6)]","[546, 546]",True,True,163,3,True
415,7,8,"(0, 3); (0, 4); (1, 2); (1, 3); (1, 4); (2, 5); (2, 6); (3, 4)",[],[],"[(3, 4), (5, 6)]","[24, 41]","[(0, 1, 5), (0, 1, 6), (0, 3, 4)]","[778, 778, 236]",True,False,89,9,False
416,7,8,"(0, 3); (0, 4); (0, 6); (1, 3); (1, 4); (2, 3); (2, 4); (2, 5)",[],[],"[(3, 4)]",[22],"[(0, 1, 6), (1, 2, 5), (1, 3, 4)]","[498, 498, 298]",True,False,115,3,False
417,7,8,"(0, 1); (0, 3); (0, 4); (1, 3); (1, 4); (2, 3); (2, 4); (5, 6)",[],[],"[(0, 1), (3, 4), (5, 6)]","[26, 22, 48]","[(0, 2, 3), (0, 2, 4), (1, 2, 3), (1, 2, 4), (2, 3, 4)]","[330, 330, 330, 330, 299]",False,False,83,7,False
418,7,8,"(0, 1); (0, 4); (2, 3); (2, 5); (2, 6); (3, 5); (3, 6); (5, 6)",[],[],"[(1, 4), (2, 3), (2, 5), (2, 6), (3, 5), (3, 6), (5, 6)]","[39, 26, 26, 26, 26, 26, 26]","[(0, 1, 4)]",[299],False,False,83,7,False
419,7,8,"(0, 3); (0, 4); (1, 2); (2, 3); (2, 4); (2, 5); (2, 6); (5, 6)",[],[],"[(3, 4), (5, 6)]","[27, 37]","[(0, 3, 4)]",[300],True,False,116,2,False
420,7,8,"(0, 1); (0, 2); (0, 4); (0, 5); (0, 6); (1, 2); (3, 6); (4, 5)",[],[],"[(1, 2), (4, 5)]","[36, 36]",[],[],True,False,164,1,False
421,7,8,"(0, 1); (0, 2); (1, 2); (1, 4); (1, 6); (2, 3); (3, 5); (4, 5)",[],[],[],[],"[(0, 3, 4)]",[769],True,True,165,2,True
422,7,8,"(0, 1); (0, 2); (1, 2); (1, 4); (1, 6); (2, 3); (3, 4); (5, 6)",[],[],[],[],"[(0, 3, 4)]",[515],True,True,166,2,True
423,7,8,"(0, 1); (0, 5); (0, 6); (1, 2); (1, 5); (1, 6); (2, 3); (3, 4)",[],[],"[(5, 6)]",[31],[],[],True,False,167,1,False
424,7,8,"(0, 3); (0, 4); (1, 2); (1, 4); (2, 4); (2, 6); (3, 4); (5, 6)",[],[],"[(0, 3)]",[36],"[(0, 1, 4), (1, 2, 5), (1, 3, 4)]","[351, 562, 351]",True,False,141,3,False
425,7,8,"(0, 1); (0, 2); (0, 3); (0, 5); (1, 5); (1, 6); (2, 4); (3, 4)",[],[],"[(2, 3)]",[27],"[(0, 4, 5), (1, 5, 6), (2, 3, 4)]","[520, 332, 302]",True,False,97,6,False
426,7,8,"(0, 1); (0, 4); (1, 4); (2, 4); (2, 5); (2, 6); (3, 4); (3, 5)",[],[],"[(0, 1)]",[37],"[(0, 4, 5), (1, 4, 5), (2, 3, 6)]","[519, 519, 521]",True,False,139,6,False
427,7,8,"(0, 1); (1, 2); (1, 4); (1, 5); (2, 3); (2, 6); (3, 4); (5, 6)",[],[],[],[],[],[],True,True,168,1,True
428,7,8,"(0, 1); (1, 2); (1, 5); (1, 6); (2, 3); (3, 4); (4, 5); (4, 6)",[],[],"[(5, 6)]",[31],"[(2, 3, 5), (2, 3, 6)]","[518, 518]",True,False,169,6,False
429,7,8,"(0, 1); (0, 4); (1, 4); (2, 4); (3, 4); (3, 5); (3, 6); (5, 6)",[],[],"[(0, 1), (5, 6)]","[36, 34]","[(2, 3, 5), (2, 3, 6)]","[569, 569]",True,False,170,2,False
430,7,8,"(0, 2); (0, 3); (0, 5); (0, 6); (1, 4); (2, 4); (3, 6); (4, 5)",[],[],"[(2, 5), (3, 6)]","[32, 37]",[],[],True,False,171,1,False
431,7,8,"(0, 3); (0, 4); (1, 3); (1, 4); (2, 3); (2, 4); (4, 5); (5, 6)",[],[],"[(0, 1), (0, 2), (1, 2)]","[31, 31, 31]","[(3, 4, 6)]",[791],True,False,172,2,False
432,7,8,"(0, 1); (0, 4); (1, 2); (1, 4); (2, 5); (3, 6); (4, 5); (5, 6)",[],[],[],[],"[(1, 2, 4)]",[338],True,True,134,2,True
433,7,8,"(0, 1); (0, 2); (1, 2); (1, 4); (2, 3); (3, 5); (4, 5); (4, 6)",[],[],[],[],"[(0, 1, 6), (1, 2, 5)]","[572, 530]",True,True,133,14,True
434,7,8,"(0, 4); (1, 2); (1, 4); (1, 5); (2, 3); (2, 6); (3, 4); (5, 6)",[],[],[],[],"[(0, 1, 6)]",[820],True,True,173,3,True
435,7,8,"(0, 5); (0, 6); (1, 2); (1, 5); (1, 6); (2, 3); (3, 4); (5, 6)",[],[],"[(5, 6)]",[25],"[(0, 5, 6)]",[237],True,False,90,18,False
436,7,8,"(0, 1); (0, 4); (1, 4); (2, 6); (3, 4); (3, 5); (3, 6); (5, 6)",[],[],"[(0, 1)]",[35],"[(2, 5, 6)]",[339],True,False,135,3,False
437,7,8,"(0, 1); (0, 5); (0, 6); (1, 2); (1, 5); (2, 3); (3, 4); (4, 5)",[],[],[],[],"[(1, 3, 5)]",[541],True,True,174,30,False
438,7,8,"(0, 1); (0, 5); (0, 6); (1, 2); (2, 3); (2, 4); (3, 4); (4, 5)",[],[],[],[],"[(1, 3, 5)]",[784],True,True,148,9,True
439,7,8,"(0, 1); (0, 2); (0, 5); (1, 2); (1, 4); (2, 3); (3, 4); (5, 6)",[],[],[],[],"[(1, 2, 3), (1, 2, 4)]","[339, 339]",True,True,135,3,False
440,7,8,"(0, 4); (1, 2); (1, 5); (2, 3); (2, 4); (3, 6); (4, 5); (5, 6)",[],[],[],[],"[(0, 1, 4), (1, 3, 6), (2, 3, 5), (2, 5, 6)]","[535, 541, 510, 510]",True,True,174,30,False
441,7,8,"(0, 3); (0, 5); (0, 6); (1, 2); (1, 5); (2, 3); (2, 4); (4, 5)",[],[],"[(1, 4)]",[30],"[(2, 3, 5)]",[511],True,False,152,3,False
442,7,8,"(0, 3); (0, 4); (1, 3); (1, 4); (2, 3); (2, 4); (2, 5); (5, 6)",[],[],"[(0, 1), (3, 4)]","[30, 21]","[(0, 2, 6), (0, 3, 4), (1, 2, 6), (1, 3, 4)]","[827, 307, 827, 307]",True,False,81,32,False
443,7,8,"(0, 1); (0, 4); (1, 4); (2, 4); (2, 6); (3, 4); (3, 5); (5, 6)",[],[],"[(0, 1)]",[38],"[(2, 3, 5), (2, 3, 6)]","[557, 557]",True,False,175,2,False
444,7,8,"(0, 1); (0, 5); (1, 6); (2, 3); (2, 6); (3, 4); (4, 6); (5, 6)",[],[],"[(1, 5), (2, 4)]","[28, 28]","[(0, 1, 5), (0, 3, 6), (2, 3, 4)]","[309, 792, 309]",True,False,86,21,False
445,7,8,"(0, 1); (0, 4); (1, 2); (2, 3); (2, 5); (3, 6); (4, 5); (5, 6)",[],[],[],[],[],[],True,True,176,1,True
446,7,8,"(0, 1); (0, 5); (1, 2); (1, 6); (2, 3); (2, 6); (3, 4); (4, 5)",[],[],[],[],[],[],True,True,177,1,True
447,7,8,"(0, 3); (0, 4); (1, 2); (1, 3); (1, 4); (2, 5); (2, 6); (5, 6)",[],[],"[(3, 4), (5, 6)]","[27, 37]","[(0, 3, 4)]",[313],True,False,121,2,False
448,7,8,"(0, 1); (0, 5); (1, 2); (1, 6); (2, 3); (3, 4); (4, 5); (5, 6)",[],[],"[(0, 6)]",[31],"[(0, 2, 4), (1, 3, 5), (2, 4, 6)]","[838, 793, 838]",True,False,156,12,False
449,7,8,"(0, 1); (0, 5); (0, 6); (1, 2); (2, 3); (3, 4); (3, 6); (4, 5)",[],[],[],[],"[(1, 2, 6), (4, 5, 6)]","[563, 563]",True,True,178,2,True
450,7,8,"(0, 1); (0, 4); (1, 4); (2, 3); (2, 5); (3, 5); (3, 6); (4, 6)",[],[],"[(0, 1), (2, 5)]","[36, 36]",[],[],True,False,179,1,False
451,7,8,"(0, 1); (0, 3); (0, 4); (1, 3); (1, 4); (2, 5); (2, 6); (5, 6)",[],[],"[(0, 1), (2, 5), (2, 6), (3, 4), (5, 6)]","[23, 33, 33, 32, 33]","[(0, 1, 3), (0, 1, 4), (2, 5, 6)]","[241, 241, 228]",False,False,76,26,False
452,7,9,"(0, 1); (0, 3); (0, 4); (1, 2); (1, 3); (1, 4); (2, 3); (2, 4); (3, 4)","[5, 6]","[155, 155]","[(0, 2), (1, 3), (1, 4), (3, 4), (5, 6)]","[23, 21, 21, 21, 51]","[(0, 2, 5), (0, 2, 6), (1, 3, 5), (1, 3, 6), (1, 4, 5), (1, 4, 6), (3, 4, 5), (3, 4, 6)]","[879, 879, 593, 593, 593, 593, 593, 593]",False,False,76,26,False
453,7,9,"(0, 1); (0, 2); (0, 3); (1, 2); (1, 3); (1, 5); (2, 3); (2, 4); (2, 5)",[6],[156],"[(0, 3)]",[27],"[(0, 3, 6), (1, 2, 4)]","[629, 365]",False,False,98,10,False
454,7,9,"(0, 1); (0, 2); (0, 3); (0, 4); (1, 2); (1, 3); (1, 5); (2, 3); (2, 5)",[6],[157],"[(1, 2)]",[21],"[(0, 3, 4), (1, 2, 5), (1, 2, 6), (3, 4, 5)]","[362, 250, 639, 882]",False,False,79,15,False
455,7,9,"(0, 1); (0, 3); (0, 4); (1, 2); (1, 4); (2, 3); (2, 4); (3, 4); (4, 5)",[6],[158],"[(0, 2), (1, 3)]","[24, 24]","[(0, 2, 6), (1, 3, 6)]","[887, 887]",False,False,180,4,False
456,7,9,"(0, 2); (1, 2); (1, 3); (1, 4); (2, 3); (2, 5); (3, 4); (3, 5); (4, 5)",[6],[159],"[(1, 5)]",[25],"[(0, 2, 4), (0, 3, 4), (1, 3, 4), (1, 5, 6), (3, 4, 5)]","[584, 596, 256, 890, 256]",False,False,88,48,False
457,7,9,"(0, 1); (0, 2); (0, 3); (1, 2); (1, 3); (1, 5); (2, 3); (2, 5); (4, 5)",[6],[160],"[(0, 3), (1, 2)]","[27, 22]","[(0, 1, 4), (0, 2, 4), (0, 3, 6), (1, 2, 6), (1, 3, 4), (2, 3, 4)]","[595, 595, 660, 662, 595, 595]",False,False,88,48,False
458,7,9,"(0, 4); (0, 5); (1, 4); (1, 5); (2, 4); (2, 5); (3, 4); (3, 5); (4, 5)",[6],[161],"[(0, 1), (0, 2), (0, 3), (1, 2), (1, 3), (2, 3), (4, 5)]","[33, 33, 33, 33, 33, 33, 19]","[(0, 1, 6), (0, 2, 6), (0, 3, 6), (0, 4, 5), (1, 2, 6), (1, 3, 6), (1, 4, 5), (2, 3, 6), (2, 4, 5), (3, 4, 5), (4, 5, 6)]","[918, 918, 918, 254, 918, 918, 254, 918, 254, 254, 670]",False,False,76,26,False
459,7,9,"(0, 1); (0, 2); (0, 3); (0, 4); (0, 5); (1, 2); (2, 3); (2, 5); (3, 4)",[6],[162],"[(1, 5)]",[33],"[(0, 2, 3), (1, 5, 6)]","[266, 940]",False,False,82,10,False
460,7,9,"(0, 1); (0, 2); (0, 4); (0, 5); (1, 2); (1, 3); (1, 4); (3, 4); (4, 5)",[6],[163],[],[],"[(0, 1, 4), (0, 2, 5), (1, 2, 3), (2, 3, 5), (3, 4, 5)]","[268, 369, 369, 883, 369]",False,False,86,21,False
461,7,9,"(0, 1); (0, 2); (0, 5); (1, 2); (1, 3); (1, 4); (1, 5); (3, 4); (4, 5)",[6],[164],[],[],"[(0, 1, 3), (1, 2, 4)]","[375, 375]",False,False,91,5,False
462,7,9,"(0, 1); (0, 2); (0, 3); (0, 4); (0, 5); (1, 2); (1, 3); (2, 3); (4, 5)",[6],[165],"[(1, 2), (1, 3), (2, 3), (4, 5)]","[27, 27, 27, 39]","[(0, 1, 4), (0, 1, 5), (0, 2, 4), (0, 2, 5), (0, 3, 4), (0, 3, 5), (1, 2, 6), (1, 3, 6), (2, 3, 6), (4, 5, 6)]","[376, 376, 376, 376, 376, 376, 686, 686, 686, 689]",False,False,88,48,False
463,7,9,"(0, 1); (0, 3); (0, 4); (0, 5); (1, 2); (1, 5); (2, 3); (3, 4); (3, 5)",[6],[166],[],[],"[(0, 2, 3), (1, 2, 5)]","[371, 361]",False,False,117,4,False
464,7,9,"(0, 2); (0, 3); (0, 4); (0, 5); (1, 2); (1, 3); (2, 3); (3, 4); (4, 5)",[6],[167],[],[],"[(0, 1, 5), (1, 3, 5)]","[591, 591]",False,False,181,6,False
465,7,9,"(0, 2); (0, 3); (0, 5); (1, 2); (1, 3); (2, 3); (2, 4); (3, 4); (4, 5)",[6],[168],"[(0, 4), (2, 3)]","[23, 21]","[(0, 4, 5), (0, 4, 6), (1, 2, 3), (1, 2, 5), (1, 3, 5), (2, 3, 6)]","[355, 918, 254, 593, 593, 708]",False,False,76,26,False
466,7,9,"(0, 1); (0, 2); (0, 4); (0, 5); (1, 2); (1, 5); (2, 3); (2, 5); (3, 4)",[6],[169],"[(1, 5)]",[28],"[(0, 2, 3), (0, 2, 4), (1, 5, 6)]","[374, 374, 705]",False,False,85,10,False
467,7,9,"(0, 2); (0, 4); (0, 5); (1, 4); (1, 5); (2, 4); (2, 5); (3, 4); (3, 5)",[6],[170],"[(0, 2), (1, 3), (4, 5)]","[28, 33, 20]","[(0, 2, 6), (1, 3, 6), (1, 4, 5), (3, 4, 5), (4, 5, 6)]","[708, 990, 355, 355, 913]",False,False,76,26,False
468,7,9,"(0, 1); (0, 4); (0, 5); (1, 2); (2, 3); (2, 5); (3, 4); (3, 5); (4, 5)",[6],[171],[],[],"[(0, 1, 3), (0, 2, 5), (1, 2, 4), (1, 3, 4), (3, 4, 5)]","[589, 377, 589, 597, 263]",False,False,81,32,False
469,7,9,"(0, 1); (0, 3); (0, 4); (0, 5); (1, 2); (1, 5); (2, 3); (2, 5); (3, 4)",[6],[172],"[(1, 5)]",[27],"[(0, 1, 3), (0, 2, 3), (0, 3, 5), (1, 2, 4), (1, 5, 6), (2, 4, 5)]","[376, 366, 376, 595, 720, 595]",False,False,88,48,False
470,7,9,"(0, 1); (0, 3); (0, 5); (1, 2); (2, 3); (2, 4); (2, 5); (3, 4); (4, 5)",[6],[173],"[(3, 5)]",[25],"[(0, 1, 4), (0, 2, 3), (0, 2, 5), (3, 5, 6)]","[590, 363, 363, 930]",False,False,90,18,False
471,7,9,"(0, 1); (0, 2); (0, 3); (1, 4); (1, 5); (2, 3); (2, 5); (3, 4); (4, 5)",[6],[174],[],[],[],[],False,False,182,1,False
472,7,9,"(0, 1); (0, 3); (0, 5); (1, 2); (1, 4); (2, 3); (2, 5); (3, 4); (4, 5)",[6],[175],"[(0, 2), (0, 4), (1, 3), (1, 5), (2, 4), (3, 5)]","[24, 24, 24, 24, 24, 24]","[(0, 2, 6), (0, 4, 6), (1, 3, 6), (1, 5, 6), (2, 4, 6), (3, 5, 6)]","[957, 957, 957, 957, 957, 957]",False,False,183,10,False
473,7,9,"(0, 1); (0, 2); (0, 3); (0, 4); (0, 5); (0, 6); (1, 2); (1, 3); (2, 3)",[],[],"[(1, 2), (1, 3), (2, 3), (4, 5), (4, 6), (5, 6)]","[29, 29, 29, 45, 45, 45]",[],[],True,False,184,1,False
474,7,9,"(0, 1); (0, 2); (0, 3); (0, 4); (0, 5); (1, 2); (1, 3); (2, 3); (2, 6)",[],[],"[(1, 3), (4, 5)]","[30, 45]","[(1, 2, 6), (2, 3, 6)]","[381, 381]",True,False,147,3,False
475,7,9,"(0, 1); (0, 2); (0, 3); (0, 4); (1, 2); (1, 3); (1, 6); (2, 3); (3, 5)",[],[],[],[],"[(0, 2, 4), (1, 2, 6), (2, 3, 5)]","[383, 383, 383]",True,True,148,9,True
476,7,9,"(0, 1); (0, 2); (1, 2); (1, 3); (1, 4); (2, 3); (2, 4); (2, 5); (2, 6)",[],[],"[(0, 3), (0, 4), (3, 4), (5, 6)]","[34, 34, 34, 46]",[],[],True,False,185,1,False
477,7,9,"(0, 1); (0, 2); (1, 2); (1, 3); (1, 4); (1, 6); (2, 3); (2, 4); (2, 5)",[],[],"[(0, 3), (0, 4), (3, 4)]","[35, 35, 35]","[(0, 5, 6), (3, 5, 6), (4, 5, 6)]","[932, 932, 932]",True,False,81,32,False
478,7,9,"(0, 1); (0, 4); (1, 2); (1, 3); (1, 4); (1, 5); (1, 6); (2, 3); (3, 4)",[],[],"[(5, 6)]",[47],[],[],True,False,186,1,False
479,7,9,"(0, 1); (0, 4); (1, 2); (1, 3); (1, 4); (1, 5); (2, 3); (3, 4); (4, 6)",[],[],[],[],"[(0, 5, 6), (2, 3, 6)]","[959, 620]",True,True,187,4,True
480,7,9,"(0, 1); (0, 2); (0, 4); (1, 2); (1, 3); (1, 5); (1, 6); (2, 3); (2, 5)",[],[],"[(3, 5)]",[35],"[(0, 3, 4), (0, 4, 5), (1, 2, 6)]","[600, 600, 405]",True,False,126,9,False
481,7,9,"(0, 1); (0, 4); (1, 2); (1, 3); (1, 4); (2, 3); (3, 4); (4, 5); (4, 6)",[],[],"[(5, 6)]",[47],"[(0, 1, 2), (2, 3, 5), (2, 3, 6)]","[390, 624, 624]",True,False,151,5,False
482,7,9,"(0, 1); (0, 4); (1, 2); (1, 3); (1, 4); (2, 3); (3, 4); (3, 6); (4, 5)",[],[],[],[],"[(0, 1, 2)]",[393],True,True,154,3,True
483,7,9,"(0, 1); (0, 2); (0, 4); (0, 6); (1, 2); (1, 3); (1, 5); (2, 3); (2, 5)",[],[],"[(1, 2), (3, 5), (4, 6)]","[21, 34, 46]","[(1, 2, 3), (1, 2, 5)]","[259, 259]",True,False,85,10,False
484,7,9,"(0, 1); (0, 4); (0, 5); (1, 2); (1, 3); (1, 4); (1, 6); (2, 3); (3, 4)",[],[],[],[],"[(2, 4, 5)]",[899],True,True,188,2,True
485,7,9,"(0, 2); (1, 2); (1, 4); (2, 3); (2, 5); (2, 6); (3, 4); (3, 5); (4, 5)",[],[],"[(0, 6), (3, 5)]","[48, 30]","[(1, 3, 4), (1, 4, 5)]","[381, 381]",True,False,147,3,False
486,7,9,"(0, 1); (0, 2); (0, 3); (0, 4); (0, 6); (1, 3); (1, 5); (2, 3); (2, 5)",[],[],"[(1, 2), (4, 6)]","[24, 48]","[(1, 2, 5), (1, 3, 5), (2, 3, 5), (3, 4, 5), (3, 5, 6)]","[357, 382, 382, 902, 902]",True,False,87,11,False
487,7,9,"(0, 1); (0, 2); (0, 3); (0, 4); (0, 5); (1, 2); (1, 3); (2, 3); (5, 6)",[],[],"[(1, 2), (1, 3), (2, 3)]","[30, 30, 30]","[(4, 5, 6)]",[644],True,False,144,12,False
488,7,9,"(0, 1); (0, 4); (0, 5); (1, 2); (1, 3); (1, 4); (2, 3); (3, 4); (4, 6)",[],[],[],[],"[(1, 3, 5), (2, 3, 6)]","[651, 647]",True,True,157,13,True
489,7,9,"(0, 1); (0, 4); (1, 2); (1, 3); (1, 4); (2, 3); (2, 6); (3, 4); (4, 5)",[],[],[],[],"[(0, 3, 6)]",[904],True,True,189,3,True
490,7,9,"(0, 2); (1, 2); (1, 4); (2, 3); (2, 5); (3, 4); (3, 5); (4, 5); (5, 6)",[],[],[],[],"[(0, 2, 4), (1, 3, 4), (1, 3, 6), (3, 5, 6)]","[600, 384, 909, 405]",True,True,126,9,False
491,7,9,"(0, 1); (0, 2); (0, 3); (0, 4); (1, 2); (1, 3); (2, 3); (3, 6); (5, 6)",[],[],"[(1, 2)]",[31],"[(0, 1, 4), (0, 2, 4), (1, 3, 5), (2, 3, 5)]","[399, 399, 652, 652]",True,False,158,8,False
492,7,9,"(0, 1); (0, 4); (0, 5); (0, 6); (1, 2); (1, 3); (1, 4); (2, 3); (3, 4)",[],[],"[(5, 6)]",[47],"[(1, 3, 4), (1, 3, 5), (1, 3, 6), (2, 4, 5), (2, 4, 6)]","[274, 655, 655, 903, 903]",True,False,104,20,False
493,7,9,"(0, 1); (0, 3); (0, 4); (1, 2); (2, 3); (2, 4); (3, 4); (3, 6); (4, 5)",[],[],"[(0, 2)]",[25],"[(0, 1, 2)]",[358],True,False,98,10,False
494,7,9,"(0, 1); (0, 2); (0, 4); (1, 2); (1, 3); (1, 5); (2, 3); (2, 5); (5, 6)",[],[],"[(1, 2)]",[22],"[(0, 3, 4), (1, 2, 3), (3, 5, 6)]","[608, 263, 608]",True,False,81,32,False
495,7,9,"(0, 2); (1, 2); (1, 4); (2, 3); (2, 5); (3, 4); (3, 5); (4, 5); (4, 6)",[],[],"[(3, 5)]",[31],"[(0, 1, 6)]",[1002],True,False,190,7,False
496,7,9,"(0, 1); (0, 2); (0, 3); (1, 2); (1, 3); (1, 5); (2, 3); (2, 5); (4, 6)",[],[],"[(0, 3), (1, 2), (4, 6)]","[32, 22, 49]","[(1, 2, 5)]",[264],False,False,77,8,False
497,7,9,"(0, 1); (0, 4); (0, 5); (1, 2); (1, 3); (1, 4); (2, 3); (2, 6); (3, 4)",[],[],[],[],"[(1, 3, 4), (1, 3, 5), (1, 4, 6)]","[278, 664, 664]",True,True,107,4,False
498,7,9,"(0, 1); (0, 2); (0, 3); (0, 4); (1, 3); (1, 5); (2, 3); (2, 5); (5, 6)",[],[],"[(1, 2)]",[26],"[(0, 3, 4)]",[416],True,False,115,3,False
499,7,9,"(0, 1); (0, 2); (0, 3); (1, 3); (1, 5); (2, 3); (2, 5); (2, 6); (4, 5)",[],[],"[(0, 3)]",[30],"[(1, 2, 6)]",[605],True,False,191,4,False
500,7,9,"(0, 1); (0, 2); (0, 4); (0, 6); (1, 3); (1, 5); (2, 3); (2, 5); (3, 5)",[],[],"[(1, 2), (3, 5), (4, 6)]","[26, 29, 48]",[],[],True,False,192,1,False
501,7,9,"(0, 1); (0, 2); (0, 3); (0, 5); (1, 2); (1, 3); (2, 3); (4, 5); (5, 6)",[],[],"[(1, 2), (1, 3), (2, 3), (4, 6)]","[30, 30, 30, 45]","[(0, 1, 4), (0, 1, 6), (0, 2, 4), (0, 2, 6), (0, 3, 4), (0, 3, 6)]","[665, 665, 665, 665, 665, 665]",True,False,144,12,False
502,7,9,"(0, 1); (0, 3); (0, 4); (1, 2); (1, 4); (2, 3); (2, 4); (3, 4); (5, 6)",[],[],"[(0, 2), (1, 3), (5, 6)]","[26, 26, 50]","[(0, 1, 4), (0, 3, 4), (1, 2, 4), (2, 3, 4)]","[277, 277, 277, 277]",False,False,94,3,False
503,7,9,"(0, 4); (0, 5); (1, 3); (1, 4); (2, 3); (2, 4); (3, 4); (4, 5); (4, 6)",[],[],"[(0, 5), (1, 2)]","[40, 34]",[],[],True,False,193,1,False
504,7,9,"(0, 1); (0, 2); (0, 4); (0, 5); (0, 6); (1, 2); (2, 3); (2, 5); (3, 4)",[],[],"[(1, 5)]",[37],"[(1, 3, 4), (3, 4, 5)]","[617, 617]",True,False,194,4,False
505,7,9,"(0, 4); (0, 5); (1, 3); (1, 4); (2, 3); (2, 4); (3, 4); (3, 6); (4, 5)",[],[],"[(0, 5), (1, 2)]","[40, 36]",[],[],True,False,195,1,False
506,7,9,"(0, 1); (0, 2); (1, 2); (1, 3); (1, 4); (2, 3); (2, 4); (2, 5); (5, 6)",[],[],"[(0, 3), (0, 4), (3, 4)]","[36, 36, 36]","[(1, 2, 6)]",[678],True,False,196,2,False
507,7,9,"(0, 4); (0, 5); (1, 4); (1, 5); (2, 4); (2, 5); (3, 4); (3, 5); (4, 6)",[],[],"[(0, 1), (0, 2), (0, 3), (1, 2), (1, 3), (2, 3)]","[37, 37, 37, 37, 37, 37]","[(4, 5, 6)]",[612],True,False,197,2,False
508,7,9,"(0, 1); (0, 5); (1, 2); (2, 3); (2, 4); (2, 5); (2, 6); (3, 4); (4, 5)",[],[],[],[],[],[],True,True,198,1,True
509,7,9,"(0, 1); (0, 4); (1, 2); (1, 3); (1, 4); (1, 6); (2, 3); (3, 4); (5, 6)",[],[],[],[],[],[],True,True,199,1,True
510,7,9,"(0, 4); (0, 5); (1, 3); (1, 4); (2, 3); (2, 4); (2, 6); (3, 4); (4, 5)",[],[],"[(0, 5)]",[41],"[(0, 3, 4), (1, 2, 6), (1, 3, 6), (3, 4, 5)]","[440, 630, 687, 440]",True,False,174,30,False
511,7,9,"(0, 4); (0, 5); (0, 6); (1, 3); (1, 4); (2, 3); (2, 4); (3, 4); (4, 5)",[],[],"[(1, 2)]",[35],"[(0, 5, 6), (3, 4, 5)]","[391, 441]",True,False,152,3,False
512,7,9,"(0, 1); (0, 2); (0, 5); (1, 2); (1, 3); (1, 4); (1, 6); (3, 6); (5, 6)",[],[],[],[],"[(2, 3, 5)]",[907],True,True,200,4,True
513,7,9,"(0, 1); (0, 3); (0, 4); (0, 5); (0, 6); (1, 2); (2, 3); (2, 5); (3, 4)",[],[],"[(1, 5)]",[35],[],[],True,False,201,1,False
514,7,9,"(0, 4); (0, 5); (1, 2); (1, 3); (1, 4); (2, 3); (2, 4); (4, 5); (4, 6)",[],[],"[(0, 5), (1, 2)]","[41, 27]","[(1, 2, 3), (1, 3, 6), (2, 3, 6)]","[255, 686, 686]",True,False,88,48,False
515,7,9,"(0, 1); (0, 4); (1, 2); (1, 3); (1, 4); (2, 3); (3, 4); (4, 5); (5, 6)",[],[],[],[],"[(0, 1, 2)]",[422],True,True,166,2,True
516,7,9,"(0, 1); (0, 5); (1, 2); (2, 3); (2, 4); (2, 5); (3, 4); (4, 5); (4, 6)",[],[],[],[],"[(0, 2, 3), (1, 5, 6)]","[634, 936]",True,True,202,5,True
517,7,9,"(0, 1); (0, 5); (1, 2); (2, 3); (2, 4); (2, 5); (3, 4); (4, 5); (5, 6)",[],[],[],[],"[(0, 2, 3), (3, 4, 6)]","[633, 693]",True,True,203,3,True
518,7,9,"(0, 1); (0, 2); (0, 4); (0, 5); (1, 2); (1, 3); (1, 6); (3, 6); (5, 6)",[],[],[],[],"[(1, 2, 3), (2, 3, 5)]","[428, 910]",True,True,169,6,False
519,7,9,"(0, 1); (0, 2); (0, 4); (0, 5); (1, 2); (1, 6); (2, 3); (2, 5); (3, 4)",[],[],[],[],"[(0, 2, 3), (0, 2, 4), (1, 5, 6), (3, 4, 5)]","[426, 426, 637, 638]",True,True,139,6,False
520,7,9,"(0, 1); (0, 2); (0, 4); (0, 5); (1, 2); (2, 3); (2, 5); (3, 4); (4, 6)",[],[],"[(1, 5)]",[37],"[(0, 2, 3)]",[425],True,False,97,6,False
521,7,9,"(0, 4); (0, 5); (1, 2); (1, 3); (1, 4); (2, 3); (2, 4); (2, 6); (4, 5)",[],[],"[(0, 5)]",[40],"[(0, 3, 4), (1, 2, 6), (3, 4, 5)]","[637, 426, 637]",True,False,139,6,False
522,7,9,"(0, 1); (0, 3); (0, 4); (0, 5); (1, 2); (2, 3); (2, 5); (3, 4); (3, 6)",[],[],"[(1, 5)]",[34],[],[],True,False,204,1,False
523,7,9,"(0, 1); (0, 3); (0, 4); (0, 5); (1, 2); (2, 3); (2, 5); (2, 6); (3, 4)",[],[],"[(1, 5)]",[36],"[(3, 4, 6)]",[701],True,False,205,3,False
524,7,9,"(0, 1); (0, 2); (0, 6); (1, 2); (1, 3); (1, 5); (2, 3); (2, 5); (4, 6)",[],[],"[(1, 2), (3, 5)]","[21, 36]","[(0, 3, 4), (0, 4, 5), (1, 2, 3), (1, 2, 5)]","[940, 940, 266, 266]",True,False,82,10,False
525,7,9,"(0, 4); (0, 5); (1, 4); (1, 5); (1, 6); (2, 4); (2, 5); (3, 4); (3, 5)",[],[],"[(0, 2), (0, 3), (2, 3), (4, 5)]","[37, 37, 37, 20]","[(0, 1, 6), (0, 4, 5), (1, 2, 6), (1, 3, 6), (2, 4, 5), (3, 4, 5)]","[639, 362, 639, 639, 362, 362]",True,False,79,15,False
526,7,9,"(0, 1); (0, 4); (0, 5); (1, 2); (1, 3); (1, 4); (2, 3); (3, 4); (5, 6)",[],[],[],[],"[(1, 3, 4)]",[279],True,True,108,3,True
527,7,9,"(0, 1); (0, 5); (1, 2); (1, 6); (2, 3); (2, 4); (2, 5); (3, 4); (4, 5)",[],[],[],[],"[(0, 2, 3), (2, 4, 6)]","[647, 712]",True,True,157,13,True
528,7,9,"(0, 1); (0, 5); (0, 6); (1, 2); (2, 3); (2, 4); (2, 5); (3, 4); (4, 5)",[],[],[],[],"[(3, 5, 6)]",[965],True,True,160,8,True
529,7,9,"(0, 1); (0, 5); (1, 2); (2, 3); (2, 4); (2, 5); (3, 4); (3, 6); (4, 5)",[],[],[],[],[],[],True,True,206,1,True
530,7,9,"(0, 1); (0, 2); (0, 5); (1, 2); (1, 3); (1, 6); (2, 4); (3, 6); (5, 6)",[],[],[],[],"[(0, 1, 6)]",[433],True,True,133,14,True
531,7,9,"(0, 1); (0, 4); (1, 2); (1, 5); (2, 3); (3, 4); (3, 5); (3, 6); (4, 5)",[],[],[],[],"[(0, 4, 5), (0, 5, 6), (1, 2, 4)]","[406, 973, 623]",True,True,103,15,False
532,7,9,"(0, 1); (0, 3); (0, 4); (0, 5); (1, 2); (1, 6); (2, 3); (2, 5); (3, 4)",[],[],[],[],"[(0, 2, 3), (1, 5, 6)]","[399, 652]",True,True,158,8,False
533,7,9,"(0, 1); (0, 5); (1, 2); (1, 5); (2, 3); (2, 4); (3, 4); (4, 5); (4, 6)",[],[],[],[],"[(0, 5, 6), (1, 3, 5)]","[711, 648]",True,True,133,14,True
534,7,9,"(0, 1); (0, 2); (0, 3); (0, 6); (1, 3); (1, 5); (2, 3); (2, 5); (4, 6)",[],[],"[(1, 2)]",[25],"[(0, 3, 4), (1, 2, 5), (1, 3, 5), (2, 3, 5)]","[720, 366, 403, 403]",True,False,88,48,False
535,7,9,"(0, 1); (0, 4); (0, 5); (1, 2); (1, 5); (1, 6); (2, 3); (2, 5); (3, 4)",[],[],[],[],"[(0, 2, 3), (0, 2, 4), (0, 3, 5), (1, 5, 6), (2, 4, 5)]","[630, 630, 658, 440, 658]",True,True,174,30,False
536,7,9,"(0, 4); (0, 5); (0, 6); (1, 2); (1, 3); (1, 4); (2, 3); (2, 4); (4, 5)",[],[],"[(1, 2)]",[27],"[(0, 5, 6), (1, 2, 3), (3, 4, 5)]","[403, 256, 653]",True,False,88,48,False
537,7,9,"(0, 6); (1, 2); (1, 4); (2, 3); (2, 5); (2, 6); (3, 4); (3, 5); (4, 5)",[],[],"[(3, 5)]",[31],"[(0, 2, 4), (1, 3, 4), (1, 4, 5)]","[919, 399, 399]",True,False,158,8,False
538,7,9,"(0, 1); (0, 4); (0, 5); (0, 6); (1, 2); (1, 5); (2, 3); (2, 5); (3, 4)",[],[],"[(1, 5)]",[31],"[(1, 2, 4), (2, 4, 5)]","[652, 652]",True,False,158,8,False
539,7,9,"(0, 1); (0, 4); (1, 2); (1, 5); (2, 3); (3, 4); (3, 5); (4, 5); (5, 6)",[],[],[],[],"[(0, 1, 3), (1, 2, 4)]","[627, 627]",True,True,207,5,True
540,7,9,"(0, 1); (0, 3); (0, 4); (0, 5); (1, 2); (2, 3); (2, 5); (3, 4); (4, 6)",[],[],"[(1, 5)]",[35],"[(0, 2, 3), (0, 2, 6), (1, 3, 6), (3, 5, 6)]","[408, 920, 966, 966]",True,False,146,10,False
541,7,9,"(0, 1); (0, 2); (0, 5); (1, 2); (1, 3); (1, 6); (3, 6); (4, 5); (5, 6)",[],[],[],[],"[(0, 1, 6), (0, 2, 4), (1, 2, 3), (3, 4, 6)]","[437, 713, 440, 713]",True,True,174,30,False
542,7,9,"(0, 1); (0, 5); (1, 2); (1, 4); (2, 3); (2, 5); (3, 4); (4, 5); (5, 6)",[],[],"[(2, 4)]",[25],"[(1, 5, 6), (2, 3, 4)]","[629, 365]",True,False,98,10,False
543,7,9,"(0, 1); (0, 4); (1, 2); (1, 5); (1, 6); (2, 3); (3, 4); (3, 5); (4, 5)",[],[],[],[],"[(0, 4, 5), (2, 3, 5)]","[402, 402]",True,True,160,8,True
544,7,9,"(0, 4); (0, 5); (1, 2); (1, 3); (1, 4); (2, 3); (2, 4); (3, 6); (4, 5)",[],[],"[(0, 5), (1, 2)]","[41, 32]",[],[],True,False,208,1,False
545,7,9,"(0, 1); (0, 2); (0, 3); (0, 5); (1, 2); (1, 3); (2, 3); (4, 5); (4, 6)",[],[],"[(1, 2), (1, 3), (2, 3)]","[31, 31, 31]",[],[],True,False,209,1,False
546,7,9,"(0, 1); (0, 4); (0, 6); (1, 2); (1, 5); (2, 3); (3, 4); (3, 5); (4, 5)",[],[],[],[],"[(1, 2, 4), (2, 3, 5)]","[640, 414]",True,True,163,3,True
547,7,9,"(0, 1); (0, 4); (0, 5); (1, 2); (1, 5); (2, 3); (2, 5); (3, 4); (4, 6)",[],[],"[(1, 5)]",[30],"[(0, 1, 3), (0, 2, 3), (0, 3, 5)]","[665, 644, 665]",True,False,144,12,False
548,7,9,"(0, 1); (0, 5); (0, 6); (1, 2); (1, 5); (2, 3); (2, 4); (3, 4); (4, 5)",[],[],[],[],"[(1, 3, 5)]",[663],True,True,128,4,True
549,7,9,"(0, 1); (0, 2); (0, 6); (1, 3); (1, 5); (2, 3); (2, 5); (3, 5); (4, 6)",[],[],"[(1, 2), (3, 5)]","[26, 30]",[],[],True,False,210,1,False
550,7,9,"(0, 1); (0, 5); (0, 6); (1, 2); (1, 4); (2, 3); (2, 5); (3, 4); (4, 5)",[],[],"[(1, 5), (2, 4)]","[26, 24]","[(1, 3, 6), (2, 3, 4), (3, 5, 6)]","[994, 367, 994]",True,False,144,12,False
551,7,9,"(0, 5); (0, 6); (1, 2); (1, 6); (2, 6); (3, 4); (3, 6); (4, 6); (5, 6)",[],[],"[(0, 5), (1, 2), (3, 4)]","[42, 42, 42]",[],[],True,False,211,1,False
552,7,9,"(0, 1); (0, 2); (1, 2); (1, 4); (2, 3); (2, 5); (2, 6); (3, 4); (5, 6)",[],[],"[(5, 6)]",[43],"[(0, 3, 4)]",[675],True,False,212,2,False
553,7,9,"(0, 4); (0, 6); (1, 3); (1, 4); (2, 3); (2, 4); (3, 4); (4, 5); (5, 6)",[],[],"[(0, 5), (1, 2)]","[33, 37]","[(0, 5, 6), (3, 4, 6)]","[368, 677]",True,False,114,13,False
554,7,9,"(0, 4); (0, 5); (1, 3); (1, 4); (2, 3); (2, 4); (3, 6); (4, 5); (4, 6)",[],[],"[(0, 5), (1, 2), (1, 6), (2, 6)]","[44, 36, 36, 36]","[(0, 3, 4), (3, 4, 5)]","[669, 669]",True,False,156,12,False
555,7,9,"(0, 2); (0, 5); (1, 2); (1, 4); (2, 3); (2, 5); (3, 6); (4, 5); (5, 6)",[],[],[],[],"[(0, 1, 4), (0, 3, 6)]","[679, 679]",True,True,213,5,False
556,7,9,"(0, 4); (0, 5); (1, 3); (1, 4); (2, 3); (2, 5); (4, 5); (4, 6); (5, 6)",[],[],"[(0, 6)]",[38],"[(0, 1, 2), (1, 2, 6), (3, 4, 5)]","[946, 946, 680]",True,False,86,21,False
557,7,9,"(0, 1); (0, 2); (1, 2); (2, 3); (2, 6); (3, 4); (3, 5); (3, 6); (4, 5)",[],[],"[(0, 1), (4, 5)]","[42, 42]","[(0, 2, 6), (1, 2, 6), (3, 4, 6), (3, 5, 6)]","[443, 443, 443, 443]",True,False,175,2,False
558,7,9,"(0, 2); (0, 5); (1, 2); (1, 5); (2, 3); (2, 4); (3, 6); (4, 5); (5, 6)",[],[],"[(0, 1), (0, 4), (1, 4)]","[38, 38, 38]","[(0, 3, 6), (1, 3, 6), (2, 3, 5), (2, 5, 6), (3, 4, 6)]","[680, 680, 668, 668, 680]",True,False,86,21,False
559,7,9,"(0, 1); (0, 6); (1, 2); (1, 3); (1, 4); (2, 3); (3, 4); (4, 5); (5, 6)",[],[],[],[],[],[],True,True,214,1,True
560,7,9,"(0, 1); (0, 4); (0, 6); (1, 2); (1, 5); (1, 6); (2, 3); (3, 4); (4, 5)",[],[],[],[],"[(2, 3, 5)]",[699],True,True,215,2,True
561,7,9,"(0, 1); (0, 4); (1, 2); (1, 4); (1, 5); (2, 3); (2, 6); (3, 4); (5, 6)",[],[],[],[],"[(0, 1, 6)]",[692],True,True,216,7,True
562,7,9,"(0, 1); (0, 2); (1, 2); (1, 4); (2, 3); (3, 4); (3, 5); (3, 6); (5, 6)",[],[],"[(5, 6)]",[43],"[(1, 2, 4)]",[424],True,False,141,3,False
563,7,9,"(0, 1); (0, 2); (0, 4); (0, 5); (1, 2); (2, 3); (3, 6); (4, 5); (5, 6)",[],[],[],[],"[(0, 1, 4)]",[449],True,True,178,2,True
564,7,9,"(0, 1); (0, 4); (0, 6); (1, 2); (1, 5); (1, 6); (2, 3); (3, 4); (3, 5)",[],[],"[(2, 5)]",[36],"[(0, 1, 3), (2, 4, 6), (4, 5, 6)]","[676, 981, 981]",True,False,118,13,False
565,7,9,"(0, 1); (0, 2); (0, 4); (1, 5); (2, 3); (2, 5); (3, 6); (4, 5); (5, 6)",[],[],"[(1, 4)]",[37],[],[],True,False,217,1,False
566,7,9,"(0, 1); (0, 5); (1, 2); (1, 4); (2, 3); (2, 4); (3, 6); (4, 5); (4, 6)",[],[],[],[],"[(0, 3, 4)]",[922],True,True,218,2,True
567,7,9,"(0, 1); (0, 3); (0, 4); (1, 2); (1, 3); (1, 4); (2, 5); (2, 6); (5, 6)",[],[],"[(3, 4), (5, 6)]","[36, 40]",[],[],True,False,219,1,False
568,7,9,"(0, 5); (0, 6); (1, 3); (1, 4); (1, 5); (1, 6); (2, 3); (2, 4); (5, 6)",[],[],"[(3, 4), (5, 6)]","[33, 28]","[(0, 1, 2), (0, 5, 6), (2, 3, 4)]","[924, 259, 374]",True,False,85,10,False
569,7,9,"(0, 1); (0, 2); (0, 4); (0, 5); (1, 4); (2, 3); (2, 5); (3, 6); (5, 6)",[],[],"[(1, 4)]",[43],"[(2, 3, 5), (2, 5, 6)]","[429, 429]",True,False,170,2,False
570,7,9,"(0, 3); (0, 4); (1, 3); (1, 4); (2, 3); (2, 4); (2, 5); (2, 6); (5, 6)",[],[],"[(0, 1), (3, 4), (5, 6)]","[34, 23, 44]","[(0, 2, 5), (0, 2, 6), (0, 3, 4), (1, 2, 5), (1, 2, 6), (1, 3, 4)]","[705, 705, 374, 705, 705, 374]",True,False,85,10,False
571,7,9,"(0, 1); (0, 2); (0, 5); (0, 6); (1, 4); (2, 3); (3, 4); (3, 6); (4, 5)",[],[],"[(1, 5), (2, 6)]","[37, 37]","[(0, 3, 4)]",[672],True,False,220,2,False
572,7,9,"(0, 1); (0, 5); (0, 6); (1, 2); (1, 6); (2, 3); (3, 4); (3, 6); (4, 5)",[],[],[],[],"[(0, 4, 6), (1, 2, 6), (1, 3, 5)]","[711, 433, 927]",True,True,133,14,True
573,7,9,"(0, 1); (0, 3); (0, 6); (1, 2); (1, 4); (2, 3); (3, 5); (4, 5); (4, 6)",[],[],[],[],"[(0, 4, 5), (1, 3, 5)]","[683, 683]",True,True,221,2,True
574,7,9,"(0, 1); (0, 4); (1, 2); (1, 4); (2, 3); (2, 5); (3, 6); (4, 5); (5, 6)",[],[],[],[],[],[],True,True,222,1,True
575,7,9,"(0, 1); (0, 4); (0, 5); (1, 2); (1, 4); (2, 6); (3, 5); (3, 6); (5, 6)",[],[],[],[],[],[],True,True,223,1,True
576,7,9,"(0, 3); (0, 4); (1, 2); (1, 3); (1, 4); (2, 5); (2, 6); (3, 4); (5, 6)",[],[],"[(3, 4), (5, 6)]","[27, 41]","[(0, 3, 4)]",[262],True,False,90,18,False
577,7,9,"(0, 1); (0, 5); (0, 6); (1, 2); (1, 6); (2, 3); (3, 4); (4, 5); (5, 6)",[],[],"[(0, 6)]",[31],"[(1, 3, 5)]",[931],True,False,174,30,False
578,7,9,"(0, 1); (0, 3); (0, 4); (1, 2); (2, 3); (2, 4); (3, 6); (4, 5); (5, 6)",[],[],"[(0, 2)]",[25],"[(0, 1, 2), (3, 4, 5), (3, 4, 6)]","[376, 686, 686]",True,False,88,48,False
579,7,9,"(0, 1); (0, 5); (1, 2); (1, 6); (2, 3); (2, 4); (3, 4); (4, 5); (5, 6)",[],[],"[(0, 6)]",[35],"[(0, 2, 4), (1, 3, 5), (2, 4, 6)]","[722, 932, 722]",True,False,81,32,False
580,7,9,"(0, 1); (0, 4); (1, 2); (1, 6); (2, 3); (3, 4); (3, 5); (4, 5); (5, 6)",[],[],[],[],[],[],True,True,224,1,True
581,7,9,"(0, 1); (0, 5); (0, 6); (1, 2); (2, 3); (2, 6); (3, 4); (4, 5); (4, 6)",[],[],[],[],"[(1, 3, 5)]",[1005],True,True,225,4,True
582,7,9,"(0, 3); (0, 4); (1, 2); (1, 5); (1, 6); (2, 5); (2, 6); (3, 4); (5, 6)",[],[],"[(0, 3), (0, 4), (1, 2), (1, 5), (1, 6), (2, 5), (2, 6), (3, 4), (5, 6)]","[39, 39, 32, 32, 32, 32, 32, 39, 32]","[(0, 3, 4)]",[249],False,False,78,36,False
583,7,10,"(0, 1); (0, 2); (0, 3); (0, 4); (1, 2); (1, 3); (1, 4); (2, 3); (2, 4); (3, 4)","[5, 6]","[176, 176]","[(0, 1), (0, 2), (0, 3), (0, 4), (1, 2), (1, 3), (1, 4), (2, 3), (2, 4), (3, 4), (5, 6)]","[23, 23, 23, 23, 23, 23, 23, 23, 23, 23, 52]","[(0, 1, 5), (0, 1, 6), (0, 2, 5), (0, 2, 6), (0, 3, 5), (0, 3, 6), (0, 4, 5), (0, 4, 6), (1, 2, 5), (1, 2, 6), (1, 3, 5), (1, 3, 6), (1, 4, 5), (1, 4, 6), (2, 3, 5), (2, 3, 6), (2, 4, 5), (2, 4, 6), (3, 4, 5), (3, 4, 6)]","[734, 734, 734, 734, 734, 734, 734, 734, 734, 734, 734, 734, 734, 734, 734, 734, 734, 734, 734, 734]",False,False,75,15,False
584,7,10,"(0, 1); (0, 3); (0, 4); (1, 2); (1, 3); (1, 4); (2, 3); (2, 4); (3, 4); (4, 5)",[6],[177],"[(0, 2), (1, 3)]","[27, 24]","[(0, 2, 6), (1, 3, 6), (1, 4, 5), (3, 4, 5)]","[1012, 767, 456, 456]",False,False,88,48,False
585,7,10,"(0, 1); (0, 3); (0, 4); (0, 5); (1, 2); (1, 3); (1, 4); (2, 3); (2, 4); (3, 4)",[6],[178],"[(1, 3), (1, 4), (3, 4)]","[25, 25, 25]","[(0, 2, 5), (1, 2, 5), (1, 3, 6), (1, 4, 6), (2, 3, 5), (2, 4, 5), (3, 4, 6)]","[731, 739, 772, 772, 739, 739, 772]",False,False,119,12,False
586,7,10,"(0, 1); (0, 4); (0, 5); (1, 4); (1, 5); (2, 4); (2, 5); (3, 4); (3, 5); (4, 5)",[6],[179],"[(0, 1), (2, 3), (4, 5)]","[33, 39, 20]","[(0, 1, 6), (2, 3, 6), (2, 4, 5), (3, 4, 5), (4, 5, 6)]","[800, 1063, 293, 293, 801]",False,False,78,36,False
587,7,10,"(0, 1); (0, 4); (1, 2); (1, 3); (1, 4); (1, 5); (2, 3); (3, 4); (3, 5); (4, 5)",[6],[180],[],[],[],[],False,False,226,1,False
588,7,10,"(0, 2); (0, 3); (0, 4); (0, 5); (1, 2); (1, 3); (2, 3); (2, 4); (3, 4); (4, 5)",[6],[181],"[(0, 4), (2, 3)]","[23, 23]","[(0, 1, 5), (0, 4, 5), (0, 4, 6), (1, 2, 3), (1, 2, 5), (1, 3, 5), (1, 4, 5), (2, 3, 6)]","[734, 291, 812, 291, 734, 734, 734, 812]",False,False,75,15,False
589,7,10,"(0, 1); (0, 4); (0, 5); (1, 2); (1, 3); (1, 4); (1, 5); (2, 3); (3, 4); (4, 5)",[6],[183],"[(0, 5)]",[33],"[(0, 1, 2), (0, 5, 6), (1, 2, 5), (1, 3, 4)]","[468, 827, 468, 307]",False,False,81,32,False
590,7,10,"(0, 2); (0, 3); (0, 5); (1, 2); (1, 3); (2, 3); (2, 4); (2, 5); (3, 4); (4, 5)",[6],[182],"[(0, 4)]",[27],"[(0, 2, 3), (0, 4, 6), (1, 2, 5), (2, 3, 4)]","[306, 1030, 470, 306]",False,False,90,18,False
591,7,10,"(0, 1); (0, 2); (0, 4); (0, 5); (1, 2); (1, 4); (1, 5); (2, 3); (2, 5); (3, 4)",[6],[185],"[(0, 1)]",[25],"[(0, 1, 6), (0, 2, 3), (1, 2, 3), (3, 4, 5)]","[842, 464, 464, 733]",False,False,181,6,False
592,7,10,"(0, 1); (0, 3); (0, 4); (0, 5); (1, 2); (1, 5); (2, 3); (2, 5); (3, 4); (3, 5)",[6],[184],[],[],"[(0, 3, 5), (1, 2, 4), (1, 2, 5)]","[310, 738, 295]",False,False,114,13,False
593,7,10,"(0, 1); (0, 2); (1, 3); (1, 4); (1, 5); (2, 3); (2, 4); (2, 5); (3, 5); (4, 5)",[6],[186],"[(1, 2), (3, 4)]","[21, 28]","[(0, 1, 2), (0, 1, 5), (0, 2, 5), (1, 2, 6), (3, 4, 6)]","[452, 465, 465, 1025, 1035]",False,False,76,26,False
594,7,10,"(0, 1); (0, 4); (0, 5); (1, 2); (1, 5); (2, 3); (2, 5); (3, 4); (3, 5); (4, 5)",[6],[187],[],[],[],[],False,False,227,1,False
595,7,10,"(0, 1); (0, 2); (0, 5); (1, 2); (1, 3); (1, 5); (2, 3); (2, 4); (3, 4); (4, 5)",[6],[188],[],[],"[(0, 2, 4), (1, 3, 5), (1, 4, 5), (2, 4, 5)]","[469, 469, 457, 457]",False,False,88,48,False
596,7,10,"(0, 1); (0, 2); (0, 3); (1, 2); (1, 4); (1, 5); (2, 4); (2, 5); (3, 4); (3, 5)",[6],[189],"[(0, 4), (0, 5), (1, 2), (4, 5)]","[27, 27, 24, 27]","[(0, 1, 3), (0, 2, 3), (0, 4, 6), (0, 5, 6), (1, 2, 6), (1, 3, 4), (1, 3, 5), (2, 3, 4), (2, 3, 5), (4, 5, 6)]","[456, 456, 1062, 1062, 874, 456, 456, 456, 456, 1062]",False,False,88,48,False
597,7,10,"(0, 1); (0, 2); (0, 5); (1, 2); (1, 3); (1, 4); (2, 5); (3, 4); (3, 5); (4, 5)",[6],[190],"[(0, 2), (1, 5), (3, 4)]","[33, 22, 33]","[(0, 1, 3), (0, 1, 4), (0, 2, 6), (0, 3, 5), (0, 4, 5), (1, 2, 3), (1, 2, 4), (1, 5, 6), (2, 3, 5), (2, 4, 5), (3, 4, 6)]","[468, 468, 873, 468, 468, 468, 468, 1038, 468, 468, 873]",False,False,81,32,False
598,7,10,"(0, 1); (0, 2); (0, 3); (1, 2); (1, 3); (1, 5); (2, 3); (2, 4); (2, 5); (2, 6)",[],[],"[(0, 3), (4, 6)]","[34, 49]",[],[],True,False,228,1,False
599,7,10,"(0, 1); (0, 2); (0, 3); (1, 2); (1, 3); (1, 5); (1, 6); (2, 3); (2, 4); (2, 5)",[],[],"[(0, 3)]",[35],"[(4, 5, 6)]",[1086],True,False,229,3,False
600,7,10,"(0, 1); (0, 2); (0, 3); (0, 4); (1, 2); (1, 3); (1, 5); (1, 6); (2, 3); (2, 5)",[],[],[],[],"[(0, 3, 4), (1, 2, 6), (3, 4, 5)]","[480, 490, 1020]",True,True,126,9,False
601,7,10,"(0, 1); (0, 2); (0, 3); (0, 4); (0, 6); (1, 2); (1, 3); (1, 5); (2, 3); (2, 5)",[],[],"[(1, 2), (4, 6)]","[24, 49]","[(1, 2, 5), (3, 4, 5), (3, 5, 6)]","[294, 1019, 1019]",True,False,113,7,False
602,7,10,"(0, 1); (0, 2); (0, 3); (0, 4); (1, 2); (1, 3); (1, 5); (2, 3); (2, 5); (3, 6)",[],[],"[(1, 2)]",[25],"[(1, 2, 5)]",[295],True,False,114,13,False
603,7,10,"(0, 1); (0, 3); (0, 4); (1, 2); (1, 4); (2, 3); (2, 4); (3, 4); (4, 5); (4, 6)",[],[],"[(0, 2), (1, 3), (5, 6)]","[29, 29, 50]",[],[],True,False,230,1,False
604,7,10,"(0, 2); (1, 2); (1, 3); (1, 4); (2, 3); (2, 5); (3, 4); (3, 5); (3, 6); (4, 5)",[],[],"[(1, 5)]",[30],"[(0, 2, 4)]",[741],True,False,231,2,False
605,7,10,"(0, 1); (0, 2); (0, 3); (1, 2); (1, 3); (1, 5); (2, 3); (2, 5); (2, 6); (4, 5)",[],[],"[(0, 3)]",[35],"[(0, 1, 4), (1, 2, 6), (1, 3, 4)]","[776, 499, 776]",True,False,191,4,False
606,7,10,"(0, 2); (1, 2); (1, 3); (1, 4); (2, 3); (2, 5); (2, 6); (3, 4); (3, 5); (4, 5)",[],[],"[(0, 6), (1, 5)]","[50, 30]","[(0, 3, 4), (1, 3, 4), (3, 4, 5), (3, 4, 6)]","[780, 315, 315, 780]",True,False,101,6,False
607,7,10,"(0, 1); (0, 2); (0, 4); (0, 5); (1, 2); (1, 4); (2, 3); (2, 5); (4, 5); (5, 6)",[],[],[],[],"[(0, 1, 4), (0, 1, 6), (0, 3, 4), (1, 5, 6), (2, 3, 4)]","[316, 786, 786, 742, 742]",True,True,123,8,False
608,7,10,"(0, 1); (0, 2); (0, 3); (0, 4); (1, 2); (1, 3); (1, 5); (2, 3); (2, 5); (5, 6)",[],[],"[(1, 2)]",[26],"[(0, 3, 4), (1, 3, 6), (2, 3, 6)]","[494, 783, 783]",True,False,81,32,False
609,7,10,"(0, 2); (1, 2); (1, 3); (1, 4); (2, 3); (2, 5); (3, 4); (3, 5); (4, 5); (4, 6)",[],[],"[(1, 5)]",[31],[],[],True,False,232,1,False
610,7,10,"(0, 1); (0, 2); (0, 3); (1, 2); (1, 3); (1, 5); (2, 3); (2, 5); (4, 5); (5, 6)",[],[],"[(0, 3), (1, 2), (4, 6)]","[34, 26, 49]","[(0, 1, 4), (0, 1, 6), (0, 2, 4), (0, 2, 6), (1, 3, 4), (1, 3, 6), (2, 3, 4), (2, 3, 6)]","[783, 783, 783, 783, 783, 783, 783, 783]",True,False,81,32,False
611,7,10,"(0, 1); (0, 3); (0, 4); (1, 2); (1, 3); (1, 4); (2, 3); (2, 4); (3, 4); (5, 6)",[],[],"[(0, 2), (1, 3), (1, 4), (3, 4), (5, 6)]","[32, 26, 26, 26, 51]",[],[],False,False,233,1,False
612,7,10,"(0, 4); (0, 5); (1, 4); (1, 5); (2, 4); (2, 5); (3, 4); (3, 5); (4, 5); (5, 6)",[],[],"[(0, 1), (0, 2), (0, 3), (1, 2), (1, 3), (2, 3)]","[40, 40, 40, 40, 40, 40]","[(4, 5, 6)]",[507],True,False,197,2,False
613,7,10,"(0, 1); (0, 2); (0, 3); (0, 4); (0, 5); (0, 6); (1, 2); (2, 3); (2, 5); (3, 4)",[],[],"[(1, 5)]",[40],[],[],True,False,234,1,False
614,7,10,"(0, 1); (0, 2); (0, 3); (0, 4); (0, 5); (1, 2); (2, 3); (2, 5); (2, 6); (3, 4)",[],[],"[(1, 5)]",[41],"[(3, 4, 6)]",[798],True,False,235,3,False
615,7,10,"(0, 4); (0, 5); (1, 4); (1, 5); (1, 6); (2, 4); (2, 5); (3, 4); (3, 5); (4, 5)",[],[],"[(0, 2), (0, 3), (2, 3), (4, 5)]","[41, 41, 41, 20]","[(0, 1, 6), (0, 4, 5), (1, 2, 6), (1, 3, 6), (2, 4, 5), (3, 4, 5)]","[749, 308, 749, 749, 308, 308]",True,False,78,36,False
616,7,10,"(0, 1); (0, 2); (0, 3); (0, 4); (0, 5); (1, 2); (2, 3); (2, 5); (3, 4); (3, 6)",[],[],"[(1, 5)]",[40],[],[],True,False,236,1,False
617,7,10,"(0, 1); (0, 2); (0, 4); (0, 5); (0, 6); (1, 2); (1, 3); (1, 4); (3, 4); (4, 5)",[],[],[],[],"[(1, 2, 3), (2, 3, 5), (3, 4, 5)]","[504, 1024, 504]",True,True,194,4,False
618,7,10,"(0, 1); (0, 2); (0, 5); (1, 2); (1, 3); (1, 4); (1, 5); (1, 6); (3, 4); (4, 5)",[],[],[],[],[],[],True,True,237,1,True
619,7,10,"(0, 1); (0, 2); (0, 3); (0, 4); (0, 5); (0, 6); (1, 2); (1, 3); (2, 3); (4, 5)",[],[],"[(1, 2), (1, 3), (2, 3), (4, 5)]","[34, 34, 34, 45]",[],[],True,False,238,1,False
620,7,10,"(0, 1); (0, 3); (0, 4); (0, 5); (1, 2); (1, 5); (2, 3); (3, 4); (3, 5); (3, 6)",[],[],[],[],"[(1, 2, 5)]",[479],True,True,187,4,True
621,7,10,"(0, 1); (0, 2); (0, 3); (0, 4); (0, 5); (1, 2); (2, 3); (2, 5); (3, 4); (5, 6)",[],[],[],[],"[(0, 2, 3), (1, 5, 6)]","[337, 760]",True,True,133,14,True
622,7,10,"(0, 2); (0, 3); (0, 4); (0, 5); (1, 2); (1, 3); (2, 3); (3, 4); (3, 6); (4, 5)",[],[],[],[],"[(0, 1, 5), (4, 5, 6)]","[759, 822]",True,True,157,13,True
623,7,10,"(0, 1); (0, 2); (0, 5); (0, 6); (1, 2); (1, 3); (1, 4); (1, 5); (3, 4); (4, 5)",[],[],[],[],"[(1, 2, 4), (3, 5, 6)]","[531, 1051]",True,True,103,15,False
624,7,10,"(0, 2); (0, 4); (0, 5); (1, 4); (1, 5); (2, 3); (2, 4); (2, 5); (2, 6); (3, 5)",[],[],[],[],"[(0, 1, 4), (0, 1, 6)]","[481, 1057]",True,True,151,5,False
625,7,10,"(0, 1); (0, 2); (0, 3); (1, 2); (1, 3); (1, 5); (2, 3); (2, 5); (2, 6); (4, 6)",[],[],"[(0, 3)]",[36],"[(1, 2, 4)]",[824],True,False,239,2,False
626,7,10,"(0, 1); (0, 2); (0, 4); (0, 5); (1, 2); (1, 5); (2, 3); (2, 5); (2, 6); (3, 4)",[],[],"[(1, 5)]",[37],[],[],True,False,240,1,False
627,7,10,"(0, 1); (0, 2); (0, 5); (1, 2); (1, 3); (1, 4); (1, 5); (3, 4); (4, 5); (5, 6)",[],[],[],[],"[(0, 1, 3), (0, 2, 6), (1, 2, 4), (3, 4, 6)]","[539, 819, 539, 819]",True,True,207,5,True
628,7,10,"(0, 1); (0, 2); (0, 3); (0, 4); (0, 5); (1, 2); (2, 3); (2, 5); (3, 4); (4, 6)",[],[],"[(1, 5)]",[41],"[(0, 2, 3), (0, 2, 6), (1, 3, 6), (3, 5, 6)]","[344, 830, 1054, 1054]",True,False,90,18,False
629,7,10,"(0, 2); (0, 3); (0, 5); (1, 2); (1, 3); (2, 3); (2, 4); (3, 4); (3, 6); (4, 5)",[],[],"[(0, 4)]",[27],"[(0, 4, 5), (1, 2, 5), (2, 3, 6)]","[453, 762, 542]",True,False,98,10,False
630,7,10,"(0, 1); (0, 2); (0, 3); (0, 4); (0, 5); (1, 2); (1, 3); (2, 3); (2, 6); (4, 5)",[],[],"[(1, 3), (4, 5)]","[36, 45]","[(0, 1, 4), (0, 1, 5), (0, 3, 4), (0, 3, 5), (1, 2, 6), (2, 3, 6)]","[535, 535, 535, 535, 510, 510]",True,False,174,30,False
631,7,10,"(0, 2); (0, 4); (0, 5); (1, 4); (1, 5); (2, 4); (2, 5); (3, 4); (3, 5); (5, 6)",[],[],"[(0, 2), (1, 3)]","[37, 41]","[(4, 5, 6)]",[746],True,False,241,2,False
632,7,10,"(0, 2); (0, 3); (0, 4); (0, 5); (1, 2); (1, 3); (2, 3); (2, 6); (3, 4); (4, 5)",[],[],[],[],"[(0, 1, 5), (0, 4, 6), (1, 3, 5)]","[771, 837, 770]",True,True,242,8,False
633,7,10,"(0, 2); (0, 4); (0, 5); (0, 6); (1, 4); (1, 5); (2, 3); (2, 4); (2, 5); (3, 5)",[],[],[],[],"[(1, 2, 5)]",[517],True,True,203,3,True
634,7,10,"(0, 1); (0, 3); (0, 4); (0, 5); (1, 2); (1, 5); (1, 6); (2, 3); (3, 4); (3, 5)",[],[],[],[],"[(0, 2, 3), (4, 5, 6)]","[516, 1064]",True,True,202,5,True
635,7,10,"(0, 2); (0, 3); (0, 5); (1, 2); (1, 3); (2, 3); (2, 4); (3, 4); (4, 5); (4, 6)",[],[],"[(2, 3)]",[25],"[(0, 4, 6), (1, 2, 3), (1, 2, 5), (1, 3, 5)]","[750, 304, 772, 772]",True,False,119,12,False
636,7,10,"(0, 1); (0, 2); (0, 3); (0, 6); (1, 2); (1, 3); (1, 5); (2, 3); (2, 5); (4, 6)",[],[],"[(1, 2)]",[25],"[(0, 3, 4), (1, 2, 5)]","[843, 303]",True,False,118,13,False
637,7,10,"(0, 1); (0, 2); (0, 4); (0, 5); (1, 2); (1, 5); (2, 3); (2, 5); (3, 4); (5, 6)",[],[],[],[],"[(0, 2, 3), (0, 2, 4), (1, 5, 6)]","[521, 521, 519]",True,True,139,6,False
638,7,10,"(0, 1); (0, 2); (0, 4); (0, 5); (1, 2); (1, 3); (1, 4); (3, 4); (4, 5); (5, 6)",[],[],[],[],"[(0, 1, 4), (1, 2, 3)]","[348, 519]",True,True,139,6,False
639,7,10,"(0, 2); (0, 4); (0, 5); (0, 6); (1, 4); (1, 5); (2, 4); (2, 5); (3, 4); (3, 5)",[],[],"[(1, 3), (4, 5)]","[40, 21]","[(0, 2, 6), (1, 2, 6), (1, 4, 5), (2, 3, 6), (3, 4, 5)]","[525, 1072, 454, 1072, 454]",True,False,79,15,False
640,7,10,"(0, 1); (0, 2); (0, 5); (1, 2); (1, 3); (1, 4); (1, 5); (2, 6); (3, 4); (4, 5)",[],[],[],[],"[(0, 1, 3)]",[546],True,True,163,3,True
641,7,10,"(0, 1); (0, 3); (0, 5); (1, 2); (2, 3); (2, 4); (2, 5); (2, 6); (3, 4); (4, 5)",[],[],"[(3, 5)]",[30],"[(0, 1, 4)]",[754],True,False,243,2,False
642,7,10,"(0, 1); (0, 4); (0, 5); (1, 2); (2, 3); (2, 5); (3, 4); (3, 5); (4, 5); (5, 6)",[],[],[],[],"[(0, 1, 3), (1, 2, 4), (1, 3, 4)]","[755, 755, 781]",True,True,244,6,False
643,7,10,"(0, 1); (0, 3); (0, 4); (0, 5); (0, 6); (1, 2); (1, 5); (2, 3); (2, 5); (3, 4)",[],[],"[(1, 5)]",[35],"[(1, 2, 4), (2, 4, 5)]","[776, 776]",True,False,191,4,False
644,7,10,"(0, 1); (0, 2); (0, 3); (0, 4); (0, 5); (1, 2); (1, 3); (2, 3); (4, 5); (5, 6)",[],[],"[(1, 2), (1, 3), (2, 3)]","[35, 35, 35]","[(0, 1, 4), (0, 2, 4), (0, 3, 4), (4, 5, 6)]","[547, 547, 547, 487]",True,False,144,12,False
645,7,10,"(0, 1); (0, 3); (0, 4); (1, 2); (1, 4); (2, 3); (2, 4); (3, 4); (4, 6); (5, 6)",[],[],"[(0, 2), (1, 3)]","[30, 30]",[],[],True,False,245,1,False
646,7,10,"(0, 2); (0, 3); (0, 4); (0, 5); (1, 2); (1, 3); (1, 6); (2, 3); (3, 4); (4, 5)",[],[],[],[],[],[],True,True,246,1,True
647,7,10,"(0, 1); (0, 3); (0, 4); (0, 5); (1, 2); (1, 5); (2, 3); (3, 4); (3, 5); (4, 6)",[],[],[],[],"[(0, 2, 3), (0, 5, 6), (1, 2, 5), (1, 3, 6)]","[527, 858, 488, 1039]",True,True,157,13,True
648,7,10,"(0, 1); (0, 4); (0, 5); (1, 2); (2, 3); (2, 5); (3, 4); (3, 5); (4, 5); (4, 6)",[],[],[],[],"[(0, 1, 3), (0, 2, 5)]","[760, 533]",True,True,133,14,True
649,7,10,"(0, 1); (0, 3); (0, 4); (0, 5); (1, 2); (1, 5); (2, 3); (2, 6); (3, 4); (3, 5)",[],[],[],[],[],[],True,True,247,1,True
650,7,10,"(0, 1); (0, 4); (0, 5); (0, 6); (1, 2); (2, 3); (2, 5); (3, 4); (3, 5); (4, 5)",[],[],[],[],"[(1, 2, 4), (1, 3, 4), (3, 4, 5), (3, 5, 6)]","[763, 787, 325, 865]",True,True,88,48,False
651,7,10,"(0, 1); (0, 3); (0, 5); (1, 2); (2, 3); (2, 4); (2, 5); (3, 4); (4, 5); (5, 6)",[],[],[],[],"[(0, 1, 4), (0, 2, 3), (3, 5, 6)]","[758, 488, 759]",True,True,157,13,True
652,7,10,"(0, 1); (0, 3); (0, 4); (0, 5); (1, 2); (1, 5); (1, 6); (2, 3); (2, 5); (3, 4)",[],[],[],[],"[(0, 2, 3), (0, 3, 5), (1, 5, 6), (2, 4, 5)]","[491, 538, 532, 782]",True,True,158,8,False
653,7,10,"(0, 1); (0, 2); (0, 4); (0, 5); (1, 2); (1, 5); (2, 3); (2, 5); (3, 4); (3, 6)",[],[],"[(1, 5)]",[37],"[(0, 2, 4), (1, 2, 6), (2, 5, 6)]","[536, 859, 859]",True,False,88,48,False
654,7,10,"(0, 6); (1, 2); (1, 3); (1, 4); (2, 3); (2, 5); (2, 6); (3, 4); (3, 5); (4, 5)",[],[],"[(1, 5)]",[31],"[(0, 2, 4), (1, 3, 4), (3, 4, 5)]","[1041, 320, 320]",True,False,103,15,False
655,7,10,"(0, 1); (1, 2); (1, 5); (1, 6); (2, 3); (2, 5); (2, 6); (3, 4); (4, 5); (4, 6)",[],[],"[(5, 6)]",[31],"[(0, 2, 4), (0, 3, 5), (0, 3, 6), (2, 4, 5), (2, 4, 6)]","[1042, 1090, 1090, 492, 492]",True,False,104,20,False
656,7,10,"(0, 1); (0, 3); (0, 5); (0, 6); (1, 2); (2, 3); (2, 4); (2, 5); (3, 4); (4, 5)",[],[],"[(3, 5)]",[31],[],[],True,False,248,1,False
657,7,10,"(0, 1); (0, 3); (0, 4); (0, 5); (1, 2); (1, 5); (2, 3); (2, 5); (3, 4); (3, 6)",[],[],"[(1, 5)]",[34],"[(1, 2, 4), (2, 4, 5)]","[783, 783]",True,False,81,32,False
658,7,10,"(0, 1); (0, 3); (0, 4); (0, 5); (1, 2); (1, 5); (2, 3); (2, 5); (2, 6); (3, 4)",[],[],"[(1, 5)]",[36],"[(0, 1, 3), (0, 3, 5), (3, 4, 6)]","[535, 535, 863]",True,False,174,30,False
659,7,10,"(0, 1); (0, 2); (0, 3); (1, 2); (1, 3); (1, 5); (2, 3); (2, 5); (4, 6); (5, 6)",[],[],"[(0, 3), (1, 2)]","[36, 26]",[],[],True,False,249,1,False
660,7,10,"(0, 2); (0, 3); (0, 5); (1, 2); (1, 3); (1, 6); (2, 3); (2, 4); (3, 4); (4, 5)",[],[],"[(0, 4), (2, 3)]","[27, 26]","[(0, 4, 5)]",[457],True,False,88,48,False
661,7,10,"(0, 2); (0, 3); (0, 5); (1, 2); (1, 3); (2, 3); (2, 4); (3, 4); (4, 5); (5, 6)",[],[],"[(0, 4), (2, 3)]","[32, 24]","[(0, 1, 6), (1, 2, 3), (1, 4, 6)]","[1098, 308, 1098]",True,False,78,36,False
662,7,10,"(0, 2); (0, 4); (0, 5); (1, 4); (1, 5); (1, 6); (2, 4); (2, 5); (3, 4); (3, 5)",[],[],"[(0, 2), (4, 5)]","[37, 22]","[(1, 3, 6), (3, 4, 5)]","[787, 457]",True,False,88,48,False
663,7,10,"(0, 1); (0, 4); (0, 5); (1, 2); (1, 6); (2, 3); (2, 5); (3, 4); (3, 5); (4, 5)",[],[],[],[],"[(0, 2, 5), (3, 4, 5)]","[548, 327]",True,True,128,4,True
664,7,10,"(0, 1); (0, 3); (0, 5); (1, 2); (1, 6); (2, 3); (2, 4); (2, 5); (3, 4); (4, 5)",[],[],"[(3, 5)]",[30],"[(0, 2, 3), (0, 2, 5), (2, 4, 6)]","[497, 497, 876]",True,False,107,4,False
665,7,10,"(0, 1); (0, 3); (0, 4); (0, 5); (1, 2); (1, 5); (2, 3); (2, 5); (3, 4); (4, 6)",[],[],"[(1, 5)]",[35],"[(0, 1, 3), (0, 2, 3), (0, 2, 6), (0, 3, 5)]","[547, 501, 1077, 547]",True,False,144,12,False
666,7,10,"(0, 1); (0, 2); (0, 3); (1, 4); (1, 5); (2, 3); (2, 5); (3, 4); (4, 5); (4, 6)",[],[],[],[],[],[],True,True,250,1,True
667,7,10,"(0, 1); (0, 3); (0, 5); (0, 6); (1, 2); (1, 4); (2, 3); (2, 5); (3, 4); (4, 5)",[],[],"[(1, 3), (1, 5), (2, 4), (3, 5)]","[30, 30, 29, 30]","[(0, 2, 6), (0, 4, 6)]","[780, 780]",True,False,101,6,False
668,7,10,"(0, 1); (0, 4); (0, 5); (0, 6); (1, 2); (1, 3); (1, 4); (1, 5); (1, 6); (2, 3)",[],[],"[(2, 3), (4, 5), (4, 6), (5, 6)]","[46, 42, 42, 42]","[(0, 1, 2), (0, 1, 3)]","[558, 558]",True,False,86,21,False
669,7,10,"(0, 2); (0, 5); (1, 2); (1, 5); (2, 3); (2, 4); (2, 5); (3, 6); (4, 5); (5, 6)",[],[],"[(0, 1), (0, 4), (1, 4)]","[43, 43, 43]","[(0, 3, 6), (1, 3, 6), (2, 3, 5), (2, 5, 6), (3, 4, 6)]","[793, 793, 554, 554, 793]",True,False,156,12,False
670,7,10,"(0, 2); (0, 3); (0, 4); (0, 5); (0, 6); (1, 2); (1, 3); (1, 4); (1, 5); (1, 6)",[],[],"[(0, 1), (2, 3), (2, 4), (2, 5), (2, 6), (3, 4), (3, 5), (3, 6), (4, 5), (4, 6), (5, 6)]","[19, 44, 44, 44, 44, 44, 44, 44, 44, 44, 44]","[(0, 1, 2), (0, 1, 3), (0, 1, 4), (0, 1, 5), (0, 1, 6)]","[458, 458, 458, 458, 458]",True,False,76,26,False
671,7,10,"(0, 5); (0, 6); (1, 2); (1, 6); (2, 6); (3, 4); (3, 6); (4, 5); (4, 6); (5, 6)",[],[],"[(1, 2)]",[47],[],[],True,False,251,1,False
672,7,10,"(0, 1); (0, 5); (0, 6); (1, 6); (2, 3); (2, 6); (3, 4); (3, 6); (4, 6); (5, 6)",[],[],"[(1, 5), (2, 4)]","[40, 40]","[(0, 3, 6)]",[571],True,False,220,2,False
673,7,10,"(0, 1); (0, 2); (0, 5); (1, 2); (1, 4); (1, 6); (2, 3); (2, 5); (2, 6); (3, 4)",[],[],[],[],"[(3, 4, 6)]",[804],True,True,216,7,True
674,7,10,"(0, 1); (0, 2); (0, 5); (0, 6); (1, 2); (1, 4); (2, 3); (2, 5); (2, 6); (3, 4)",[],[],"[(5, 6)]",[43],[],[],True,False,252,1,False
675,7,10,"(0, 4); (0, 5); (1, 2); (1, 6); (2, 6); (3, 4); (3, 6); (4, 5); (4, 6); (5, 6)",[],[],"[(1, 2)]",[47],"[(0, 3, 4)]",[552],True,False,212,2,False
676,7,10,"(0, 1); (0, 2); (1, 2); (1, 6); (2, 3); (2, 4); (2, 5); (3, 4); (4, 5); (4, 6)",[],[],"[(3, 5)]",[43],"[(0, 3, 6), (0, 5, 6), (1, 2, 4)]","[1065, 1065, 564]",True,False,118,13,False
677,7,10,"(0, 1); (0, 3); (0, 4); (0, 5); (0, 6); (1, 2); (1, 3); (1, 4); (2, 5); (2, 6)",[],[],"[(3, 4), (5, 6)]","[44, 40]","[(0, 1, 2)]",[553],True,False,114,13,False
678,7,10,"(0, 2); (0, 5); (1, 2); (1, 5); (2, 3); (2, 4); (2, 6); (3, 6); (4, 5); (5, 6)",[],[],"[(0, 1), (0, 4), (1, 4)]","[43, 43, 43]","[(2, 5, 6)]",[506],True,False,196,2,False
679,7,10,"(0, 1); (0, 2); (0, 5); (0, 6); (1, 2); (1, 4); (1, 5); (2, 3); (2, 6); (3, 4)",[],[],[],[],"[(0, 5, 6), (1, 3, 5), (2, 4, 6)]","[555, 810, 810]",True,True,213,5,False
680,7,10,"(0, 1); (0, 2); (0, 4); (0, 5); (1, 2); (2, 3); (2, 6); (3, 4); (4, 5); (4, 6)",[],[],"[(3, 6)]",[42],"[(0, 1, 5), (0, 2, 4), (1, 3, 5), (1, 5, 6)]","[558, 556, 1075, 1075]",True,False,86,21,False
681,7,10,"(0, 3); (0, 4); (1, 3); (1, 4); (2, 3); (2, 4); (2, 5); (2, 6); (3, 4); (5, 6)",[],[],"[(0, 1), (3, 4), (5, 6)]","[42, 23, 46]","[(0, 2, 5), (0, 2, 6), (0, 3, 4), (1, 2, 5), (1, 2, 6), (1, 3, 4)]","[811, 811, 309, 811, 811, 309]",True,False,86,21,False
682,7,10,"(0, 1); (0, 2); (1, 2); (1, 3); (1, 4); (1, 6); (2, 3); (3, 4); (4, 5); (5, 6)",[],[],[],[],"[(1, 2, 5)]",[816],True,True,133,14,True
683,7,10,"(0, 5); (0, 6); (1, 2); (1, 6); (2, 3); (2, 6); (3, 4); (4, 5); (4, 6); (5, 6)",[],[],[],[],"[(1, 5, 6)]",[573],True,True,221,2,True
684,7,10,"(0, 1); (0, 5); (0, 6); (1, 6); (2, 3); (2, 6); (3, 4); (3, 5); (4, 6); (5, 6)",[],[],"[(2, 4)]",[41],"[(1, 3, 6)]",[798],True,False,235,3,False
685,7,10,"(0, 1); (0, 4); (0, 5); (1, 2); (1, 6); (2, 3); (2, 5); (3, 5); (4, 5); (5, 6)",[],[],[],[],[],[],True,True,253,1,True
686,7,10,"(0, 2); (0, 3); (0, 4); (0, 5); (0, 6); (1, 2); (1, 3); (2, 4); (3, 4); (5, 6)",[],[],"[(2, 3), (5, 6)]","[27, 48]","[(0, 4, 5), (0, 4, 6), (1, 2, 3), (1, 2, 4), (1, 3, 4)]","[578, 578, 462, 514, 514]",True,False,88,48,False
687,7,10,"(0, 2); (0, 3); (0, 4); (0, 5); (0, 6); (1, 2); (1, 3); (1, 4); (3, 4); (5, 6)",[],[],"[(3, 4), (5, 6)]","[36, 48]","[(0, 1, 5), (0, 1, 6), (1, 2, 3), (1, 2, 4)]","[799, 799, 510, 510]",True,False,174,30,False
688,7,10,"(0, 1); (0, 5); (0, 6); (1, 6); (2, 3); (2, 4); (2, 6); (3, 4); (4, 6); (5, 6)",[],[],"[(1, 5), (2, 4)]","[41, 33]","[(0, 3, 6), (2, 3, 4)]","[832, 294]",True,False,113,7,False
689,7,10,"(0, 3); (0, 4); (1, 2); (1, 3); (1, 4); (1, 5); (1, 6); (2, 5); (2, 6); (5, 6)",[],[],"[(2, 5), (2, 6), (3, 4), (5, 6)]","[37, 37, 39, 37]","[(0, 1, 2), (0, 1, 5), (0, 1, 6), (0, 3, 4)]","[831, 831, 831, 462]",True,False,88,48,False
690,7,10,"(0, 1); (0, 2); (0, 4); (0, 6); (1, 4); (2, 4); (2, 5); (2, 6); (3, 5); (3, 6)",[],[],[],[],"[(1, 2, 3)]",[1046],True,True,254,6,True
691,7,10,"(0, 2); (0, 4); (0, 6); (1, 4); (1, 5); (2, 4); (2, 5); (3, 5); (3, 6); (4, 5)",[],[],[],[],"[(0, 2, 3), (4, 5, 6)]","[836, 833]",True,True,254,6,True
692,7,10,"(0, 3); (0, 4); (1, 2); (1, 4); (1, 6); (2, 3); (3, 4); (3, 5); (4, 5); (5, 6)",[],[],[],[],"[(0, 4, 6), (1, 2, 5), (2, 3, 4)]","[834, 804, 561]",True,True,216,7,True
693,7,10,"(0, 1); (0, 4); (1, 2); (2, 4); (2, 5); (2, 6); (3, 4); (3, 5); (3, 6); (4, 5)",[],[],[],[],"[(3, 5, 6)]",[517],True,True,203,3,True
694,7,10,"(0, 1); (0, 2); (1, 2); (1, 4); (1, 6); (2, 3); (3, 4); (4, 5); (4, 6); (5, 6)",[],[],[],[],"[(0, 1, 5)]",[841],True,True,255,2,True
695,7,10,"(0, 1); (0, 5); (1, 2); (1, 5); (1, 6); (2, 3); (3, 4); (3, 6); (4, 5); (5, 6)",[],[],[],[],"[(0, 2, 4)]",[1104],True,True,256,4,True
696,7,10,"(0, 1); (0, 2); (0, 4); (0, 5); (1, 4); (2, 3); (2, 5); (2, 6); (3, 6); (5, 6)",[],[],"[(1, 4)]",[47],"[(2, 5, 6)]",[331],True,False,130,2,False
697,7,10,"(0, 1); (0, 4); (1, 2); (1, 5); (1, 6); (2, 3); (3, 4); (3, 5); (4, 5); (5, 6)",[],[],[],[],[],[],True,True,257,1,True
698,7,10,"(0, 1); (0, 5); (1, 2); (1, 4); (1, 6); (2, 3); (2, 4); (3, 4); (4, 5); (5, 6)",[],[],"[(0, 6)]",[40],"[(0, 3, 4), (3, 4, 6)]","[839, 839]",True,False,258,4,False
699,7,10,"(0, 1); (0, 2); (1, 2); (1, 4); (1, 6); (2, 3); (2, 5); (3, 4); (3, 5); (4, 6)",[],[],[],[],"[(0, 1, 6), (0, 2, 5)]","[560, 560]",True,True,215,2,True
700,7,10,"(0, 1); (0, 2); (0, 4); (0, 6); (1, 2); (2, 3); (2, 5); (3, 4); (4, 5); (5, 6)",[],[],[],[],[],[],True,True,259,1,True
701,7,10,"(0, 1); (0, 2); (0, 3); (0, 4); (1, 5); (2, 5); (3, 4); (3, 5); (4, 6); (5, 6)",[],[],"[(1, 2)]",[43],"[(0, 5, 6), (3, 4, 6)]","[794, 523]",True,False,205,3,False
702,7,10,"(0, 1); (0, 5); (1, 2); (1, 5); (2, 3); (2, 4); (2, 6); (3, 4); (4, 5); (5, 6)",[],[],[],[],[],[],True,True,260,1,True
703,7,10,"(0, 3); (0, 4); (0, 5); (1, 3); (1, 4); (2, 3); (2, 4); (2, 6); (3, 4); (5, 6)",[],[],"[(3, 4)]",[25],"[(0, 2, 5), (0, 2, 6), (1, 3, 4)]","[809, 809, 311]",True,False,114,13,False
704,7,10,"(0, 1); (0, 4); (1, 2); (2, 3); (3, 4); (3, 5); (3, 6); (4, 5); (4, 6); (5, 6)",[],[],"[(5, 6)]",[38],"[(1, 3, 4)]",[848],True,False,261,4,False
705,7,10,"(0, 5); (0, 6); (1, 2); (1, 4); (1, 5); (1, 6); (2, 3); (2, 5); (2, 6); (3, 4)",[],[],"[(5, 6)]",[28],"[(0, 1, 3), (0, 2, 4), (0, 5, 6), (1, 2, 3), (1, 2, 4)]","[1049, 1049, 466, 570, 570]",True,False,85,10,False
706,7,10,"(0, 1); (0, 5); (1, 2); (1, 5); (2, 3); (2, 4); (2, 6); (3, 4); (4, 5); (4, 6)",[],[],"[(3, 6)]",[43],"[(0, 2, 4), (1, 3, 5), (1, 5, 6)]","[846, 838, 838]",True,False,156,12,False
707,7,10,"(0, 1); (0, 3); (0, 5); (0, 6); (1, 4); (1, 5); (2, 3); (2, 4); (4, 5); (4, 6)",[],[],"[(1, 5)]",[38],"[(0, 2, 4), (0, 3, 4), (2, 3, 6)]","[796, 796, 848]",True,False,261,4,False
708,7,10,"(0, 3); (0, 4); (1, 2); (1, 3); (1, 4); (2, 5); (3, 5); (3, 6); (4, 5); (4, 6)",[],[],"[(0, 6), (1, 5), (3, 4)]","[44, 28, 21]","[(0, 3, 4), (1, 2, 5), (3, 4, 6)]","[465, 467, 465]",True,False,76,26,False
709,7,10,"(0, 1); (0, 4); (0, 5); (1, 2); (1, 5); (2, 3); (2, 5); (3, 4); (3, 6); (5, 6)",[],[],[],[],"[(0, 2, 4), (0, 3, 5), (1, 2, 4)]","[826, 817, 863]",True,True,174,30,False
710,7,10,"(0, 1); (0, 4); (1, 2); (1, 4); (2, 3); (2, 5); (3, 5); (3, 6); (4, 5); (5, 6)",[],[],[],[],[],[],True,True,262,1,True
711,7,10,"(0, 1); (0, 5); (1, 2); (1, 6); (2, 3); (2, 4); (2, 6); (3, 4); (4, 5); (5, 6)",[],[],[],[],"[(0, 1, 6), (1, 3, 5), (2, 4, 6)]","[533, 1053, 572]",True,True,133,14,True
712,7,10,"(0, 1); (0, 4); (0, 5); (1, 2); (2, 3); (2, 5); (3, 4); (3, 5); (4, 6); (5, 6)",[],[],[],[],"[(0, 1, 3), (3, 4, 5)]","[822, 527]",True,True,157,13,True
713,7,10,"(0, 1); (0, 4); (0, 5); (0, 6); (1, 2); (2, 3); (2, 6); (3, 4); (3, 6); (4, 5)",[],[],[],[],"[(0, 2, 4), (1, 2, 6), (3, 5, 6)]","[818, 541, 857]",True,True,174,30,False
714,7,10,"(0, 1); (0, 5); (0, 6); (1, 2); (2, 3); (3, 4); (3, 6); (4, 5); (4, 6); (5, 6)",[],[],[],[],"[(0, 2, 4), (1, 3, 5), (4, 5, 6)]","[1051, 1051, 342]",True,True,103,15,False
715,7,10,"(0, 1); (0, 5); (0, 6); (1, 2); (1, 5); (1, 6); (2, 3); (3, 4); (4, 5); (4, 6)",[],[],"[(5, 6)]",[31],"[(0, 2, 4)]",[1057],True,False,151,5,False
716,7,10,"(0, 1); (0, 2); (0, 5); (0, 6); (1, 2); (2, 3); (3, 4); (4, 5); (4, 6); (5, 6)",[],[],"[(5, 6)]",[36],"[(0, 2, 4)]",[826],True,False,174,30,False
717,7,10,"(0, 1); (0, 5); (0, 6); (1, 2); (1, 6); (2, 3); (3, 4); (3, 6); (4, 5); (5, 6)",[],[],[],[],[],[],True,True,263,1,True
718,7,10,"(0, 2); (0, 5); (0, 6); (1, 2); (1, 4); (1, 5); (1, 6); (2, 3); (3, 4); (5, 6)",[],[],"[(5, 6)]",[37],[],[],True,False,264,1,False
719,7,10,"(0, 1); (0, 4); (1, 2); (1, 5); (1, 6); (2, 3); (3, 4); (3, 5); (4, 6); (5, 6)",[],[],[],[],"[(0, 4, 5), (1, 3, 4), (2, 3, 6)]","[818, 813, 818]",True,True,174,30,False
720,7,10,"(0, 1); (0, 5); (0, 6); (1, 2); (1, 4); (2, 3); (2, 5); (3, 4); (4, 5); (5, 6)",[],[],"[(2, 4)]",[27],"[(0, 1, 5), (2, 3, 4), (3, 5, 6)]","[534, 469, 865]",True,False,88,48,False
721,7,10,"(0, 3); (0, 4); (0, 5); (0, 6); (1, 2); (1, 3); (1, 5); (2, 4); (2, 6); (4, 6)",[],[],"[(3, 5), (4, 6)]","[41, 37]","[(0, 1, 2), (0, 1, 4), (0, 1, 6), (2, 3, 4), (2, 3, 6), (2, 4, 5), (2, 5, 6)]","[814, 831, 831, 859, 859, 859, 859]",True,False,88,48,False
722,7,10,"(0, 1); (0, 5); (1, 2); (1, 6); (2, 3); (2, 6); (3, 4); (4, 5); (4, 6); (5, 6)",[],[],[],[],"[(0, 2, 4), (0, 3, 6), (1, 3, 5), (1, 5, 6), (2, 4, 6)]","[1060, 1080, 1060, 579, 579]",True,True,81,32,False
723,7,10,"(0, 2); (0, 3); (0, 5); (1, 2); (1, 3); (1, 6); (2, 4); (3, 4); (4, 5); (4, 6)",[],[],"[(2, 3)]",[31],[],[],True,False,265,1,False
724,7,10,"(0, 1); (0, 5); (1, 5); (1, 6); (2, 3); (2, 4); (2, 6); (3, 4); (4, 6); (5, 6)",[],[],"[(1, 5), (2, 4)]","[33, 33]","[(0, 1, 5), (0, 3, 6), (2, 3, 4)]","[297, 1081, 297]",True,False,78,36,False
725,7,10,"(0, 1); (0, 3); (0, 4); (1, 3); (1, 4); (2, 3); (2, 4); (2, 5); (2, 6); (5, 6)",[],[],"[(0, 1), (3, 4), (5, 6)]","[34, 32, 48]",[],[],True,False,266,1,False
726,7,10,"(0, 1); (0, 3); (0, 4); (1, 2); (1, 3); (1, 4); (2, 5); (2, 6); (3, 4); (5, 6)",[],[],"[(0, 3), (0, 4), (3, 4), (5, 6)]","[36, 36, 36, 45]",[],[],True,False,267,1,False
727,7,10,"(0, 3); (0, 4); (1, 2); (1, 3); (1, 4); (2, 5); (2, 6); (3, 6); (4, 5); (5, 6)",[],[],[],[],"[(0, 5, 6)]",[877],True,True,268,3,True
728,7,10,"(0, 1); (0, 5); (0, 6); (1, 2); (1, 6); (2, 3); (2, 4); (3, 4); (4, 5); (5, 6)",[],[],"[(0, 6)]",[35],"[(1, 3, 5)]",[1086],True,False,229,3,False
729,7,10,"(0, 1); (0, 3); (0, 5); (1, 2); (1, 5); (2, 3); (2, 6); (3, 6); (4, 5); (4, 6)",[],[],[],[],"[(0, 2, 4), (1, 3, 4)]","[1083, 1083]",True,True,269,2,True
730,7,10,"(0, 1); (0, 5); (0, 6); (1, 2); (1, 4); (2, 3); (2, 5); (3, 4); (3, 6); (4, 5)",[],[],"[(1, 5), (2, 4)]","[30, 30]","[(0, 2, 6), (0, 4, 6), (1, 3, 6), (3, 5, 6)]","[854, 854, 854, 854]",True,False,270,3,False
731,7,11,"(0, 1); (0, 2); (0, 3); (0, 4); (1, 2); (1, 3); (1, 4); (1, 5); (2, 3); (2, 4); (3, 4)",[6],[191],"[(0, 2), (0, 3), (0, 4), (2, 3), (2, 4), (3, 4)]","[27, 27, 27, 27, 27, 27]","[(0, 1, 5), (0, 2, 6), (0, 3, 6), (0, 4, 6), (1, 2, 5), (1, 3, 5), (1, 4, 5), (2, 3, 6), (2, 4, 6), (3, 4, 6)]","[585, 893, 893, 893, 585, 585, 585, 893, 893, 893]",False,False,119,12,False
732,7,11,"(0, 1); (0, 2); (0, 3); (1, 2); (1, 3); (1, 4); (1, 5); (2, 3); (2, 4); (2, 5); (3, 5)",[6],[192],"[(0, 5), (1, 2)]","[33, 21]","[(0, 5, 6), (1, 2, 4), (1, 2, 6)]","[1115, 356, 934]",False,False,81,32,False
733,7,11,"(0, 1); (0, 3); (0, 4); (0, 5); (1, 2); (1, 3); (1, 4); (2, 3); (2, 4); (3, 4); (4, 5)",[6],[193],"[(1, 3)]",[27],"[(1, 3, 6), (2, 4, 5)]","[939, 591]",False,False,181,6,False
734,7,11,"(0, 1); (0, 2); (0, 3); (0, 4); (1, 2); (1, 3); (1, 4); (2, 3); (2, 4); (3, 5); (4, 5)",[6],[194],"[(0, 1), (0, 2), (1, 2), (3, 4)]","[28, 28, 28, 23]","[(0, 1, 6), (0, 2, 6), (0, 3, 5), (0, 4, 5), (1, 2, 6), (1, 3, 5), (1, 4, 5), (2, 3, 5), (2, 4, 5), (3, 4, 5), (3, 4, 6)]","[948, 948, 588, 588, 948, 588, 588, 588, 588, 583, 1113]",False,False,75,15,False
735,7,11,"(0, 1); (0, 2); (0, 5); (1, 2); (1, 3); (1, 4); (1, 5); (2, 5); (3, 4); (3, 5); (4, 5)",[6],[195],"[(0, 2), (1, 5), (3, 4)]","[39, 22, 39]","[(0, 2, 6), (1, 5, 6), (3, 4, 6)]","[956, 958, 956]",False,False,89,9,False
736,7,11,"(1, 4); (1, 5); (1, 6); (2, 3); (2, 5); (2, 6); (3, 4); (3, 6); (4, 5); (4, 6); (5, 6)",[0],[196],[],[],"[(2, 5, 6), (3, 4, 6)]","[363, 363]",False,False,90,18,False
737,7,11,"(0, 1); (0, 2); (0, 3); (0, 5); (1, 2); (1, 3); (1, 5); (1, 6); (2, 6); (3, 6); (5, 6)",[4],[197],"[(0, 6), (2, 3), (2, 5), (3, 5)]","[24, 33, 33, 33]","[(0, 1, 2), (0, 1, 3), (0, 1, 5), (0, 4, 6), (1, 2, 6), (1, 3, 6), (1, 5, 6), (2, 3, 4), (2, 4, 5), (3, 4, 5)]","[364, 364, 364, 1116, 364, 364, 364, 1130, 1130, 1130]",False,False,78,36,False
738,7,11,"(0, 1); (0, 2); (0, 4); (0, 5); (1, 4); (1, 5); (2, 3); (2, 4); (2, 5); (3, 4); (3, 5)",[6],[198],"[(4, 5)]",[25],"[(0, 2, 4), (0, 2, 5), (1, 3, 4), (1, 3, 5), (4, 5, 6)]","[372, 372, 592, 592, 1117]",False,False,114,13,False
739,7,11,"(0, 1); (0, 3); (0, 5); (1, 2); (1, 4); (1, 5); (2, 3); (2, 4); (2, 5); (3, 4); (4, 5)",[6],[199],"[(1, 5), (2, 4)]","[27, 27]","[(0, 1, 3), (0, 2, 3), (0, 3, 4), (0, 3, 5), (1, 5, 6), (2, 4, 6)]","[585, 585, 585, 585, 988, 988]",False,False,119,12,False
740,7,11,"(0, 1); (0, 3); (0, 4); (1, 2); (1, 3); (1, 4); (2, 3); (2, 4); (3, 4); (4, 5); (4, 6)",[],[],"[(0, 2), (1, 3), (5, 6)]","[34, 29, 51]",[],[],True,False,271,1,False
741,7,11,"(0, 1); (0, 3); (0, 4); (1, 2); (1, 3); (1, 4); (2, 3); (2, 4); (3, 4); (3, 5); (4, 6)",[],[],"[(0, 2)]",[35],"[(1, 3, 5), (1, 4, 6)]","[604, 604]",True,False,231,2,False
742,7,11,"(0, 1); (0, 3); (0, 4); (1, 2); (1, 3); (1, 4); (2, 3); (2, 4); (2, 5); (3, 4); (4, 6)",[],[],"[(1, 3)]",[30],"[(0, 1, 5), (0, 2, 5), (0, 3, 5), (1, 4, 6), (3, 4, 6)]","[906, 885, 906, 607, 607]",True,False,123,8,False
743,7,11,"(0, 1); (0, 3); (0, 4); (1, 2); (1, 3); (1, 4); (2, 3); (2, 4); (2, 5); (2, 6); (3, 4)",[],[],"[(1, 3), (1, 4), (3, 4), (5, 6)]","[30, 30, 30, 51]","[(0, 1, 5), (0, 1, 6), (0, 3, 5), (0, 3, 6), (0, 4, 5), (0, 4, 6)]","[906, 906, 906, 906, 906, 906]",True,False,123,8,False
744,7,11,"(0, 1); (0, 3); (0, 4); (0, 6); (1, 2); (1, 3); (1, 4); (2, 3); (2, 4); (2, 5); (3, 4)",[],[],"[(1, 3), (1, 4), (3, 4)]","[31, 31, 31]",[],[],True,False,272,1,False
745,7,11,"(0, 1); (0, 2); (0, 3); (0, 4); (1, 2); (1, 3); (1, 4); (2, 3); (2, 4); (3, 4); (5, 6)",[],[],"[(0, 1), (0, 2), (0, 3), (0, 4), (1, 2), (1, 3), (1, 4), (2, 3), (2, 4), (3, 4), (5, 6)]","[32, 32, 32, 32, 32, 32, 32, 32, 32, 32, 52]",[],[],False,False,273,1,False
746,7,11,"(0, 1); (0, 4); (0, 5); (1, 4); (1, 5); (2, 4); (2, 5); (3, 4); (3, 5); (4, 5); (4, 6)",[],[],"[(0, 1), (2, 3)]","[40, 45]","[(4, 5, 6)]",[631],True,False,241,2,False
747,7,11,"(0, 1); (0, 4); (1, 2); (1, 3); (1, 4); (1, 5); (1, 6); (2, 3); (3, 4); (3, 5); (4, 5)",[],[],[],[],[],[],True,True,274,1,True
748,7,11,"(0, 1); (0, 4); (1, 2); (1, 3); (1, 4); (1, 5); (2, 3); (3, 4); (3, 5); (4, 5); (4, 6)",[],[],[],[],"[(2, 5, 6)]",[1125],True,True,275,2,True
749,7,11,"(0, 1); (0, 4); (0, 5); (1, 4); (1, 5); (1, 6); (2, 4); (2, 5); (3, 4); (3, 5); (4, 5)",[],[],"[(2, 3), (4, 5)]","[45, 21]","[(0, 1, 6), (0, 2, 6), (0, 3, 6), (2, 4, 5), (3, 4, 5)]","[615, 1130, 1130, 364, 364]",True,False,78,36,False
750,7,11,"(0, 2); (0, 3); (0, 4); (0, 5); (1, 2); (1, 3); (2, 3); (2, 4); (2, 6); (3, 4); (4, 5)",[],[],"[(0, 4)]",[27],"[(0, 1, 5), (0, 4, 5), (1, 3, 5), (1, 4, 5), (2, 3, 6)]","[893, 359, 894, 893, 635]",True,False,119,12,False
751,7,11,"(0, 1); (0, 4); (1, 2); (1, 3); (1, 4); (1, 5); (2, 3); (3, 4); (3, 5); (4, 5); (5, 6)",[],[],[],[],[],[],True,True,276,1,True
752,7,11,"(0, 2); (0, 3); (0, 5); (1, 2); (1, 3); (2, 3); (2, 4); (2, 5); (2, 6); (3, 4); (4, 5)",[],[],"[(0, 4)]",[34],[],[],True,False,277,1,False
753,7,11,"(0, 1); (0, 4); (0, 5); (1, 2); (1, 3); (1, 4); (1, 5); (1, 6); (2, 3); (3, 4); (4, 5)",[],[],"[(0, 5)]",[40],[],[],True,False,278,1,False
754,7,11,"(0, 2); (0, 3); (0, 5); (1, 2); (1, 3); (2, 3); (2, 4); (2, 5); (3, 4); (3, 6); (4, 5)",[],[],"[(0, 4)]",[35],"[(1, 2, 5)]",[641],True,False,243,2,False
755,7,11,"(0, 1); (0, 4); (0, 5); (1, 2); (1, 3); (1, 4); (1, 5); (2, 3); (3, 4); (4, 5); (4, 6)",[],[],"[(0, 5)]",[41],"[(0, 1, 2), (1, 2, 5), (2, 3, 6)]","[642, 642, 953]",True,False,244,6,False
756,7,11,"(0, 4); (1, 5); (1, 6); (2, 3); (2, 5); (2, 6); (3, 5); (3, 6); (4, 5); (4, 6); (5, 6)",[],[],"[(2, 3), (5, 6)]","[41, 22]","[(0, 1, 4), (1, 5, 6)]","[901, 367]",True,False,144,12,False
757,7,11,"(0, 1); (0, 3); (0, 4); (0, 5); (0, 6); (1, 2); (1, 5); (2, 3); (2, 5); (3, 4); (3, 5)",[],[],[],[],"[(1, 2, 4), (1, 2, 5), (2, 5, 6)]","[908, 380, 975]",True,True,146,10,False
758,7,11,"(0, 2); (0, 3); (0, 5); (0, 6); (1, 2); (1, 3); (2, 3); (2, 4); (2, 5); (3, 4); (4, 5)",[],[],[],[],"[(0, 4, 6), (1, 2, 5), (2, 3, 4)]","[889, 651, 398]",True,True,157,13,True
759,7,11,"(0, 1); (0, 2); (0, 4); (0, 5); (1, 2); (1, 4); (1, 5); (1, 6); (2, 3); (2, 5); (3, 4)",[],[],[],[],"[(0, 1, 6), (0, 2, 3), (3, 4, 5)]","[651, 622, 889]",True,True,157,13,True
760,7,11,"(0, 1); (0, 4); (0, 5); (1, 2); (1, 3); (1, 4); (1, 5); (2, 3); (3, 4); (4, 5); (5, 6)",[],[],[],[],"[(0, 1, 2), (0, 5, 6), (1, 3, 4)]","[648, 621, 400]",True,True,133,14,True
761,7,11,"(0, 1); (0, 4); (0, 6); (1, 2); (1, 3); (1, 4); (1, 5); (2, 3); (3, 4); (3, 5); (4, 5)",[],[],[],[],"[(1, 3, 6), (4, 5, 6)]","[960, 962]",True,True,279,4,True
762,7,11,"(0, 1); (0, 2); (1, 3); (1, 4); (1, 5); (2, 3); (2, 4); (2, 5); (2, 6); (3, 5); (4, 5)",[],[],"[(3, 4)]",[37],"[(0, 1, 5), (1, 2, 6)]","[629, 886]",True,False,98,10,False
763,7,11,"(0, 1); (0, 4); (0, 5); (1, 2); (1, 3); (1, 4); (1, 5); (2, 3); (3, 4); (3, 6); (4, 5)",[],[],"[(0, 5)]",[40],"[(0, 1, 2), (0, 4, 6), (1, 2, 5), (4, 5, 6)]","[650, 963, 650, 963]",True,False,88,48,False
764,7,11,"(0, 1); (0, 2); (0, 4); (0, 5); (1, 2); (1, 4); (1, 5); (2, 3); (2, 5); (2, 6); (3, 4)",[],[],"[(0, 1)]",[30],"[(3, 4, 5)]",[891],True,False,280,3,False
765,7,11,"(0, 2); (0, 3); (0, 5); (1, 2); (1, 3); (2, 3); (2, 4); (2, 5); (3, 4); (4, 5); (5, 6)",[],[],"[(0, 4)]",[36],"[(0, 1, 6), (0, 2, 3), (1, 4, 6), (2, 3, 4), (2, 3, 6)]","[1156, 410, 1156, 410, 978]",True,False,104,20,False
766,7,11,"(0, 1); (0, 3); (0, 4); (0, 5); (1, 2); (1, 5); (2, 3); (2, 5); (3, 4); (3, 5); (5, 6)",[],[],[],[],"[(1, 2, 4)]",[907],True,True,200,4,True
767,7,11,"(0, 1); (0, 2); (1, 3); (1, 4); (1, 5); (2, 3); (2, 4); (2, 5); (3, 5); (4, 5); (5, 6)",[],[],"[(1, 2), (3, 4)]","[24, 37]","[(0, 1, 2), (0, 3, 6), (0, 4, 6)]","[584, 1157, 1157]",True,False,88,48,False
768,7,11,"(0, 1); (0, 3); (0, 4); (1, 2); (1, 3); (1, 4); (2, 3); (2, 4); (3, 4); (4, 5); (5, 6)",[],[],"[(0, 2), (1, 3)]","[36, 30]","[(1, 4, 6), (3, 4, 6)]","[969, 969]",True,False,104,20,False
769,7,11,"(0, 1); (0, 3); (0, 4); (0, 5); (1, 2); (1, 5); (1, 6); (2, 3); (2, 5); (3, 4); (3, 5)",[],[],[],[],"[(0, 3, 5)]",[421],True,True,165,2,True
770,7,11,"(0, 1); (0, 2); (0, 4); (0, 5); (1, 2); (1, 4); (1, 5); (2, 3); (2, 5); (3, 4); (4, 6)",[],[],"[(0, 1)]",[31],"[(0, 2, 3), (0, 5, 6), (1, 2, 3), (1, 5, 6)]","[632, 983, 632, 983]",True,False,242,8,False
771,7,11,"(0, 1); (0, 2); (0, 4); (0, 5); (1, 2); (1, 4); (1, 5); (2, 3); (2, 5); (3, 4); (5, 6)",[],[],"[(0, 1)]",[31],"[(0, 2, 3), (1, 2, 3), (2, 4, 6)]","[632, 632, 1122]",True,False,242,8,False
772,7,11,"(0, 1); (0, 2); (1, 3); (1, 4); (1, 5); (2, 3); (2, 4); (2, 5); (3, 5); (4, 5); (4, 6)",[],[],"[(1, 2)]",[25],"[(0, 1, 2), (0, 1, 5), (0, 2, 5), (3, 4, 6), (3, 5, 6)]","[585, 635, 635, 893, 988]",True,False,119,12,False
773,7,11,"(0, 2); (0, 3); (0, 4); (0, 5); (1, 2); (1, 3); (1, 6); (2, 3); (2, 4); (3, 4); (4, 5)",[],[],"[(0, 4), (2, 3)]","[27, 32]","[(0, 4, 5)]",[362],True,False,79,15,False
774,7,11,"(0, 1); (0, 3); (0, 4); (1, 2); (1, 3); (1, 4); (2, 3); (2, 4); (2, 6); (3, 4); (5, 6)",[],[],"[(1, 3), (1, 4), (3, 4)]","[31, 31, 31]","[(0, 2, 5)]",[1124],True,False,281,9,False
775,7,11,"(0, 1); (0, 4); (0, 5); (1, 2); (1, 5); (2, 3); (2, 5); (3, 4); (3, 5); (4, 5); (5, 6)",[],[],[],[],[],[],True,True,282,1,True
776,7,11,"(0, 1); (0, 2); (0, 5); (1, 2); (1, 3); (1, 5); (1, 6); (2, 3); (2, 4); (3, 4); (4, 5)",[],[],[],[],"[(0, 2, 4), (2, 4, 5)]","[643, 605]",True,True,191,4,False
777,7,11,"(0, 1); (0, 4); (0, 5); (1, 2); (1, 5); (1, 6); (2, 3); (2, 5); (3, 4); (3, 5); (4, 5)",[],[],[],[],[],[],True,True,283,1,True
778,7,11,"(0, 1); (0, 4); (0, 5); (1, 2); (1, 3); (1, 4); (1, 5); (2, 3); (2, 6); (3, 4); (4, 5)",[],[],"[(0, 5)]",[41],"[(1, 3, 4), (1, 4, 6)]","[415, 995]",True,False,89,9,False
779,7,11,"(0, 2); (0, 3); (0, 5); (1, 2); (1, 3); (1, 6); (2, 3); (2, 4); (2, 5); (3, 4); (4, 5)",[],[],"[(0, 4)]",[35],"[(0, 2, 3), (2, 3, 4), (3, 5, 6)]","[412, 412, 1139]",True,False,106,5,False
780,7,11,"(0, 6); (1, 4); (1, 5); (1, 6); (2, 4); (2, 5); (2, 6); (3, 4); (3, 5); (3, 6); (5, 6)",[],[],"[(1, 2), (1, 3), (2, 3)]","[35, 35, 35]","[(0, 4, 5), (0, 5, 6), (1, 4, 5), (2, 4, 5), (3, 4, 5)]","[1140, 667, 606, 606, 606]",True,False,101,6,False
781,7,11,"(0, 1); (0, 2); (0, 5); (1, 2); (1, 3); (1, 4); (1, 6); (2, 5); (3, 4); (3, 5); (4, 5)",[],[],"[(0, 2), (3, 4)]","[41, 41]","[(0, 3, 5), (0, 4, 5), (1, 5, 6), (2, 3, 5), (2, 4, 5)]","[642, 642, 896, 642, 642]",True,False,244,6,False
782,7,11,"(0, 1); (0, 2); (0, 5); (1, 2); (1, 3); (1, 5); (2, 3); (2, 4); (3, 4); (4, 5); (5, 6)",[],[],[],[],"[(0, 2, 4)]",[652],True,True,158,8,False
783,7,11,"(0, 1); (0, 2); (0, 5); (1, 2); (1, 3); (1, 5); (2, 3); (2, 4); (3, 4); (3, 6); (4, 5)",[],[],[],[],"[(0, 1, 6), (0, 2, 4), (1, 4, 5), (2, 4, 5), (2, 5, 6)]","[1000, 657, 608, 610, 1143]",True,True,81,32,False
784,7,11,"(0, 1); (0, 3); (0, 4); (0, 5); (1, 2); (1, 5); (2, 3); (2, 5); (3, 4); (3, 5); (4, 6)",[],[],[],[],"[(0, 2, 6), (0, 3, 5), (1, 2, 5), (1, 3, 6)]","[1141, 438, 383, 1141]",True,True,148,9,True
785,7,11,"(0, 1); (0, 2); (0, 4); (0, 5); (1, 2); (1, 4); (1, 5); (2, 3); (2, 5); (3, 4); (3, 6)",[],[],"[(0, 1)]",[30],"[(2, 5, 6)]",[1001],True,False,284,7,False
786,7,11,"(0, 2); (0, 3); (0, 5); (1, 2); (1, 3); (1, 5); (1, 6); (2, 3); (2, 4); (3, 4); (4, 5)",[],[],"[(0, 4), (2, 3)]","[34, 30]","[(0, 1, 6), (0, 2, 5), (0, 3, 5), (1, 4, 6), (2, 4, 5), (3, 4, 5)]","[906, 607, 607, 906, 607, 607]",True,False,123,8,False
787,7,11,"(0, 1); (0, 2); (0, 5); (1, 2); (1, 3); (1, 4); (2, 5); (2, 6); (3, 4); (3, 5); (4, 5)",[],[],"[(1, 5), (3, 4)]","[26, 40]","[(0, 1, 3), (0, 1, 4), (0, 2, 6), (0, 3, 5), (0, 4, 5)]","[650, 650, 662, 650, 650]",True,False,88,48,False
788,7,11,"(0, 1); (0, 2); (0, 6); (1, 3); (1, 4); (1, 5); (2, 3); (2, 4); (2, 5); (3, 5); (4, 5)",[],[],"[(1, 2), (3, 4)]","[26, 37]",[],[],True,False,285,1,False
789,7,11,"(0, 6); (1, 4); (1, 5); (1, 6); (2, 4); (2, 5); (2, 6); (3, 4); (3, 5); (3, 6); (4, 5)",[],[],"[(1, 2), (1, 3), (2, 3), (4, 5)]","[36, 36, 36, 29]",[],[],True,False,286,1,False
790,7,11,"(0, 5); (0, 6); (1, 5); (1, 6); (2, 5); (2, 6); (3, 5); (3, 6); (4, 5); (4, 6); (5, 6)",[],[],"[(0, 1), (0, 2), (0, 3), (0, 4), (1, 2), (1, 3), (1, 4), (2, 3), (2, 4), (3, 4), (5, 6)]","[46, 46, 46, 46, 46, 46, 46, 46, 46, 46, 19]","[(0, 5, 6), (1, 5, 6), (2, 5, 6), (3, 5, 6), (4, 5, 6)]","[370, 370, 370, 370, 370]",True,False,75,15,False
791,7,11,"(0, 1); (0, 2); (1, 2); (1, 3); (1, 4); (1, 5); (1, 6); (2, 3); (2, 5); (2, 6); (3, 4)",[],[],"[(0, 5), (0, 6), (5, 6)]","[47, 47, 47]","[(1, 2, 3)]",[431],True,False,172,2,False
792,7,11,"(0, 1); (0, 4); (1, 2); (1, 3); (1, 4); (1, 5); (1, 6); (2, 3); (3, 4); (3, 5); (4, 6)",[],[],"[(0, 6), (2, 5)]","[46, 46]","[(1, 3, 4)]",[444],True,False,86,21,False
793,7,11,"(0, 3); (0, 6); (1, 3); (1, 4); (2, 3); (2, 4); (3, 4); (3, 6); (4, 5); (4, 6); (5, 6)",[],[],"[(1, 2)]",[47],"[(0, 1, 5), (0, 2, 5), (0, 5, 6), (3, 4, 6)]","[1135, 1135, 669, 448]",True,False,156,12,False
794,7,11,"(0, 1); (0, 2); (0, 5); (1, 2); (2, 3); (2, 4); (2, 5); (2, 6); (3, 4); (4, 5); (4, 6)",[],[],"[(3, 6)]",[47],"[(1, 2, 4)]",[701],True,False,205,3,False
795,7,11,"(0, 1); (0, 2); (0, 3); (0, 4); (0, 5); (0, 6); (1, 2); (2, 3); (3, 4); (3, 6); (4, 5)",[],[],[],[],[],[],True,True,287,1,True
796,7,11,"(0, 1); (0, 2); (1, 2); (1, 3); (1, 4); (2, 3); (2, 4); (2, 5); (2, 6); (3, 4); (5, 6)",[],[],"[(3, 4), (5, 6)]","[42, 49]","[(1, 2, 5), (1, 2, 6)]","[707, 707]",True,False,261,4,False
797,7,11,"(0, 2); (0, 5); (1, 2); (1, 4); (2, 3); (2, 4); (2, 5); (3, 5); (3, 6); (4, 5); (5, 6)",[],[],[],[],[],[],True,True,288,1,True
798,7,11,"(0, 1); (0, 4); (0, 5); (1, 2); (2, 3); (2, 4); (2, 5); (2, 6); (3, 4); (4, 5); (4, 6)",[],[],"[(3, 6)]",[48],"[(0, 1, 5), (1, 2, 4)]","[614, 684]",True,False,235,3,False
799,7,11,"(0, 1); (0, 2); (0, 4); (0, 5); (0, 6); (1, 2); (1, 6); (2, 3); (2, 5); (2, 6); (3, 4)",[],[],"[(1, 6)]",[43],"[(0, 2, 3), (0, 2, 4), (3, 4, 5)]","[687, 687, 931]",True,False,174,30,False
800,7,11,"(0, 5); (0, 6); (1, 5); (1, 6); (2, 3); (2, 5); (2, 6); (3, 4); (4, 5); (4, 6); (5, 6)",[],[],"[(0, 1), (2, 4), (5, 6)]","[48, 33, 21]","[(0, 5, 6), (1, 5, 6), (2, 3, 4)]","[378, 378, 586]",True,False,78,36,False
801,7,11,"(0, 5); (0, 6); (1, 5); (1, 6); (2, 5); (2, 6); (3, 4); (3, 5); (3, 6); (4, 5); (4, 6)",[],[],"[(0, 1), (0, 2), (1, 2), (3, 4), (5, 6)]","[48, 48, 48, 44, 20]","[(0, 5, 6), (1, 5, 6), (2, 5, 6)]","[586, 586, 586]",True,False,78,36,False
802,7,11,"(0, 5); (0, 6); (1, 2); (1, 6); (2, 4); (3, 4); (3, 5); (3, 6); (4, 5); (4, 6); (5, 6)",[],[],[],[],[],[],True,True,289,1,True
803,7,11,"(0, 1); (0, 2); (0, 4); (0, 6); (1, 2); (2, 3); (2, 4); (2, 5); (3, 4); (4, 5); (5, 6)",[],[],[],[],"[(3, 4, 6)]",[938],True,True,290,2,True
804,7,11,"(0, 1); (0, 2); (0, 4); (0, 6); (1, 2); (2, 3); (2, 4); (3, 4); (4, 5); (4, 6); (5, 6)",[],[],[],[],"[(0, 1, 5), (1, 2, 3), (3, 4, 6)]","[935, 673, 692]",True,True,216,7,True
805,7,11,"(0, 1); (0, 2); (1, 4); (1, 5); (1, 6); (2, 3); (2, 4); (2, 5); (2, 6); (3, 4); (4, 5)",[],[],"[(0, 6)]",[47],[],[],True,False,291,1,False
806,7,11,"(0, 1); (0, 5); (1, 2); (1, 5); (2, 3); (2, 4); (2, 5); (2, 6); (3, 4); (4, 5); (4, 6)",[],[],"[(3, 6)]",[47],"[(0, 3, 5), (0, 5, 6)]","[937, 937]",True,False,169,6,False
807,7,11,"(0, 1); (0, 2); (0, 4); (0, 5); (0, 6); (1, 2); (2, 3); (2, 6); (3, 4); (4, 5); (4, 6)",[],[],[],[],"[(1, 3, 5)]",[1167],True,True,292,4,True
808,7,11,"(0, 1); (0, 4); (1, 2); (1, 3); (1, 4); (1, 6); (2, 3); (3, 4); (3, 5); (4, 5); (5, 6)",[],[],[],[],[],[],True,True,293,1,True
809,7,11,"(0, 3); (0, 4); (1, 2); (1, 3); (1, 4); (2, 3); (2, 4); (2, 5); (2, 6); (3, 4); (5, 6)",[],[],"[(3, 4), (5, 6)]","[27, 49]","[(0, 3, 4), (1, 2, 5), (1, 2, 6)]","[368, 703, 703]",True,False,114,13,False
810,7,11,"(0, 5); (0, 6); (1, 4); (1, 6); (2, 3); (2, 5); (3, 4); (3, 5); (3, 6); (4, 5); (4, 6)",[],[],[],[],"[(0, 3, 5), (0, 4, 6), (1, 2, 3), (1, 2, 4)]","[679, 679, 947, 947]",True,True,213,5,False
811,7,11,"(0, 1); (0, 4); (1, 2); (1, 4); (1, 5); (2, 3); (2, 4); (2, 5); (3, 6); (4, 5); (5, 6)",[],[],"[(1, 4)]",[28],"[(0, 1, 4), (0, 2, 6), (0, 3, 5), (2, 3, 5), (2, 5, 6)]","[369, 1132, 1132, 681, 681]",True,False,86,21,False
812,7,11,"(0, 3); (0, 4); (1, 3); (1, 4); (1, 5); (1, 6); (2, 3); (2, 4); (2, 5); (2, 6); (3, 4)",[],[],"[(1, 2), (3, 4), (5, 6)]","[23, 28, 46]","[(0, 3, 4), (0, 3, 5), (0, 3, 6), (0, 4, 5), (0, 4, 6), (1, 2, 5), (1, 2, 6)]","[370, 948, 948, 948, 948, 588, 588]",True,False,75,15,False
813,7,11,"(0, 1); (0, 5); (0, 6); (1, 6); (2, 3); (2, 6); (3, 4); (3, 6); (4, 5); (4, 6); (5, 6)",[],[],[],[],"[(0, 3, 6)]",[719],True,True,174,30,False
814,7,11,"(0, 1); (0, 3); (0, 4); (1, 2); (1, 3); (1, 4); (1, 5); (1, 6); (2, 5); (2, 6); (5, 6)",[],[],"[(2, 5), (2, 6), (3, 4), (5, 6)]","[40, 40, 45, 40]","[(0, 1, 2), (0, 1, 5), (0, 1, 6)]","[721, 721, 721]",True,False,88,48,False
815,7,11,"(0, 1); (0, 3); (0, 4); (1, 2); (1, 4); (2, 3); (2, 4); (3, 4); (4, 5); (4, 6); (5, 6)",[],[],"[(0, 2), (1, 3), (5, 6)]","[34, 34, 50]",[],[],True,False,294,1,False
816,7,11,"(0, 1); (0, 2); (0, 4); (0, 5); (0, 6); (1, 2); (2, 3); (2, 5); (3, 4); (3, 6); (5, 6)",[],[],[],[],"[(0, 2, 3), (3, 4, 5)]","[682, 927]",True,True,133,14,True
817,7,11,"(0, 1); (0, 2); (0, 4); (0, 5); (0, 6); (1, 2); (2, 3); (3, 4); (3, 6); (4, 5); (4, 6)",[],[],[],[],"[(0, 2, 4), (1, 3, 6)]","[709, 961]",True,True,174,30,False
818,7,11,"(0, 1); (0, 2); (0, 4); (0, 5); (0, 6); (1, 2); (2, 3); (2, 5); (3, 4); (4, 6); (5, 6)",[],[],[],[],"[(0, 1, 6), (0, 2, 4), (3, 4, 5), (3, 5, 6)]","[719, 713, 931, 970]",True,True,174,30,False
819,7,11,"(0, 1); (0, 3); (0, 4); (0, 5); (0, 6); (1, 2); (2, 3); (2, 6); (3, 4); (3, 6); (4, 5)",[],[],[],[],"[(0, 2, 5), (1, 2, 6)]","[928, 627]",True,True,207,5,True
820,7,11,"(0, 1); (0, 5); (0, 6); (1, 2); (2, 3); (2, 5); (3, 5); (3, 6); (4, 5); (4, 6); (5, 6)",[],[],[],[],"[(0, 1, 3), (3, 5, 6)]","[926, 434]",True,True,173,3,True
821,7,11,"(0, 1); (0, 2); (1, 2); (1, 3); (2, 3); (2, 4); (3, 4); (3, 5); (3, 6); (4, 5); (5, 6)",[],[],[],[],"[(0, 3, 5)]",[964],True,True,295,2,True
822,7,11,"(0, 1); (0, 3); (0, 6); (1, 3); (1, 4); (2, 3); (2, 4); (2, 5); (3, 4); (3, 5); (4, 6)",[],[],[],[],"[(0, 1, 6), (1, 3, 5)]","[622, 712]",True,True,157,13,True
823,7,11,"(0, 1); (0, 2); (0, 6); (1, 3); (1, 5); (2, 3); (2, 5); (3, 4); (3, 5); (3, 6); (4, 5)",[],[],"[(1, 2)]",[36],"[(0, 3, 4)]",[929],True,False,296,2,False
824,7,11,"(0, 2); (0, 3); (0, 4); (0, 5); (0, 6); (1, 3); (1, 4); (1, 5); (1, 6); (2, 3); (5, 6)",[],[],"[(5, 6)]",[43],"[(0, 1, 3)]",[625],True,False,239,2,False
825,7,11,"(0, 1); (0, 5); (1, 2); (1, 4); (2, 3); (2, 4); (2, 6); (3, 4); (3, 6); (4, 5); (4, 6)",[],[],"[(3, 6)]",[43],"[(0, 3, 4), (0, 4, 6)]","[961, 961]",True,False,174,30,False
826,7,11,"(0, 1); (0, 5); (1, 2); (1, 5); (2, 3); (3, 4); (3, 5); (3, 6); (4, 5); (4, 6); (5, 6)",[],[],"[(4, 6)]",[43],"[(0, 4, 5), (0, 5, 6), (1, 3, 5)]","[709, 709, 716]",True,False,174,30,False
827,7,11,"(0, 1); (0, 4); (1, 2); (1, 5); (2, 3); (2, 4); (2, 5); (3, 5); (3, 6); (4, 5); (5, 6)",[],[],"[(1, 4)]",[33],"[(0, 1, 4), (0, 2, 6), (0, 3, 5), (2, 3, 5)]","[589, 1143, 977, 442]",True,False,81,32,False
828,7,11,"(0, 1); (0, 3); (0, 4); (1, 2); (1, 4); (1, 5); (2, 3); (2, 4); (3, 4); (4, 6); (5, 6)",[],[],"[(0, 2)]",[37],"[(3, 4, 5)]",[975],True,False,146,10,False
829,7,11,"(0, 1); (0, 3); (0, 4); (1, 2); (1, 3); (1, 4); (2, 3); (2, 4); (2, 5); (2, 6); (5, 6)",[],[],"[(3, 4), (5, 6)]","[36, 50]","[(0, 1, 3), (0, 1, 4), (0, 2, 5), (0, 2, 6)]","[389, 389, 933, 933]",True,False,125,4,False
830,7,11,"(0, 1); (0, 3); (0, 5); (1, 5); (1, 6); (2, 5); (2, 6); (3, 5); (3, 6); (4, 5); (4, 6)",[],[],"[(1, 3), (2, 4)]","[37, 48]","[(1, 5, 6), (3, 5, 6)]","[628, 628]",True,False,90,18,False
831,7,11,"(0, 1); (0, 2); (1, 2); (1, 4); (1, 5); (2, 3); (2, 5); (2, 6); (3, 4); (3, 6); (4, 6)",[],[],"[(0, 5), (3, 6)]","[48, 40]","[(0, 3, 4), (0, 4, 6), (1, 2, 3), (1, 2, 4), (1, 2, 6), (3, 4, 5), (4, 5, 6)]","[963, 963, 721, 689, 721, 963, 963]",True,False,88,48,False
832,7,11,"(0, 1); (0, 2); (0, 5); (1, 2); (1, 5); (2, 3); (2, 4); (2, 5); (3, 6); (4, 6); (5, 6)",[],[],"[(0, 1), (3, 4)]","[44, 45]","[(2, 5, 6)]",[688],True,False,113,7,False
833,7,11,"(0, 1); (0, 4); (1, 2); (1, 4); (1, 5); (2, 3); (3, 4); (3, 5); (3, 6); (4, 6); (5, 6)",[],[],[],[],"[(0, 5, 6), (1, 3, 4)]","[980, 691]",True,True,254,6,True
834,7,11,"(0, 1); (0, 4); (0, 5); (0, 6); (1, 2); (2, 3); (2, 6); (3, 4); (3, 5); (3, 6); (5, 6)",[],[],[],[],"[(0, 1, 3), (1, 2, 5), (3, 4, 6)]","[921, 935, 692]",True,True,216,7,True
835,7,11,"(0, 1); (0, 5); (1, 2); (1, 5); (1, 6); (2, 3); (3, 4); (3, 6); (4, 5); (4, 6); (5, 6)",[],[],[],[],[],[],True,True,297,1,True
836,7,11,"(0, 1); (0, 5); (1, 2); (1, 5); (1, 6); (2, 3); (2, 4); (2, 6); (3, 4); (4, 5); (5, 6)",[],[],[],[],"[(1, 3, 5), (2, 4, 6)]","[980, 691]",True,True,254,6,True
837,7,11,"(0, 1); (0, 3); (0, 4); (1, 2); (1, 6); (2, 3); (2, 4); (2, 5); (3, 4); (3, 5); (4, 6)",[],[],[],[],"[(0, 1, 4), (2, 5, 6)]","[632, 983]",True,True,242,8,False
838,7,11,"(0, 1); (0, 5); (1, 2); (1, 5); (1, 6); (2, 3); (2, 6); (3, 4); (4, 5); (4, 6); (5, 6)",[],[],[],[],"[(0, 2, 4), (0, 3, 6), (1, 3, 5), (1, 5, 6), (2, 4, 6)]","[1135, 1149, 989, 448, 706]",True,True,156,12,False
839,7,11,"(0, 3); (0, 6); (1, 2); (1, 5); (2, 4); (2, 6); (3, 4); (3, 5); (4, 5); (4, 6); (5, 6)",[],[],[],[],"[(0, 1, 4), (0, 4, 6), (1, 4, 5)]","[1152, 698, 698]",True,True,258,4,False
840,7,11,"(0, 1); (0, 2); (0, 5); (0, 6); (1, 5); (2, 3); (2, 4); (2, 6); (3, 4); (4, 6); (5, 6)",[],[],[],[],"[(1, 3, 6)]",[1150],True,True,256,4,True
841,7,11,"(0, 1); (0, 4); (0, 6); (1, 2); (2, 3); (2, 5); (2, 6); (3, 4); (3, 5); (3, 6); (5, 6)",[],[],[],[],"[(1, 2, 6), (3, 4, 6)]","[694, 694]",True,True,255,2,True
842,7,11,"(0, 3); (0, 4); (0, 6); (1, 3); (1, 4); (1, 5); (1, 6); (2, 3); (2, 4); (3, 5); (4, 5)",[],[],"[(3, 4)]",[25],"[(0, 5, 6), (2, 3, 4)]","[939, 591]",True,False,181,6,False
843,7,11,"(0, 5); (0, 6); (1, 3); (1, 4); (2, 3); (2, 5); (2, 6); (3, 4); (4, 5); (4, 6); (5, 6)",[],[],"[(5, 6)]",[27],"[(0, 1, 4), (0, 5, 6), (2, 3, 4)]","[984, 373, 636]",True,False,118,13,False
844,7,11,"(0, 1); (0, 2); (0, 3); (0, 6); (1, 2); (1, 3); (1, 6); (2, 6); (3, 5); (4, 5); (4, 6)",[],[],"[(0, 1)]",[31],"[(0, 5, 6), (1, 5, 6), (2, 3, 4)]","[982, 982, 1133]",True,False,298,5,False
845,7,11,"(0, 1); (0, 2); (0, 4); (0, 5); (1, 2); (1, 4); (2, 3); (2, 5); (3, 6); (4, 5); (5, 6)",[],[],[],[],"[(0, 1, 4)]",[393],True,True,154,3,True
846,7,11,"(0, 1); (0, 2); (1, 4); (1, 5); (1, 6); (2, 3); (2, 5); (2, 6); (3, 4); (3, 5); (4, 5)",[],[],"[(0, 6)]",[47],"[(0, 3, 4), (1, 2, 5), (3, 4, 5), (3, 4, 6)]","[989, 706, 396, 989]",True,False,156,12,False
847,7,11,"(0, 5); (0, 6); (1, 4); (1, 6); (2, 4); (2, 5); (2, 6); (3, 4); (3, 5); (3, 6); (4, 5)",[],[],"[(2, 3)]",[38],"[(0, 4, 6), (1, 5, 6)]","[923, 923]",True,False,299,2,False
848,7,11,"(0, 1); (0, 2); (0, 4); (0, 5); (1, 2); (2, 3); (2, 6); (3, 4); (3, 6); (4, 5); (4, 6)",[],[],"[(3, 6)]",[42],"[(0, 1, 5), (0, 2, 4)]","[707, 704]",True,False,261,4,False
849,7,11,"(0, 1); (0, 2); (0, 3); (0, 4); (1, 2); (1, 3); (1, 4); (2, 6); (3, 5); (4, 5); (4, 6)",[],[],"[(0, 1)]",[31],[],[],True,False,300,1,False
850,7,11,"(0, 1); (0, 4); (0, 5); (0, 6); (1, 2); (1, 5); (1, 6); (2, 3); (2, 5); (2, 6); (3, 4)",[],[],"[(5, 6)]",[38],"[(0, 1, 3), (0, 2, 3), (0, 2, 4), (1, 2, 4)]","[987, 925, 925, 987]",True,False,301,3,False
851,7,11,"(0, 1); (0, 3); (0, 4); (1, 2); (1, 3); (1, 4); (2, 4); (2, 5); (2, 6); (3, 4); (5, 6)",[],[],"[(0, 3), (1, 4), (5, 6)]","[42, 32, 49]",[],[],True,False,302,1,False
852,7,11,"(0, 1); (0, 4); (0, 5); (1, 2); (1, 6); (2, 3); (2, 5); (3, 4); (3, 5); (4, 5); (5, 6)",[],[],[],[],[],[],True,True,303,1,True
853,7,11,"(0, 1); (0, 4); (0, 5); (1, 2); (1, 4); (2, 3); (2, 5); (3, 5); (3, 6); (4, 5); (5, 6)",[],[],"[(0, 4)]",[41],"[(1, 5, 6)]",[953],True,False,244,6,False
854,7,11,"(0, 1); (0, 3); (0, 4); (1, 2); (1, 5); (2, 3); (2, 4); (3, 4); (4, 5); (4, 6); (5, 6)",[],[],"[(0, 2)]",[35],"[(1, 3, 6), (3, 4, 6)]","[1148, 730]",True,False,270,3,False
855,7,11,"(0, 1); (0, 4); (0, 5); (1, 2); (1, 5); (2, 3); (2, 5); (3, 5); (3, 6); (4, 5); (4, 6)",[],[],[],[],"[(0, 2, 6), (1, 5, 6)]","[1146, 993]",True,True,304,4,True
856,7,11,"(0, 3); (0, 4); (1, 2); (1, 3); (1, 4); (1, 5); (1, 6); (2, 5); (2, 6); (3, 4); (5, 6)",[],[],"[(2, 5), (2, 6), (3, 4), (5, 6)]","[41, 41, 39, 41]","[(0, 1, 2), (0, 1, 5), (0, 1, 6), (0, 3, 4)]","[996, 996, 996, 357]",True,False,87,11,False
857,7,11,"(0, 3); (0, 4); (1, 2); (1, 3); (1, 4); (2, 3); (2, 5); (2, 6); (3, 6); (4, 5); (5, 6)",[],[],[],[],"[(0, 5, 6), (1, 2, 5), (3, 4, 5), (3, 4, 6)]","[997, 713, 950, 970]",True,True,174,30,False
858,7,11,"(0, 1); (0, 3); (0, 4); (0, 6); (1, 2); (2, 3); (2, 4); (3, 5); (3, 6); (4, 5); (5, 6)",[],[],[],[],"[(3, 4, 5)]",[647],True,True,157,13,True
859,7,11,"(0, 1); (0, 2); (0, 3); (0, 6); (1, 4); (2, 4); (2, 5); (2, 6); (3, 5); (3, 6); (4, 5)",[],[],[],[],"[(0, 3, 4), (1, 5, 6), (2, 3, 5), (2, 5, 6)]","[963, 1157, 653, 721]",True,True,88,48,False
860,7,11,"(0, 1); (0, 4); (0, 5); (0, 6); (1, 2); (1, 6); (2, 3); (2, 5); (3, 4); (3, 5); (4, 5)",[],[],[],[],"[(0, 1, 3), (2, 4, 6), (3, 4, 5)]","[965, 1154, 402]",True,True,160,8,True
861,7,11,"(0, 3); (0, 4); (1, 2); (1, 5); (1, 6); (2, 4); (2, 6); (3, 5); (3, 6); (4, 5); (5, 6)",[],[],[],[],[],[],True,True,305,1,True
862,7,11,"(0, 1); (0, 4); (0, 5); (1, 2); (1, 4); (2, 3); (2, 5); (3, 4); (3, 5); (4, 6); (5, 6)",[],[],[],[],[],[],True,True,306,1,True
863,7,11,"(0, 1); (0, 4); (0, 5); (1, 4); (1, 5); (2, 3); (2, 4); (2, 6); (3, 4); (3, 5); (5, 6)",[],[],"[(0, 1)]",[43],"[(0, 2, 5), (0, 3, 4), (1, 2, 5), (1, 3, 4), (2, 3, 6), (4, 5, 6)]","[961, 709, 961, 709, 658, 950]",True,False,174,30,False
864,7,11,"(0, 3); (0, 4); (1, 2); (1, 3); (1, 4); (2, 5); (2, 6); (3, 4); (3, 6); (4, 5); (5, 6)",[],[],[],[],"[(0, 5, 6)]",[1005],True,True,225,4,True
865,7,11,"(0, 1); (0, 3); (0, 4); (0, 6); (1, 3); (1, 4); (1, 5); (2, 3); (2, 4); (2, 5); (5, 6)",[],[],"[(3, 4)]",[37],"[(0, 1, 6), (0, 2, 5), (1, 2, 3), (1, 2, 4), (3, 5, 6), (4, 5, 6)]","[720, 952, 650, 650, 963, 963]",True,False,88,48,False
866,7,11,"(0, 3); (0, 4); (1, 4); (1, 5); (1, 6); (2, 3); (2, 5); (2, 6); (3, 6); (4, 5); (5, 6)",[],[],[],[],"[(0, 1, 2), (0, 5, 6), (3, 4, 5), (3, 4, 6)]","[1156, 999, 967, 967]",True,True,104,20,False
867,7,11,"(0, 1); (0, 3); (0, 4); (1, 2); (1, 5); (1, 6); (2, 3); (2, 4); (3, 4); (4, 5); (5, 6)",[],[],"[(0, 2)]",[36],"[(1, 3, 5)]",[973],True,False,103,15,False
868,7,11,"(0, 1); (0, 4); (0, 5); (1, 2); (1, 4); (2, 3); (2, 5); (2, 6); (3, 6); (4, 5); (5, 6)",[],[],"[(0, 4)]",[40],[],[],True,False,307,1,False
869,7,11,"(0, 1); (0, 3); (0, 4); (1, 2); (1, 6); (2, 3); (2, 4); (3, 4); (3, 5); (4, 5); (5, 6)",[],[],"[(0, 2), (3, 4)]","[36, 30]","[(0, 5, 6), (1, 3, 5), (1, 4, 5), (2, 5, 6)]","[967, 969, 969, 967]",True,False,104,20,False
870,7,11,"(0, 1); (0, 4); (1, 2); (1, 4); (1, 6); (2, 3); (2, 6); (3, 4); (3, 5); (4, 5); (5, 6)",[],[],[],[],"[(0, 2, 5), (0, 3, 6)]","[1155, 1155]",True,True,284,7,False
871,7,11,"(0, 1); (0, 5); (1, 2); (1, 5); (2, 3); (2, 4); (2, 6); (3, 4); (3, 6); (4, 5); (4, 6)",[],[],"[(3, 6)]",[43],"[(0, 2, 4)]",[1002],True,False,190,7,False
872,7,11,"(0, 1); (0, 3); (0, 5); (1, 2); (1, 4); (1, 6); (2, 3); (2, 5); (2, 6); (3, 4); (4, 5)",[],[],"[(0, 4), (3, 5)]","[34, 34]",[],[],True,False,308,1,False
873,7,11,"(0, 3); (0, 4); (1, 2); (1, 5); (1, 6); (2, 5); (2, 6); (3, 5); (3, 6); (4, 5); (4, 6)",[],[],"[(1, 2), (3, 4), (5, 6)]","[44, 33, 26]","[(0, 3, 4)]",[597],True,False,81,32,False
874,7,11,"(0, 1); (0, 3); (0, 4); (1, 2); (1, 5); (2, 3); (2, 4); (3, 5); (3, 6); (4, 5); (4, 6)",[],[],"[(0, 2), (0, 5), (2, 5), (3, 4)]","[37, 37, 37, 24]","[(3, 4, 6)]",[596],True,False,88,48,False
875,7,11,"(0, 4); (0, 5); (0, 6); (1, 3); (1, 5); (1, 6); (2, 3); (2, 4); (2, 6); (3, 6); (4, 5)",[],[],[],[],"[(1, 4, 6), (2, 5, 6)]","[992, 992]",True,True,309,3,True
876,7,11,"(0, 3); (0, 5); (0, 6); (1, 2); (1, 5); (1, 6); (2, 3); (2, 4); (3, 4); (4, 5); (4, 6)",[],[],"[(5, 6)]",[35],"[(0, 3, 4), (1, 2, 4)]","[664, 664]",True,False,107,4,False
877,7,11,"(0, 1); (0, 2); (0, 4); (0, 5); (1, 3); (1, 4); (2, 3); (2, 5); (3, 6); (4, 6); (5, 6)",[],[],[],[],"[(0, 1, 2), (0, 3, 6), (0, 4, 5)]","[727, 1008, 727]",True,True,268,3,True
878,7,11,"(0, 1); (0, 2); (0, 3); (0, 4); (1, 2); (1, 6); (2, 6); (3, 4); (3, 5); (4, 5); (5, 6)",[],[],"[(1, 2), (3, 4)]","[41, 41]","[(0, 1, 5), (0, 2, 5), (0, 3, 6), (0, 4, 6), (0, 5, 6)]","[996, 996, 996, 996, 1009]",True,False,87,11,False
879,7,12,"(0, 1); (0, 2); (0, 3); (0, 4); (1, 2); (1, 3); (1, 4); (2, 3); (2, 4); (3, 4); (3, 5); (4, 5)",[6],[200],"[(0, 1), (0, 2), (1, 2), (3, 4)]","[33, 33, 33, 23]","[(0, 1, 6), (0, 2, 6), (1, 2, 6), (3, 4, 5), (3, 4, 6)]","[1035, 1035, 1035, 452, 1037]",False,False,76,26,False
880,7,12,"(0, 1); (0, 2); (0, 3); (0, 5); (0, 6); (1, 2); (1, 3); (1, 5); (1, 6); (2, 6); (3, 6); (5, 6)",[4],[201],"[(0, 1), (0, 6), (1, 6), (2, 3), (2, 5), (3, 5)]","[24, 24, 24, 39, 39, 39]","[(0, 1, 4), (0, 4, 6), (1, 4, 6), (2, 3, 4), (2, 4, 5), (3, 4, 5)]","[1045, 1045, 1045, 1177, 1177, 1177]",False,False,183,10,False
881,7,12,"(0, 1); (0, 2); (0, 5); (1, 2); (1, 3); (1, 4); (1, 5); (2, 4); (2, 5); (3, 4); (3, 5); (4, 5)",[6],[202],"[(1, 5)]",[25],"[(1, 5, 6)]",[1059],False,False,310,2,False
882,7,12,"(0, 1); (0, 2); (0, 3); (0, 5); (1, 2); (1, 3); (1, 4); (1, 5); (2, 3); (2, 4); (3, 4); (4, 5)",[6],[203],"[(0, 4), (2, 3)]","[27, 33]","[(0, 1, 5), (0, 4, 6), (1, 4, 5), (2, 3, 6)]","[454, 1175, 454, 1072]",False,False,79,15,False
883,7,12,"(0, 1); (0, 2); (0, 4); (0, 5); (1, 2); (1, 3); (1, 5); (2, 3); (2, 4); (3, 4); (3, 5); (4, 5)",[6],[204],"[(0, 3), (1, 4), (2, 5)]","[28, 28, 28]","[(0, 1, 2), (0, 1, 5), (0, 2, 4), (0, 3, 6), (0, 4, 5), (1, 2, 3), (1, 3, 5), (1, 4, 6), (2, 3, 4), (2, 5, 6), (3, 4, 5)]","[460, 460, 460, 1178, 460, 460, 460, 1178, 460, 1178, 460]",False,False,86,21,False
884,7,12,"(0, 1); (0, 2); (0, 3); (0, 4); (1, 2); (1, 3); (1, 4); (1, 5); (1, 6); (2, 3); (2, 4); (3, 4)",[],[],"[(0, 2), (0, 3), (0, 4), (2, 3), (2, 4), (3, 4), (5, 6)]","[34, 34, 34, 34, 34, 34, 52]",[],[],True,False,311,1,False
885,7,12,"(0, 1); (0, 2); (0, 3); (0, 4); (1, 2); (1, 3); (1, 4); (2, 3); (2, 4); (3, 4); (3, 5); (4, 6)",[],[],"[(0, 1), (0, 2), (1, 2)]","[35, 35, 35]","[(0, 3, 5), (0, 4, 6), (1, 3, 5), (1, 4, 6), (2, 3, 5), (2, 4, 6)]","[742, 742, 742, 742, 742, 742]",True,False,123,8,False
886,7,12,"(0, 1); (0, 2); (0, 3); (1, 2); (1, 3); (1, 4); (1, 5); (1, 6); (2, 3); (2, 4); (2, 5); (3, 5)",[],[],"[(0, 5)]",[40],"[(1, 2, 6)]",[762],True,False,98,10,False
887,7,12,"(0, 1); (0, 2); (0, 3); (1, 2); (1, 3); (1, 4); (1, 5); (2, 3); (2, 4); (2, 5); (3, 5); (3, 6)",[],[],"[(0, 5), (1, 2)]","[41, 24]","[(0, 4, 6), (1, 2, 4), (4, 5, 6)]","[1194, 455, 1194]",True,False,180,4,False
888,7,12,"(0, 1); (0, 3); (0, 4); (0, 5); (1, 2); (1, 3); (1, 4); (2, 3); (2, 4); (3, 4); (4, 5); (4, 6)",[],[],"[(1, 3)]",[34],[],[],True,False,312,1,False
889,7,12,"(0, 1); (0, 3); (0, 4); (0, 5); (1, 2); (1, 3); (1, 4); (1, 6); (2, 3); (2, 4); (3, 4); (4, 5)",[],[],[],[],"[(1, 3, 6), (2, 4, 5)]","[758, 759]",True,True,157,13,True
890,7,12,"(0, 1); (0, 2); (0, 3); (0, 6); (1, 2); (1, 3); (1, 4); (1, 5); (2, 3); (2, 4); (2, 5); (3, 5)",[],[],"[(1, 2)]",[25],"[(0, 5, 6), (1, 2, 4), (3, 5, 6)]","[1012, 456, 1062]",True,False,88,48,False
891,7,12,"(0, 1); (0, 3); (0, 4); (0, 5); (0, 6); (1, 2); (1, 3); (1, 4); (2, 3); (2, 4); (3, 4); (4, 5)",[],[],"[(1, 3)]",[35],"[(1, 2, 6), (2, 3, 6), (2, 4, 5)]","[1056, 1056, 764]",True,False,280,3,False
892,7,12,"(0, 1); (0, 3); (0, 4); (0, 5); (1, 2); (1, 3); (1, 4); (2, 3); (2, 4); (2, 6); (3, 4); (4, 5)",[],[],"[(1, 3)]",[36],"[(0, 4, 6)]",[1066],True,False,242,8,False
893,7,12,"(0, 1); (0, 2); (0, 3); (0, 4); (1, 2); (1, 3); (1, 4); (1, 6); (2, 3); (2, 4); (3, 5); (4, 5)",[],[],"[(0, 2), (3, 4)]","[37, 27]","[(0, 1, 6), (0, 3, 5), (0, 4, 5), (1, 2, 6), (2, 3, 5), (2, 4, 5), (3, 4, 5)]","[772, 750, 750, 772, 750, 750, 731]",True,False,119,12,False
894,7,12,"(0, 1); (0, 2); (0, 3); (0, 4); (1, 2); (1, 3); (1, 4); (2, 3); (2, 4); (3, 5); (4, 5); (4, 6)",[],[],"[(0, 1), (0, 2), (1, 2)]","[37, 37, 37]","[(0, 3, 5), (1, 3, 5), (2, 3, 5), (3, 4, 6)]","[750, 750, 750, 1013]",True,False,119,12,False
895,7,12,"(0, 1); (0, 2); (0, 3); (0, 4); (1, 2); (1, 3); (1, 4); (1, 6); (2, 3); (2, 4); (3, 4); (5, 6)",[],[],"[(0, 2), (0, 3), (0, 4), (2, 3), (2, 4), (3, 4)]","[36, 36, 36, 36, 36, 36]","[(0, 1, 5), (1, 2, 5), (1, 3, 5), (1, 4, 5)]","[1074, 1074, 1074, 1074]",True,False,281,9,False
896,7,12,"(0, 1); (0, 2); (0, 5); (1, 2); (1, 3); (1, 4); (1, 5); (1, 6); (2, 5); (3, 4); (3, 5); (4, 5)",[],[],"[(0, 2), (3, 4)]","[45, 45]","[(1, 5, 6)]",[781],True,False,244,6,False
897,7,12,"(0, 1); (0, 3); (0, 5); (1, 2); (1, 5); (2, 3); (2, 4); (2, 5); (3, 4); (3, 5); (4, 5); (5, 6)",[],[],[],[],[],[],True,True,313,1,True
898,7,12,"(0, 1); (0, 2); (0, 3); (0, 5); (1, 2); (1, 3); (1, 4); (1, 5); (1, 6); (2, 6); (3, 6); (5, 6)",[],[],"[(0, 6), (2, 3), (2, 5), (3, 5)]","[29, 40, 40, 40]",[],[],True,False,314,1,False
899,7,12,"(0, 1); (0, 3); (0, 5); (1, 2); (1, 5); (2, 3); (2, 4); (2, 5); (3, 4); (3, 5); (3, 6); (4, 5)",[],[],[],[],"[(1, 2, 5)]",[484],True,True,188,2,True
900,7,12,"(0, 1); (0, 2); (0, 3); (1, 2); (1, 3); (1, 4); (1, 5); (2, 3); (2, 4); (2, 5); (3, 5); (4, 6)",[],[],"[(0, 5), (1, 2)]","[41, 26]","[(1, 3, 6), (2, 3, 6)]","[1084, 1084]",True,False,89,9,False
901,7,12,"(0, 1); (0, 2); (0, 5); (1, 2); (1, 3); (1, 4); (1, 5); (2, 5); (2, 6); (3, 4); (3, 5); (4, 5)",[],[],"[(1, 5), (3, 4)]","[26, 45]","[(0, 2, 6)]",[756],True,False,144,12,False
902,7,12,"(0, 1); (0, 2); (0, 3); (0, 4); (0, 5); (1, 2); (1, 3); (1, 5); (1, 6); (2, 6); (3, 6); (5, 6)",[],[],"[(2, 3), (2, 5), (3, 5)]","[41, 41, 41]","[(0, 4, 6), (1, 2, 6), (1, 3, 6), (1, 4, 6), (1, 5, 6)]","[1014, 486, 486, 1088, 486]",True,False,87,11,False
903,7,12,"(0, 2); (0, 4); (0, 5); (1, 3); (1, 4); (1, 5); (2, 3); (2, 4); (2, 5); (3, 4); (3, 6); (4, 5)",[],[],[],[],"[(0, 2, 6), (1, 4, 5), (4, 5, 6)]","[1090, 492, 1092]",True,True,104,20,False
904,7,12,"(0, 2); (0, 4); (0, 5); (0, 6); (1, 3); (1, 4); (1, 5); (2, 3); (2, 4); (2, 5); (3, 4); (4, 5)",[],[],[],[],"[(1, 2, 6), (1, 4, 5), (2, 3, 4), (3, 5, 6)]","[1189, 489, 489, 1189]",True,True,189,3,True
905,7,12,"(0, 1); (0, 3); (0, 4); (0, 5); (1, 2); (1, 3); (1, 4); (2, 3); (2, 4); (3, 4); (4, 5); (5, 6)",[],[],"[(1, 3)]",[35],"[(0, 2, 6), (1, 4, 6), (3, 4, 6)]","[1192, 1089, 1089]",True,False,284,7,False
906,7,12,"(0, 1); (0, 3); (0, 5); (1, 2); (1, 4); (1, 5); (2, 3); (2, 4); (2, 5); (3, 4); (4, 5); (5, 6)",[],[],"[(2, 4)]",[35],"[(0, 1, 3), (0, 2, 3), (0, 3, 4), (1, 3, 6), (1, 5, 6)]","[743, 742, 742, 1193, 786]",True,False,123,8,False
907,7,12,"(0, 1); (0, 2); (0, 4); (0, 5); (1, 4); (1, 5); (2, 3); (2, 4); (2, 5); (3, 4); (3, 5); (4, 6)",[],[],[],[],"[(0, 2, 5), (1, 3, 5), (4, 5, 6)]","[512, 766, 1015]",True,True,200,4,True
908,7,12,"(0, 1); (0, 2); (0, 4); (0, 5); (0, 6); (1, 4); (1, 5); (2, 3); (2, 4); (2, 5); (3, 4); (3, 5)",[],[],"[(4, 5)]",[30],"[(1, 3, 4), (1, 3, 5), (2, 3, 6)]","[757, 757, 1094]",True,False,146,10,False
909,7,12,"(0, 1); (0, 2); (0, 3); (0, 5); (1, 2); (1, 3); (1, 5); (1, 6); (2, 6); (3, 6); (4, 5); (5, 6)",[],[],"[(0, 6), (2, 3)]","[30, 40]","[(0, 1, 2), (0, 1, 3), (1, 2, 6), (1, 3, 6), (2, 4, 5), (3, 4, 5)]","[490, 490, 490, 490, 1020, 1020]",True,False,126,9,False
910,7,12,"(0, 1); (0, 2); (0, 4); (0, 5); (1, 4); (1, 5); (2, 3); (2, 4); (2, 5); (3, 4); (3, 5); (3, 6)",[],[],"[(4, 5)]",[31],"[(0, 2, 4), (0, 2, 5), (1, 2, 6)]","[518, 518, 1197]",True,False,169,6,False
911,7,12,"(0, 1); (0, 3); (0, 5); (0, 6); (1, 2); (1, 4); (1, 5); (2, 3); (2, 4); (2, 5); (3, 4); (4, 5)",[],[],"[(1, 5), (2, 4)]","[36, 34]",[],[],True,False,315,1,False
912,7,12,"(0, 1); (0, 2); (0, 3); (0, 4); (1, 2); (1, 3); (1, 4); (2, 3); (2, 4); (3, 5); (4, 5); (5, 6)",[],[],"[(0, 1), (0, 2), (1, 2), (3, 4)]","[37, 37, 37, 32]",[],[],True,False,316,1,False
913,7,12,"(0, 3); (0, 6); (1, 3); (1, 6); (2, 3); (2, 6); (3, 4); (3, 5); (3, 6); (4, 5); (4, 6); (5, 6)",[],[],"[(0, 1), (0, 2), (1, 2), (3, 6), (4, 5)]","[49, 49, 49, 20, 46]","[(0, 3, 6), (1, 3, 6), (2, 3, 6)]","[467, 467, 467]",True,False,76,26,False
914,7,12,"(0, 1); (0, 4); (1, 2); (1, 4); (1, 5); (1, 6); (2, 3); (2, 4); (2, 6); (3, 4); (4, 5); (4, 6)",[],[],"[(0, 5)]",[49],[],[],True,False,317,1,False
915,7,12,"(0, 3); (0, 5); (1, 4); (1, 5); (2, 3); (2, 4); (3, 4); (3, 5); (3, 6); (4, 5); (4, 6); (5, 6)",[],[],[],[],"[(0, 1, 2)]",[1205],True,True,148,9,True
916,7,12,"(0, 1); (0, 2); (0, 3); (0, 5); (1, 2); (1, 3); (1, 6); (2, 3); (2, 4); (3, 4); (3, 5); (3, 6)",[],[],[],[],[],[],True,True,318,1,True
917,7,12,"(0, 1); (0, 2); (0, 3); (0, 5); (0, 6); (1, 2); (1, 3); (1, 4); (1, 5); (2, 3); (2, 4); (3, 6)",[],[],[],[],"[(2, 4, 6), (3, 4, 6)]","[1034, 1034]",True,True,319,3,False
918,7,12,"(0, 1); (0, 4); (1, 2); (1, 4); (1, 5); (2, 3); (2, 4); (2, 5); (2, 6); (3, 5); (4, 5); (5, 6)",[],[],"[(1, 4), (2, 5), (3, 6)]","[33, 23, 49]","[(0, 1, 3), (0, 1, 4), (0, 1, 6), (0, 3, 4), (0, 4, 6), (2, 3, 5), (2, 5, 6)]","[1035, 458, 1035, 1035, 1035, 465, 465]",True,False,76,26,False
919,7,12,"(0, 1); (0, 3); (0, 4); (1, 3); (1, 4); (2, 3); (2, 4); (3, 4); (3, 5); (3, 6); (4, 5); (5, 6)",[],[],"[(0, 1)]",[47],"[(3, 4, 5)]",[537],True,False,158,8,False
920,7,12,"(0, 1); (0, 3); (0, 4); (0, 5); (0, 6); (1, 2); (1, 3); (1, 4); (1, 5); (1, 6); (2, 3); (2, 4)",[],[],"[(3, 4), (5, 6)]","[40, 50]","[(0, 1, 3), (0, 1, 4)]","[540, 540]",True,False,146,10,False
921,7,12,"(0, 1); (0, 2); (0, 3); (0, 4); (1, 2); (1, 3); (1, 6); (2, 3); (2, 4); (2, 5); (2, 6); (4, 5)",[],[],[],[],"[(1, 2, 5)]",[834],True,True,216,7,True
922,7,12,"(0, 1); (0, 3); (0, 4); (1, 2); (1, 4); (2, 3); (2, 4); (2, 5); (3, 4); (3, 6); (4, 5); (4, 6)",[],[],[],[],"[(2, 3, 4)]",[566],True,True,218,2,True
923,7,12,"(0, 1); (0, 3); (0, 4); (0, 5); (1, 2); (1, 3); (1, 4); (1, 5); (1, 6); (2, 3); (2, 4); (2, 6)",[],[],"[(3, 4)]",[42],"[(0, 1, 6), (1, 2, 5)]","[847, 847]",True,False,299,2,False
924,7,12,"(0, 1); (0, 2); (0, 3); (0, 4); (1, 2); (1, 3); (2, 3); (2, 4); (2, 5); (2, 6); (4, 5); (4, 6)",[],[],"[(1, 3), (5, 6)]","[46, 49]","[(0, 2, 4)]",[568],True,False,85,10,False
925,7,12,"(0, 1); (0, 2); (0, 3); (0, 4); (0, 5); (0, 6); (1, 2); (3, 4); (3, 5); (3, 6); (4, 5); (4, 6)",[],[],"[(1, 2), (3, 4), (5, 6)]","[51, 34, 42]","[(0, 1, 3), (0, 1, 4), (0, 2, 3), (0, 2, 4)]","[850, 850, 850, 850]",True,False,301,3,False
926,7,12,"(0, 1); (0, 2); (0, 3); (0, 4); (0, 5); (1, 2); (1, 3); (1, 4); (2, 3); (2, 5); (2, 6); (5, 6)",[],[],[],[],"[(2, 3, 6)]",[820],True,True,173,3,True
927,7,12,"(0, 1); (0, 3); (0, 4); (0, 5); (0, 6); (1, 2); (1, 4); (2, 3); (2, 4); (3, 4); (3, 5); (4, 6)",[],[],[],[],"[(0, 3, 4), (1, 2, 5), (2, 4, 6)]","[572, 1053, 816]",True,True,133,14,True
928,7,12,"(0, 1); (0, 3); (0, 4); (0, 5); (0, 6); (1, 2); (1, 4); (1, 5); (1, 6); (2, 3); (2, 4); (4, 5)",[],[],[],[],"[(0, 1, 3), (2, 3, 5)]","[819, 1029]",True,True,207,5,True
929,7,12,"(0, 1); (0, 3); (0, 4); (0, 5); (0, 6); (1, 2); (1, 3); (1, 4); (1, 6); (2, 3); (2, 4); (2, 5)",[],[],"[(3, 4)]",[43],"[(0, 1, 5)]",[823],True,False,296,2,False
930,7,12,"(0, 1); (0, 3); (0, 4); (1, 2); (2, 3); (2, 4); (2, 6); (3, 4); (3, 5); (3, 6); (4, 5); (4, 6)",[],[],"[(3, 4)]",[25],"[(0, 1, 6), (3, 4, 5)]","[1030, 470]",True,False,90,18,False
931,7,12,"(0, 3); (0, 5); (0, 6); (1, 4); (1, 5); (2, 3); (2, 4); (3, 4); (3, 5); (3, 6); (4, 5); (5, 6)",[],[],"[(0, 6)]",[47],"[(0, 1, 5), (0, 2, 3), (1, 2, 4), (1, 5, 6), (2, 3, 6), (3, 4, 5)]","[818, 818, 799, 818, 818, 577]",True,False,174,30,False
932,7,12,"(0, 1); (0, 3); (0, 4); (0, 5); (0, 6); (1, 2); (1, 4); (1, 5); (1, 6); (2, 3); (2, 4); (3, 4)",[],[],"[(5, 6)]",[50],"[(0, 1, 4), (2, 3, 4), (2, 3, 5), (2, 3, 6)]","[579, 477, 1060, 1060]",True,False,81,32,False
933,7,12,"(0, 1); (0, 3); (0, 4); (1, 2); (1, 3); (1, 4); (1, 5); (2, 3); (2, 4); (3, 4); (4, 6); (5, 6)",[],[],"[(0, 2)]",[43],"[(1, 4, 5), (1, 4, 6)]","[829, 829]",True,False,125,4,False
934,7,12,"(0, 1); (0, 3); (0, 4); (1, 2); (1, 3); (1, 4); (2, 3); (2, 4); (3, 5); (3, 6); (4, 5); (4, 6)",[],[],"[(0, 2), (3, 4), (5, 6)]","[44, 21, 50]","[(3, 4, 5), (3, 4, 6)]","[732, 732]",True,False,81,32,False
935,7,12,"(0, 1); (0, 3); (0, 4); (0, 5); (0, 6); (1, 2); (1, 4); (1, 6); (2, 3); (3, 4); (3, 5); (4, 5)",[],[],[],[],"[(0, 5, 6), (2, 3, 4)]","[834, 804]",True,True,216,7,True
936,7,12,"(0, 1); (0, 3); (0, 4); (0, 5); (1, 2); (1, 3); (1, 4); (1, 5); (2, 3); (2, 4); (2, 6); (4, 6)",[],[],[],[],"[(0, 1, 3), (4, 5, 6)]","[516, 1064]",True,True,202,5,True
937,7,12,"(0, 1); (0, 3); (0, 4); (1, 2); (1, 4); (1, 5); (1, 6); (2, 3); (2, 4); (2, 5); (4, 5); (5, 6)",[],[],[],[],"[(2, 3, 4), (3, 4, 6)]","[806, 1197]",True,True,169,6,False
938,7,12,"(0, 1); (0, 2); (0, 3); (0, 4); (1, 2); (1, 3); (1, 5); (1, 6); (2, 4); (3, 4); (3, 5); (4, 6)",[],[],[],[],"[(0, 4, 6)]",[803],True,True,290,2,True
939,7,12,"(0, 1); (0, 2); (0, 3); (0, 4); (0, 6); (1, 2); (1, 4); (2, 3); (2, 5); (3, 4); (3, 6); (4, 5)",[],[],"[(2, 4)]",[27],"[(0, 1, 6), (2, 4, 5), (3, 5, 6)]","[842, 733, 1067]",True,False,181,6,False
940,7,12,"(0, 1); (0, 2); (0, 4); (0, 5); (1, 2); (1, 4); (1, 5); (2, 3); (2, 5); (2, 6); (3, 6); (5, 6)",[],[],"[(0, 1)]",[33],"[(0, 1, 4), (2, 4, 6), (2, 5, 6), (3, 4, 5)]","[459, 1073, 524, 1198]",True,False,82,10,False
941,7,12,"(0, 1); (0, 3); (0, 4); (1, 2); (1, 3); (1, 4); (2, 3); (2, 4); (2, 5); (2, 6); (3, 5); (4, 6)",[],[],[],[],[],[],True,True,320,1,True
942,7,12,"(0, 1); (0, 2); (1, 2); (1, 4); (1, 5); (2, 4); (2, 5); (2, 6); (3, 4); (3, 5); (3, 6); (4, 5)",[],[],"[(4, 5)]",[36],"[(0, 2, 3)]",[1034],True,False,319,3,False
943,7,12,"(0, 1); (0, 2); (0, 3); (0, 4); (1, 2); (1, 3); (1, 4); (2, 4); (3, 4); (3, 6); (4, 5); (5, 6)",[],[],"[(0, 1)]",[37],"[(2, 4, 6)]",[1070],True,False,321,2,False
944,7,12,"(0, 1); (0, 2); (0, 3); (1, 2); (1, 3); (1, 6); (2, 3); (2, 6); (3, 4); (3, 5); (4, 6); (5, 6)",[],[],"[(1, 2), (4, 5)]","[37, 49]",[],[],True,False,322,1,False
945,7,12,"(0, 1); (0, 3); (0, 4); (0, 5); (0, 6); (1, 2); (1, 3); (1, 4); (2, 3); (2, 4); (3, 4); (5, 6)",[],[],"[(1, 3), (1, 4), (3, 4), (5, 6)]","[36, 36, 36, 51]","[(0, 2, 5), (0, 2, 6)]","[1036, 1036]",True,False,323,2,False
946,7,12,"(0, 1); (0, 3); (0, 4); (0, 6); (1, 2); (1, 4); (1, 5); (2, 3); (2, 4); (2, 5); (3, 4); (3, 6)",[],[],[],[],"[(0, 3, 4), (0, 3, 5), (1, 2, 4), (1, 2, 6), (4, 5, 6)]","[556, 1075, 556, 1075, 1207]",True,True,86,21,False
947,7,12,"(0, 1); (0, 4); (1, 2); (1, 5); (1, 6); (2, 3); (3, 4); (3, 5); (3, 6); (4, 5); (4, 6); (5, 6)",[],[],"[(5, 6)]",[38],"[(0, 1, 3), (0, 4, 5), (0, 4, 6), (1, 2, 4), (2, 3, 5), (2, 3, 6)]","[1031, 810, 810, 1031, 810, 810]",True,False,213,5,False
948,7,12,"(0, 5); (0, 6); (1, 3); (1, 4); (2, 3); (2, 4); (2, 5); (2, 6); (3, 5); (3, 6); (4, 5); (4, 6)",[],[],"[(3, 4), (5, 6)]","[28, 28]","[(0, 1, 2), (0, 2, 5), (0, 2, 6), (0, 5, 6), (1, 2, 3), (1, 2, 4), (1, 3, 4)]","[1208, 812, 812, 734, 812, 812, 734]",True,False,75,15,False
949,7,12,"(0, 1); (0, 4); (0, 5); (0, 6); (1, 2); (1, 5); (1, 6); (2, 3); (2, 5); (2, 6); (3, 4); (5, 6)",[],[],"[(1, 5), (1, 6), (5, 6)]","[38, 38, 38]","[(0, 1, 3), (0, 2, 3), (0, 2, 4), (0, 3, 5), (0, 3, 6), (1, 2, 4), (2, 4, 5), (2, 4, 6)]","[1076, 1032, 1032, 1076, 1076, 1076, 1076, 1076]",True,False,324,4,False
950,7,12,"(0, 1); (0, 5); (0, 6); (1, 5); (1, 6); (2, 3); (2, 6); (3, 4); (3, 6); (4, 5); (4, 6); (5, 6)",[],[],"[(0, 1)]",[47],"[(0, 3, 6), (1, 3, 6), (2, 5, 6)]","[857, 857, 863]",True,False,174,30,False
951,7,12,"(0, 1); (0, 4); (0, 5); (1, 2); (1, 5); (1, 6); (2, 3); (2, 5); (3, 4); (3, 5); (4, 5); (5, 6)",[],[],[],[],[],[],True,True,325,1,True
952,7,12,"(0, 1); (0, 3); (0, 4); (1, 2); (1, 4); (1, 5); (2, 3); (2, 4); (3, 4); (4, 5); (4, 6); (5, 6)",[],[],"[(0, 2)]",[40],"[(3, 4, 5)]",[865],True,False,88,48,False
953,7,12,"(0, 1); (0, 2); (0, 5); (1, 2); (1, 4); (1, 5); (1, 6); (2, 5); (3, 4); (3, 5); (3, 6); (4, 5)",[],[],"[(0, 2)]",[48],"[(1, 5, 6), (3, 4, 6)]","[853, 755]",True,False,244,6,False
954,7,12,"(0, 4); (0, 6); (1, 3); (1, 5); (1, 6); (2, 3); (2, 5); (2, 6); (3, 5); (4, 5); (4, 6); (5, 6)",[],[],"[(1, 2)]",[41],"[(0, 3, 5), (0, 3, 6)]","[1085, 1044]",True,False,326,5,False
955,7,12,"(0, 5); (0, 6); (1, 4); (1, 5); (1, 6); (2, 3); (2, 5); (2, 6); (3, 4); (3, 6); (4, 5); (5, 6)",[],[],[],[],[],[],True,True,327,1,True
956,7,12,"(0, 1); (0, 2); (0, 3); (1, 2); (1, 4); (1, 5); (1, 6); (2, 4); (2, 5); (2, 6); (3, 5); (4, 6)",[],[],"[(0, 5), (1, 2), (4, 6)]","[39, 26, 48]","[(0, 3, 5), (1, 3, 4), (1, 3, 6), (2, 3, 4), (2, 3, 6)]","[735, 1084, 1084, 1084, 1084]",True,False,89,9,False
957,7,12,"(0, 1); (0, 3); (0, 4); (1, 2); (1, 5); (2, 3); (2, 4); (3, 4); (3, 5); (3, 6); (4, 5); (4, 6)",[],[],"[(0, 2), (0, 5), (2, 5), (3, 4)]","[41, 41, 41, 24]","[(1, 3, 6), (1, 4, 6), (3, 4, 6)]","[1045, 1045, 472]",True,False,183,10,False
958,7,12,"(0, 1); (0, 2); (0, 5); (1, 2); (1, 3); (1, 4); (1, 6); (2, 5); (3, 4); (3, 5); (4, 5); (5, 6)",[],[],"[(0, 2), (1, 5), (3, 4)]","[48, 22, 48]","[(1, 5, 6)]",[735],True,False,89,9,False
959,7,12,"(0, 1); (0, 3); (0, 4); (0, 6); (1, 2); (1, 4); (1, 5); (1, 6); (2, 3); (2, 4); (3, 4); (5, 6)",[],[],[],[],"[(1, 3, 5), (2, 3, 4)]","[1050, 479]",True,True,187,4,True
960,7,12,"(0, 1); (0, 3); (0, 4); (1, 3); (1, 4); (1, 5); (1, 6); (2, 3); (2, 4); (2, 5); (2, 6); (4, 6)",[],[],[],[],"[(1, 2, 3)]",[761],True,True,279,4,True
961,7,12,"(0, 1); (0, 3); (0, 5); (1, 2); (1, 4); (1, 5); (1, 6); (2, 3); (2, 4); (2, 6); (3, 5); (4, 5)",[],[],[],[],"[(0, 1, 2), (0, 3, 6), (1, 2, 3), (3, 4, 5)]","[863, 1095, 825, 817]",True,True,174,30,False
962,7,12,"(0, 1); (0, 3); (0, 5); (1, 2); (1, 4); (1, 5); (1, 6); (2, 3); (2, 4); (3, 5); (4, 5); (4, 6)",[],[],[],[],"[(1, 3, 6), (2, 3, 5)]","[1052, 761]",True,True,279,4,True
963,7,12,"(0, 1); (0, 3); (0, 5); (0, 6); (1, 2); (1, 4); (1, 5); (1, 6); (2, 3); (2, 4); (3, 5); (4, 5)",[],[],[],[],"[(0, 1, 2), (1, 4, 6), (2, 3, 5), (3, 4, 5), (3, 4, 6)]","[859, 865, 763, 831, 1202]",True,True,88,48,False
964,7,12,"(0, 1); (0, 3); (0, 4); (1, 2); (1, 5); (2, 3); (2, 4); (2, 6); (3, 4); (3, 6); (4, 5); (4, 6)",[],[],[],[],"[(1, 2, 4)]",[821],True,True,295,2,True
965,7,12,"(0, 4); (0, 5); (0, 6); (1, 3); (1, 5); (1, 6); (2, 3); (2, 4); (3, 5); (3, 6); (4, 5); (5, 6)",[],[],[],[],"[(0, 1, 2), (0, 5, 6), (3, 4, 5)]","[1200, 528, 860]",True,True,160,8,True
966,7,12,"(0, 3); (0, 5); (1, 2); (1, 5); (1, 6); (2, 4); (2, 6); (3, 4); (3, 6); (4, 5); (4, 6); (5, 6)",[],[],[],[],"[(0, 2, 6), (2, 4, 6)]","[1094, 540]",True,True,146,10,False
967,7,12,"(0, 3); (0, 6); (1, 4); (1, 5); (1, 6); (2, 3); (2, 4); (2, 5); (3, 6); (4, 5); (4, 6); (5, 6)",[],[],"[(4, 5)]",[35],"[(0, 1, 2), (0, 1, 6), (3, 4, 6), (3, 5, 6)]","[1204, 869, 866, 866]",True,False,104,20,False
968,7,12,"(0, 1); (0, 4); (0, 6); (1, 2); (1, 6); (2, 3); (2, 6); (3, 4); (3, 5); (3, 6); (4, 5); (4, 6)",[],[],[],[],"[(0, 2, 5), (1, 5, 6)]","[1205, 1096]",True,True,148,9,True
969,7,12,"(0, 1); (0, 2); (0, 3); (1, 3); (1, 4); (1, 5); (1, 6); (2, 3); (2, 4); (2, 5); (3, 5); (4, 6)",[],[],"[(0, 5)]",[43],"[(1, 2, 4), (1, 3, 4), (2, 3, 6)]","[768, 869, 1092]",True,False,104,20,False
970,7,12,"(0, 1); (0, 2); (0, 5); (1, 2); (1, 3); (1, 4); (1, 6); (2, 5); (3, 4); (3, 5); (3, 6); (4, 5)",[],[],"[(0, 2)]",[47],"[(0, 1, 3), (0, 4, 5), (1, 2, 3), (2, 4, 5)]","[857, 818, 857, 818]",True,False,174,30,False
971,7,12,"(0, 3); (0, 4); (0, 5); (1, 2); (1, 4); (1, 5); (2, 3); (2, 4); (2, 6); (3, 4); (3, 6); (4, 6)",[],[],[],[],"[(2, 3, 5), (4, 5, 6)]","[1093, 1095]",True,True,174,30,False
972,7,12,"(0, 3); (0, 4); (0, 5); (0, 6); (1, 3); (1, 5); (1, 6); (2, 3); (2, 4); (3, 5); (3, 6); (4, 5)",[],[],[],[],[],[],True,True,328,1,True
973,7,12,"(0, 3); (0, 5); (1, 4); (1, 5); (1, 6); (2, 4); (2, 5); (2, 6); (3, 4); (3, 6); (4, 6); (5, 6)",[],[],"[(1, 2)]",[43],"[(0, 1, 3), (0, 2, 3), (0, 4, 5), (1, 4, 6), (2, 4, 6), (3, 5, 6)]","[1051, 1051, 1041, 531, 531, 867]",True,False,103,15,False
974,7,12,"(0, 3); (0, 4); (0, 5); (0, 6); (1, 2); (1, 4); (1, 5); (1, 6); (2, 3); (2, 6); (3, 6); (4, 6)",[],[],[],[],"[(2, 3, 5)]",[1093],True,True,174,30,False
975,7,12,"(0, 5); (0, 6); (1, 3); (1, 4); (1, 6); (2, 3); (2, 4); (2, 6); (3, 5); (4, 5); (4, 6); (5, 6)",[],[],"[(1, 2)]",[40],"[(1, 3, 4), (2, 3, 4), (3, 5, 6)]","[757, 757, 828]",True,False,146,10,False
976,7,12,"(0, 3); (0, 5); (1, 2); (1, 4); (1, 6); (2, 4); (2, 6); (3, 5); (3, 6); (4, 5); (4, 6); (5, 6)",[],[],"[(1, 2)]",[47],"[(0, 1, 6), (0, 2, 6)]","[1091, 1091]",True,False,190,7,False
977,7,12,"(0, 3); (0, 6); (1, 4); (1, 5); (1, 6); (2, 4); (2, 5); (2, 6); (3, 4); (3, 5); (4, 6); (5, 6)",[],[],"[(1, 2), (4, 5)]","[44, 30]","[(0, 1, 3), (0, 2, 3), (3, 4, 6), (3, 5, 6)]","[1060, 1060, 827, 827]",True,False,81,32,False
978,7,12,"(0, 5); (0, 6); (1, 4); (1, 5); (1, 6); (2, 4); (2, 5); (2, 6); (3, 4); (3, 5); (3, 6); (4, 6)",[],[],"[(1, 2), (1, 3), (2, 3)]","[43, 43, 43]","[(0, 4, 5), (1, 5, 6), (2, 5, 6), (3, 5, 6)]","[1042, 765, 765, 765]",True,False,104,20,False
979,7,12,"(0, 1); (0, 3); (0, 5); (1, 2); (1, 4); (1, 6); (2, 3); (2, 4); (2, 6); (3, 4); (3, 5); (4, 5)",[],[],[],[],[],[],True,True,329,1,True
980,7,12,"(0, 1); (0, 3); (0, 5); (1, 2); (1, 4); (1, 6); (2, 3); (2, 4); (3, 4); (3, 5); (4, 5); (5, 6)",[],[],[],[],"[(0, 2, 3), (1, 3, 6), (1, 4, 5)]","[833, 1046, 836]",True,True,254,6,True
981,7,12,"(0, 2); (0, 6); (1, 4); (1, 5); (1, 6); (2, 3); (2, 5); (3, 4); (3, 5); (3, 6); (4, 5); (4, 6)",[],[],[],[],"[(0, 4, 5), (0, 5, 6), (1, 2, 6), (3, 4, 5)]","[1102, 1047, 1065, 564]",True,True,118,13,False
982,7,12,"(0, 5); (0, 6); (1, 3); (1, 4); (1, 6); (2, 3); (2, 4); (2, 5); (3, 4); (3, 6); (4, 5); (5, 6)",[],[],[],[],"[(0, 1, 2), (0, 3, 4), (3, 5, 6), (4, 5, 6)]","[1209, 1100, 844, 844]",True,True,298,5,False
983,7,12,"(0, 1); (0, 3); (0, 5); (1, 2); (1, 4); (2, 3); (2, 4); (2, 5); (3, 4); (3, 5); (4, 6); (5, 6)",[],[],[],[],"[(0, 1, 2), (0, 1, 3), (2, 4, 6), (3, 5, 6)]","[770, 770, 837, 837]",True,True,242,8,False
984,7,12,"(0, 2); (0, 6); (1, 2); (1, 4); (1, 5); (2, 3); (3, 4); (3, 5); (3, 6); (4, 5); (4, 6); (5, 6)",[],[],"[(4, 5)]",[37],"[(0, 3, 6), (1, 2, 6)]","[843, 1047]",True,False,118,13,False
985,7,12,"(0, 2); (0, 6); (1, 3); (1, 4); (1, 5); (2, 4); (2, 5); (3, 4); (3, 5); (3, 6); (4, 6); (5, 6)",[],[],"[(4, 5)]",[31],[],[],True,False,330,1,False
986,7,12,"(0, 2); (0, 6); (1, 3); (1, 4); (1, 5); (2, 5); (2, 6); (3, 4); (3, 5); (3, 6); (4, 5); (4, 6)",[],[],"[(3, 4)]",[36],"[(0, 3, 5), (0, 4, 5), (1, 2, 6)]","[1101, 1101, 1068]",True,False,281,9,False
987,7,12,"(0, 5); (0, 6); (1, 3); (1, 4); (1, 6); (2, 3); (2, 4); (2, 6); (3, 4); (3, 5); (4, 5); (5, 6)",[],[],"[(1, 2), (3, 4)]","[42, 34]","[(3, 5, 6), (4, 5, 6)]","[850, 850]",True,False,301,3,False
988,7,12,"(0, 5); (0, 6); (1, 2); (1, 5); (1, 6); (2, 3); (2, 4); (3, 4); (3, 5); (3, 6); (4, 5); (4, 6)",[],[],"[(3, 4), (5, 6)]","[37, 27]","[(0, 5, 6), (1, 2, 3), (1, 2, 4)]","[739, 772, 772]",True,False,119,12,False
989,7,12,"(0, 3); (0, 4); (0, 6); (1, 5); (1, 6); (2, 3); (2, 4); (2, 5); (3, 5); (3, 6); (4, 5); (4, 6)",[],[],"[(3, 4)]",[31],"[(0, 1, 2), (0, 2, 3), (0, 2, 4), (3, 5, 6), (4, 5, 6)]","[1210, 846, 846, 838, 838]",True,False,156,12,False
990,7,12,"(0, 5); (0, 6); (1, 2); (1, 3); (1, 4); (2, 3); (2, 4); (3, 5); (3, 6); (4, 5); (4, 6); (5, 6)",[],[],"[(1, 2), (3, 4), (5, 6)]","[46, 32, 33]","[(0, 5, 6)]",[467],True,False,76,26,False
991,7,12,"(0, 1); (0, 2); (1, 5); (1, 6); (2, 3); (2, 4); (3, 4); (3, 5); (3, 6); (4, 5); (4, 6); (5, 6)",[],[],"[(3, 4), (5, 6)]","[36, 36]","[(0, 3, 5), (0, 3, 6), (0, 4, 5), (0, 4, 6), (1, 2, 3), (1, 2, 4), (1, 2, 5), (1, 2, 6)]","[1101, 1101, 1101, 1101, 1074, 1074, 1074, 1074]",True,False,281,9,False
992,7,12,"(0, 3); (0, 4); (0, 6); (1, 3); (1, 5); (1, 6); (2, 3); (2, 4); (2, 5); (3, 5); (3, 6); (4, 6)",[],[],[],[],"[(2, 3, 6), (4, 5, 6)]","[875, 1082]",True,True,309,3,True
993,7,12,"(0, 4); (0, 5); (0, 6); (1, 3); (1, 5); (1, 6); (2, 3); (2, 4); (2, 5); (3, 6); (4, 6); (5, 6)",[],[],[],[],"[(2, 5, 6)]",[855],True,True,304,4,True
994,7,12,"(0, 3); (0, 4); (0, 6); (1, 3); (1, 4); (1, 5); (2, 3); (2, 4); (2, 5); (3, 4); (3, 6); (5, 6)",[],[],"[(1, 2)]",[41],"[(0, 3, 4), (0, 4, 5), (4, 5, 6)]","[550, 1087, 1077]",True,False,144,12,False
995,7,12,"(0, 3); (0, 4); (0, 6); (1, 3); (1, 4); (1, 5); (2, 3); (2, 4); (2, 5); (3, 5); (3, 6); (4, 6)",[],[],"[(0, 6), (1, 2)]","[48, 41]","[(0, 4, 5), (1, 3, 4), (2, 3, 4), (4, 5, 6)]","[1084, 778, 778, 1084]",True,False,89,9,False
996,7,12,"(0, 4); (0, 5); (0, 6); (1, 2); (1, 3); (1, 6); (2, 3); (2, 6); (3, 5); (4, 5); (4, 6); (5, 6)",[],[],"[(0, 4), (1, 2)]","[48, 45]","[(1, 5, 6), (2, 5, 6), (3, 5, 6)]","[878, 878, 856]",True,False,87,11,False
997,7,12,"(0, 3); (0, 4); (0, 6); (1, 3); (1, 5); (1, 6); (2, 3); (2, 4); (2, 5); (3, 6); (4, 5); (4, 6)",[],[],[],[],"[(0, 2, 4), (0, 3, 5)]","[857, 1093]",True,True,174,30,False
998,7,12,"(0, 3); (0, 4); (0, 5); (0, 6); (1, 2); (1, 4); (1, 5); (2, 3); (2, 4); (3, 4); (3, 6); (5, 6)",[],[],[],[],"[(0, 2, 5), (1, 3, 5), (1, 3, 6), (1, 4, 6), (2, 3, 5)]","[1098, 1081, 1099, 1098, 1099]",True,True,78,36,False
999,7,12,"(0, 3); (0, 5); (0, 6); (1, 2); (1, 5); (1, 6); (2, 4); (2, 6); (3, 4); (3, 5); (4, 5); (4, 6)",[],[],[],[],"[(0, 2, 5), (1, 3, 6), (4, 5, 6)]","[1090, 1090, 866]",True,True,104,20,False
1000,7,12,"(0, 3); (0, 5); (0, 6); (1, 2); (1, 4); (1, 6); (2, 3); (2, 5); (3, 4); (4, 5); (4, 6); (5, 6)",[],[],[],[],"[(0, 3, 5), (1, 2, 4), (2, 3, 6)]","[783, 783, 1080]",True,True,81,32,False
1001,7,12,"(0, 3); (0, 5); (0, 6); (1, 2); (1, 5); (1, 6); (2, 3); (2, 4); (3, 4); (4, 5); (4, 6); (5, 6)",[],[],"[(5, 6)]",[35],"[(0, 2, 5), (0, 2, 6), (0, 3, 4), (1, 2, 4), (1, 3, 5), (1, 3, 6)]","[1089, 1089, 785, 785, 1089, 1089]",True,False,284,7,False
1002,7,12,"(0, 1); (0, 3); (0, 4); (1, 3); (1, 4); (2, 3); (2, 4); (2, 5); (2, 6); (3, 6); (4, 5); (5, 6)",[],[],"[(0, 1)]",[47],"[(0, 3, 5), (0, 4, 6), (1, 3, 5), (1, 4, 6), (2, 3, 4), (2, 5, 6)]","[1091, 1091, 1091, 1091, 871, 495]",True,False,190,7,False
1003,7,12,"(0, 1); (0, 3); (0, 4); (1, 2); (1, 4); (2, 3); (2, 5); (2, 6); (3, 5); (3, 6); (4, 5); (4, 6)",[],[],"[(5, 6)]",[43],[],[],True,False,331,1,False
1004,7,12,"(0, 4); (0, 5); (0, 6); (1, 3); (1, 5); (1, 6); (2, 3); (2, 5); (2, 6); (3, 4); (4, 5); (4, 6)",[],[],"[(1, 2), (5, 6)]","[40, 30]",[],[],True,False,332,1,False
1005,7,12,"(0, 3); (0, 4); (0, 6); (1, 3); (1, 5); (1, 6); (2, 4); (2, 5); (2, 6); (3, 4); (3, 5); (4, 5)",[],[],[],[],"[(0, 1, 3), (0, 2, 4), (0, 5, 6), (1, 2, 5), (1, 4, 6), (2, 3, 6), (3, 4, 5)]","[864, 864, 1078, 864, 1078, 1078, 581]",True,True,225,4,True
1006,7,12,"(0, 1); (0, 4); (0, 5); (1, 4); (1, 6); (2, 3); (2, 5); (2, 6); (3, 4); (3, 5); (3, 6); (5, 6)",[],[],[],[],[],[],True,True,333,1,True
1007,7,12,"(0, 1); (0, 2); (0, 4); (0, 5); (1, 3); (1, 6); (2, 3); (2, 6); (3, 4); (3, 5); (4, 6); (5, 6)",[],[],"[(0, 3), (0, 6), (1, 2), (1, 4), (1, 5), (2, 4), (2, 5), (3, 6), (4, 5)]","[29, 29, 44, 44, 44, 44, 44, 29, 44]",[],[],True,False,334,1,False
1008,7,12,"(0, 1); (0, 5); (0, 6); (1, 2); (1, 6); (2, 3); (2, 6); (3, 4); (3, 6); (4, 5); (4, 6); (5, 6)",[],[],[],[],"[(0, 3, 6), (1, 4, 6), (2, 5, 6)]","[877, 877, 877]",True,True,268,3,True
1009,7,12,"(0, 3); (0, 4); (0, 6); (1, 2); (1, 4); (1, 5); (2, 4); (2, 5); (3, 4); (3, 6); (4, 5); (4, 6)",[],[],"[(0, 3), (0, 6), (1, 2), (1, 5), (2, 5), (3, 6)]","[45, 45, 45, 45, 45, 45]","[(0, 1, 4), (0, 2, 4), (0, 4, 5), (1, 3, 4), (1, 4, 6), (2, 3, 4), (2, 4, 6), (3, 4, 5), (4, 5, 6)]","[878, 878, 878, 878, 878, 878, 878, 878, 878]",True,False,87,11,False
1010,7,13,"(1, 4); (1, 5); (1, 6); (2, 3); (2, 4); (2, 5); (2, 6); (3, 4); (3, 5); (3, 6); (4, 5); (4, 6); (5, 6)",[0],[205],"[(2, 3), (4, 5), (4, 6), (5, 6)]","[39, 27, 27, 27]","[(0, 2, 3), (0, 4, 5), (0, 4, 6), (0, 5, 6)]","[1131, 1128, 1128, 1128]",False,False,88,48,False
1011,7,13,"(1, 3); (1, 4); (1, 5); (1, 6); (2, 3); (2, 4); (2, 5); (2, 6); (3, 5); (3, 6); (4, 5); (4, 6); (5, 6)",[0],[206],"[(1, 2), (3, 4), (5, 6)]","[33, 33, 28]","[(0, 1, 2), (0, 3, 4), (0, 5, 6)]","[1214, 1214, 1137]",False,False,335,3,False
1012,7,13,"(0, 6); (1, 4); (1, 5); (2, 3); (2, 4); (2, 5); (2, 6); (3, 4); (3, 5); (3, 6); (4, 5); (4, 6); (5, 6)",[],[],"[(2, 3), (4, 5)]","[41, 27]","[(0, 2, 6), (0, 3, 6), (1, 4, 5)]","[890, 890, 584]",True,False,88,48,False
1013,7,13,"(0, 1); (0, 2); (0, 3); (0, 4); (1, 2); (1, 3); (1, 4); (2, 3); (2, 4); (3, 4); (3, 5); (4, 5); (4, 6)",[],[],"[(0, 1), (0, 2), (1, 2)]","[40, 40, 40]","[(3, 4, 6)]",[894],True,False,119,12,False
1014,7,13,"(0, 1); (0, 2); (0, 3); (0, 4); (0, 5); (1, 2); (1, 3); (1, 4); (1, 5); (1, 6); (2, 4); (3, 4); (4, 5)",[],[],"[(0, 4), (2, 3), (2, 5), (3, 5)]","[29, 45, 45, 45]","[(0, 1, 6), (1, 4, 6)]","[902, 902]",True,False,87,11,False
1015,7,13,"(0, 1); (0, 2); (0, 3); (0, 4); (0, 5); (0, 6); (2, 3); (2, 4); (2, 5); (2, 6); (3, 6); (4, 5); (5, 6)",[],[],[],[],"[(0, 1, 2)]",[907],True,True,200,4,True
1016,7,13,"(0, 6); (1, 4); (1, 5); (1, 6); (2, 3); (2, 4); (2, 5); (3, 4); (3, 5); (3, 6); (4, 5); (4, 6); (5, 6)",[],[],"[(4, 5)]",[30],"[(0, 2, 3)]",[1147],True,False,336,2,False
1017,7,13,"(0, 3); (1, 4); (1, 5); (1, 6); (2, 4); (2, 5); (2, 6); (3, 4); (3, 5); (3, 6); (4, 5); (4, 6); (5, 6)",[],[],"[(1, 2), (4, 5), (4, 6), (5, 6)]","[45, 30, 30, 30]","[(0, 1, 3), (0, 2, 3)]","[1109, 1109]",True,False,337,3,False
1018,7,13,"(0, 1); (0, 2); (0, 3); (0, 4); (0, 5); (0, 6); (2, 5); (2, 6); (3, 4); (3, 5); (3, 6); (4, 5); (4, 6)",[],[],"[(3, 4), (5, 6)]","[40, 34]",[],[],True,False,338,1,False
1019,7,13,"(0, 6); (1, 4); (1, 5); (1, 6); (2, 3); (2, 4); (2, 5); (2, 6); (3, 4); (3, 5); (3, 6); (4, 5); (5, 6)",[],[],"[(2, 3)]",[41],"[(0, 4, 5), (0, 4, 6), (1, 4, 5)]","[1163, 1108, 601]",True,False,113,7,False
1020,7,13,"(0, 6); (1, 3); (1, 4); (1, 5); (2, 3); (2, 4); (2, 5); (2, 6); (3, 5); (3, 6); (4, 5); (4, 6); (5, 6)",[],[],"[(3, 4)]",[35],"[(0, 1, 2), (0, 2, 6), (1, 3, 5), (1, 4, 5)]","[1224, 909, 600, 600]",True,False,126,9,False
1021,7,13,"(0, 1); (0, 2); (0, 4); (0, 5); (1, 4); (1, 5); (1, 6); (2, 3); (2, 4); (2, 5); (3, 4); (3, 5); (4, 5)",[],[],"[(4, 5)]",[31],"[(0, 3, 6), (2, 4, 6), (2, 5, 6)]","[1223, 1153, 1153]",True,False,339,4,False
1022,7,13,"(0, 1); (0, 2); (0, 3); (0, 4); (1, 2); (1, 3); (1, 4); (2, 3); (2, 4); (3, 4); (3, 5); (4, 5); (5, 6)",[],[],"[(0, 1), (0, 2), (1, 2), (3, 4)]","[41, 41, 41, 32]","[(0, 3, 6), (0, 4, 6), (1, 3, 6), (1, 4, 6), (2, 3, 6), (2, 4, 6)]","[1158, 1158, 1158, 1158, 1158, 1158]",True,False,78,36,False
1023,7,13,"(0, 5); (1, 3); (1, 4); (1, 5); (1, 6); (2, 3); (2, 4); (2, 5); (2, 6); (3, 4); (3, 6); (4, 6); (5, 6)",[],[],"[(1, 2), (3, 4)]","[36, 40]","[(0, 3, 6), (0, 4, 6)]","[1165, 1165]",True,False,118,13,False
1024,7,13,"(0, 6); (1, 3); (1, 4); (1, 5); (1, 6); (2, 3); (2, 4); (2, 5); (2, 6); (3, 5); (3, 6); (4, 5); (4, 6)",[],[],"[(1, 2), (3, 4)]","[37, 37]","[(0, 5, 6), (1, 3, 5), (1, 4, 5), (2, 3, 5), (2, 4, 5)]","[1110, 617, 617, 617, 617]",True,False,194,4,False
1025,7,13,"(0, 1); (0, 5); (0, 6); (1, 2); (1, 5); (1, 6); (2, 5); (2, 6); (3, 5); (3, 6); (4, 5); (4, 6); (5, 6)",[],[],"[(0, 2), (3, 4), (5, 6)]","[46, 51, 21]","[(3, 5, 6), (4, 5, 6)]","[593, 593]",True,False,76,26,False
1026,7,13,"(0, 1); (0, 2); (0, 3); (0, 4); (0, 5); (0, 6); (1, 2); (1, 3); (1, 4); (1, 5); (2, 3); (2, 4); (2, 6)",[],[],"[(3, 4)]",[47],[],[],True,False,340,1,False
1027,7,13,"(0, 1); (0, 3); (0, 4); (0, 6); (1, 2); (1, 3); (1, 4); (2, 3); (2, 4); (3, 4); (3, 5); (3, 6); (4, 5)",[],[],[],[],[],[],True,True,341,1,True
1028,7,13,"(0, 1); (0, 3); (0, 4); (0, 5); (0, 6); (1, 2); (1, 3); (1, 4); (2, 3); (2, 4); (3, 4); (3, 5); (3, 6)",[],[],"[(1, 4), (5, 6)]","[40, 51]",[],[],True,False,342,1,False
1029,7,13,"(0, 1); (0, 3); (0, 4); (0, 5); (0, 6); (1, 2); (1, 3); (1, 4); (2, 3); (2, 4); (3, 4); (3, 5); (4, 6)",[],[],[],[],"[(2, 3, 5), (2, 4, 6)]","[928, 928]",True,True,207,5,True
1030,7,13,"(0, 5); (0, 6); (1, 3); (1, 4); (2, 4); (2, 5); (2, 6); (3, 4); (3, 5); (3, 6); (4, 5); (4, 6); (5, 6)",[],[],"[(5, 6)]",[27],"[(0, 1, 3), (0, 5, 6), (1, 2, 4)]","[1126, 590, 930]",True,False,90,18,False
1031,7,13,"(0, 1); (0, 2); (0, 3); (0, 4); (0, 5); (0, 6); (1, 2); (1, 3); (1, 4); (2, 3); (2, 4); (3, 5); (4, 6)",[],[],"[(1, 2)]",[42],"[(0, 3, 6), (0, 4, 5)]","[947, 947]",True,False,213,5,False
1032,7,13,"(0, 1); (0, 2); (0, 3); (0, 4); (1, 2); (1, 3); (1, 4); (1, 5); (1, 6); (2, 3); (2, 4); (3, 4); (5, 6)",[],[],"[(0, 2), (0, 3), (0, 4), (2, 3), (2, 4), (3, 4), (5, 6)]","[42, 42, 42, 42, 42, 42, 52]","[(0, 1, 5), (0, 1, 6), (1, 2, 5), (1, 2, 6), (1, 3, 5), (1, 3, 6), (1, 4, 5), (1, 4, 6)]","[949, 949, 949, 949, 949, 949, 949, 949]",True,False,324,4,False
1033,7,13,"(0, 4); (0, 6); (1, 3); (1, 5); (2, 3); (2, 4); (2, 5); (2, 6); (3, 5); (3, 6); (4, 5); (4, 6); (5, 6)",[],[],[],[],"[(0, 1, 2)]",[1228],True,True,343,2,True
1034,7,13,"(0, 5); (0, 6); (1, 4); (1, 6); (2, 3); (2, 4); (2, 5); (2, 6); (3, 4); (3, 5); (3, 6); (4, 5); (5, 6)",[],[],"[(2, 3)]",[43],"[(1, 2, 4), (1, 3, 4), (1, 5, 6)]","[917, 917, 942]",True,False,319,3,False
1035,7,13,"(0, 5); (0, 6); (1, 3); (1, 4); (2, 3); (2, 4); (2, 5); (2, 6); (3, 5); (3, 6); (4, 5); (4, 6); (5, 6)",[],[],"[(3, 4), (5, 6)]","[33, 28]","[(0, 1, 2), (0, 5, 6), (1, 2, 3), (1, 2, 4), (1, 3, 4)]","[1229, 593, 918, 918, 879]",True,False,76,26,False
1036,7,13,"(0, 1); (0, 2); (0, 3); (0, 4); (1, 2); (1, 3); (1, 4); (2, 3); (2, 4); (3, 4); (3, 5); (4, 6); (5, 6)",[],[],"[(0, 1), (0, 2), (1, 2)]","[43, 43, 43]","[(3, 4, 5), (3, 4, 6)]","[945, 945]",True,False,323,2,False
1037,7,13,"(0, 5); (0, 6); (1, 5); (1, 6); (2, 3); (2, 4); (2, 5); (2, 6); (3, 4); (3, 5); (3, 6); (4, 5); (4, 6)",[],[],"[(0, 1), (2, 3), (2, 4), (3, 4), (5, 6)]","[51, 44, 44, 44, 23]","[(0, 5, 6), (1, 5, 6)]","[879, 879]",True,False,76,26,False
1038,7,13,"(0, 1); (0, 2); (0, 5); (1, 2); (1, 3); (1, 4); (1, 5); (1, 6); (2, 5); (3, 4); (3, 5); (4, 5); (5, 6)",[],[],"[(0, 2), (1, 5), (3, 4)]","[49, 22, 49]","[(1, 5, 6)]",[597],True,False,81,32,False
1039,7,13,"(0, 1); (0, 3); (0, 4); (0, 5); (0, 6); (1, 2); (1, 4); (2, 3); (2, 4); (3, 4); (3, 6); (4, 5); (4, 6)",[],[],[],[],"[(0, 1, 4)]",[647],True,True,157,13,True
1040,7,13,"(0, 1); (0, 2); (0, 5); (1, 2); (1, 3); (1, 4); (1, 5); (1, 6); (2, 5); (2, 6); (3, 4); (3, 5); (4, 5)",[],[],"[(3, 4)]",[49],[],[],True,False,344,1,False
1041,7,13,"(0, 1); (0, 2); (0, 3); (0, 4); (0, 5); (0, 6); (1, 2); (1, 3); (1, 4); (1, 5); (2, 3); (2, 4); (5, 6)",[],[],"[(3, 4)]",[47],"[(0, 1, 5), (0, 2, 6)]","[654, 973]",True,False,103,15,False
1042,7,13,"(0, 1); (0, 3); (0, 5); (0, 6); (1, 2); (1, 3); (1, 4); (1, 5); (1, 6); (2, 3); (2, 4); (2, 5); (2, 6)",[],[],"[(3, 5), (3, 6), (5, 6)]","[47, 47, 47]","[(0, 1, 4), (1, 2, 3), (1, 2, 5), (1, 2, 6)]","[978, 655, 655, 655]",True,False,104,20,False
1043,7,13,"(0, 3); (0, 4); (1, 2); (1, 3); (1, 4); (2, 3); (2, 4); (2, 5); (2, 6); (3, 4); (3, 6); (4, 5); (5, 6)",[],[],[],[],"[(0, 5, 6)]",[1146],True,True,304,4,True
1044,7,13,"(0, 3); (0, 6); (1, 4); (1, 5); (1, 6); (2, 4); (2, 5); (2, 6); (3, 4); (3, 5); (4, 5); (4, 6); (5, 6)",[],[],"[(1, 2), (4, 5)]","[48, 30]","[(0, 1, 3), (0, 2, 3), (0, 4, 6), (0, 5, 6)]","[1120, 1120, 954, 954]",True,False,326,5,False
1045,7,13,"(0, 3); (0, 4); (1, 2); (1, 3); (1, 4); (1, 5); (1, 6); (2, 3); (2, 4); (3, 5); (3, 6); (4, 5); (4, 6)",[],[],"[(2, 5), (2, 6), (3, 4), (5, 6)]","[48, 48, 24, 48]","[(0, 1, 3), (0, 1, 4), (0, 3, 4)]","[957, 957, 880]",True,False,183,10,False
1046,7,13,"(0, 1); (0, 2); (0, 3); (0, 4); (0, 5); (0, 6); (1, 2); (1, 3); (1, 4); (2, 4); (2, 5); (3, 5); (3, 6)",[],[],[],[],"[(0, 1, 3), (0, 2, 6)]","[690, 980]",True,True,254,6,True
1047,7,13,"(0, 1); (0, 2); (0, 3); (0, 4); (0, 5); (0, 6); (1, 2); (1, 3); (1, 4); (2, 3); (2, 4); (3, 5); (5, 6)",[],[],"[(1, 2)]",[40],"[(0, 1, 6), (0, 2, 6), (0, 4, 5)]","[981, 981, 984]",True,False,118,13,False
1048,7,13,"(0, 1); (0, 2); (0, 3); (0, 4); (0, 5); (0, 6); (1, 2); (1, 3); (1, 4); (2, 3); (2, 5); (3, 6); (4, 5)",[],[],[],[],[],[],True,True,345,1,True
1049,7,13,"(0, 1); (0, 2); (0, 3); (0, 4); (0, 5); (0, 6); (1, 2); (1, 3); (1, 6); (2, 4); (2, 5); (3, 4); (3, 5)",[],[],"[(2, 3), (4, 5)]","[34, 46]","[(0, 1, 2), (0, 1, 3)]","[705, 705]",True,False,85,10,False
1050,7,13,"(0, 2); (0, 6); (1, 4); (1, 5); (1, 6); (2, 3); (2, 5); (3, 4); (3, 5); (3, 6); (4, 5); (4, 6); (5, 6)",[],[],[],[],"[(0, 5, 6)]",[959],True,True,187,4,True
1051,7,13,"(0, 3); (0, 4); (1, 2); (1, 3); (1, 5); (1, 6); (2, 3); (2, 4); (2, 5); (2, 6); (3, 4); (3, 6); (4, 5)",[],[],[],[],"[(0, 3, 6), (0, 5, 6), (1, 2, 5), (2, 3, 4)]","[973, 1231, 623, 714]",True,True,103,15,False
1052,7,13,"(0, 4); (0, 6); (1, 4); (1, 5); (1, 6); (2, 3); (2, 5); (2, 6); (3, 4); (3, 5); (3, 6); (4, 5); (5, 6)",[],[],[],[],"[(0, 5, 6)]",[962],True,True,279,4,True
1053,7,13,"(0, 1); (0, 2); (0, 4); (0, 5); (1, 2); (1, 3); (1, 4); (1, 6); (2, 5); (3, 4); (3, 5); (4, 5); (4, 6)",[],[],[],[],"[(0, 1, 4), (2, 3, 5)]","[711, 927]",True,True,133,14,True
1054,7,13,"(0, 1); (0, 2); (0, 3); (0, 4); (0, 5); (1, 4); (1, 5); (1, 6); (2, 3); (2, 5); (3, 4); (4, 5); (5, 6)",[],[],[],[],"[(0, 3, 4), (0, 3, 6), (3, 5, 6)]","[628, 1161, 1126]",True,True,90,18,False
1055,7,13,"(0, 1); (0, 2); (0, 3); (0, 4); (0, 5); (1, 2); (1, 3); (1, 6); (2, 3); (2, 5); (3, 4); (3, 5); (4, 6)",[],[],"[(0, 3)]",[31],"[(0, 5, 6), (3, 5, 6)]","[1153, 1153]",True,False,339,4,False
1056,7,13,"(0, 1); (0, 2); (0, 3); (0, 5); (1, 2); (1, 4); (1, 5); (2, 3); (2, 5); (2, 6); (3, 4); (4, 5); (5, 6)",[],[],[],[],"[(0, 3, 4), (1, 3, 4)]","[891, 891]",True,True,280,3,False
1057,7,13,"(0, 3); (0, 4); (0, 5); (1, 3); (1, 4); (1, 5); (2, 3); (2, 6); (3, 4); (3, 6); (4, 5); (4, 6); (5, 6)",[],[],"[(0, 1)]",[47],"[(0, 4, 5), (1, 4, 5), (3, 4, 6)]","[624, 624, 715]",True,False,151,5,False
1058,7,13,"(0, 2); (0, 6); (1, 3); (1, 4); (1, 5); (2, 5); (2, 6); (3, 4); (3, 5); (3, 6); (4, 5); (4, 6); (5, 6)",[],[],"[(3, 4)]",[41],"[(0, 1, 5), (0, 1, 6)]","[1162, 1129]",True,False,346,8,False
1059,7,13,"(0, 1); (0, 2); (0, 4); (0, 5); (1, 4); (1, 5); (2, 3); (2, 4); (2, 5); (3, 4); (3, 5); (4, 6); (5, 6)",[],[],"[(4, 5)]",[25],"[(4, 5, 6)]",[881],True,False,310,2,False
1060,7,13,"(0, 1); (0, 2); (0, 4); (0, 5); (0, 6); (1, 2); (1, 3); (1, 4); (2, 5); (3, 4); (3, 5); (4, 5); (4, 6)",[],[],"[(1, 5)]",[35],"[(0, 1, 4), (0, 2, 6), (0, 4, 5), (1, 2, 3), (2, 3, 5), (2, 3, 6), (3, 4, 6)]","[722, 977, 722, 932, 932, 1233, 977]",True,False,81,32,False
1061,7,13,"(0, 1); (0, 3); (0, 4); (0, 5); (0, 6); (1, 3); (1, 4); (1, 5); (1, 6); (2, 3); (2, 4); (3, 6); (4, 5)",[],[],"[(0, 1)]",[31],"[(2, 5, 6)]",[1232],True,False,347,3,False
1062,7,13,"(0, 5); (0, 6); (1, 2); (1, 5); (1, 6); (2, 3); (2, 4); (3, 4); (3, 5); (3, 6); (4, 5); (4, 6); (5, 6)",[],[],"[(3, 4), (5, 6)]","[41, 27]","[(0, 2, 5), (0, 2, 6), (0, 5, 6), (1, 2, 3), (1, 2, 4)]","[1128, 1128, 596, 890, 890]",True,False,88,48,False
1063,7,13,"(0, 1); (0, 2); (0, 5); (1, 2); (1, 3); (1, 4); (1, 5); (2, 5); (3, 4); (3, 5); (3, 6); (4, 5); (4, 6)",[],[],"[(0, 2), (1, 5), (3, 4)]","[49, 32, 39]","[(0, 1, 6), (0, 5, 6), (1, 2, 6), (2, 5, 6), (3, 4, 6)]","[1158, 1158, 1158, 1158, 586]",True,False,78,36,False
1064,7,13,"(0, 1); (0, 2); (0, 3); (0, 4); (1, 2); (1, 3); (1, 4); (1, 5); (2, 5); (2, 6); (3, 4); (3, 6); (4, 5)",[],[],[],[],"[(0, 3, 6), (1, 4, 5), (2, 4, 6)]","[936, 634, 1121]",True,True,202,5,True
1065,7,13,"(0, 1); (0, 2); (0, 3); (0, 4); (0, 5); (1, 2); (1, 5); (1, 6); (2, 3); (2, 6); (4, 5); (4, 6); (5, 6)",[],[],[],[],"[(0, 2, 4), (1, 5, 6), (3, 5, 6)]","[981, 676, 1165]",True,True,118,13,False
1066,7,13,"(0, 5); (0, 6); (1, 4); (1, 5); (1, 6); (2, 3); (2, 4); (2, 5); (2, 6); (3, 4); (3, 5); (3, 6); (4, 6)",[],[],"[(2, 3)]",[43],"[(0, 4, 5), (1, 5, 6)]","[1122, 892]",True,False,242,8,False
1067,7,13,"(0, 5); (0, 6); (1, 3); (1, 4); (1, 6); (2, 3); (2, 4); (2, 5); (2, 6); (3, 5); (3, 6); (4, 5); (4, 6)",[],[],"[(3, 4)]",[37],"[(0, 2, 5)]",[939],True,False,181,6,False
1068,7,13,"(0, 1); (0, 2); (0, 3); (0, 4); (0, 5); (1, 2); (1, 3); (1, 4); (2, 3); (2, 4); (3, 5); (4, 6); (5, 6)",[],[],"[(1, 2)]",[43],"[(0, 4, 5), (1, 3, 6), (2, 3, 6), (3, 4, 6)]","[986, 1166, 1166, 1124]",True,False,281,9,False
1069,7,13,"(0, 5); (0, 6); (1, 2); (1, 3); (1, 4); (2, 4); (2, 5); (2, 6); (3, 4); (3, 5); (3, 6); (4, 6); (5, 6)",[],[],"[(2, 3)]",[36],"[(0, 1, 6)]",[1134],True,False,348,3,False
1070,7,13,"(0, 2); (0, 3); (0, 4); (0, 5); (0, 6); (1, 2); (1, 3); (1, 5); (2, 3); (2, 4); (3, 4); (4, 5); (5, 6)",[],[],"[(2, 3)]",[40],"[(0, 1, 5)]",[943],True,False,321,2,False
1071,7,13,"(0, 1); (0, 2); (0, 3); (0, 4); (0, 5); (1, 4); (1, 5); (2, 3); (2, 5); (2, 6); (3, 4); (3, 6); (4, 5)",[],[],[],[],"[(0, 1, 6), (4, 5, 6)]","[1168, 1167]",True,True,292,4,True
1072,7,13,"(0, 1); (0, 3); (0, 4); (0, 5); (1, 2); (1, 5); (2, 3); (2, 4); (2, 5); (3, 5); (3, 6); (4, 5); (4, 6)",[],[],"[(0, 2), (3, 4)]","[37, 33]","[(0, 1, 5), (1, 2, 5), (1, 5, 6), (3, 4, 6)]","[639, 639, 1169, 882]",True,False,79,15,False
1073,7,13,"(0, 1); (0, 6); (1, 4); (1, 5); (2, 3); (2, 4); (2, 5); (2, 6); (3, 4); (3, 5); (3, 6); (4, 6); (5, 6)",[],[],"[(2, 3), (4, 5)]","[44, 36]","[(1, 4, 6), (1, 5, 6)]","[940, 940]",True,False,82,10,False
1074,7,13,"(0, 1); (0, 6); (1, 5); (1, 6); (2, 3); (2, 4); (2, 5); (2, 6); (3, 4); (3, 5); (3, 6); (4, 5); (4, 6)",[],[],"[(2, 3), (2, 4), (3, 4)]","[43, 43, 43]","[(0, 2, 5), (0, 3, 5), (0, 4, 5), (1, 2, 6), (1, 3, 6), (1, 4, 6), (1, 5, 6)]","[1166, 1166, 1166, 991, 991, 991, 895]",True,False,281,9,False
1075,7,13,"(0, 1); (0, 4); (0, 5); (0, 6); (1, 2); (2, 3); (2, 5); (2, 6); (3, 4); (3, 5); (3, 6); (4, 5); (4, 6)",[],[],"[(5, 6)]",[38],"[(0, 1, 3), (0, 2, 5), (0, 2, 6), (1, 2, 4), (1, 3, 4), (3, 4, 5), (3, 4, 6)]","[1132, 946, 946, 1132, 1171, 680, 680]",True,False,86,21,False
1076,7,13,"(0, 1); (0, 2); (0, 4); (0, 6); (1, 2); (2, 3); (2, 5); (3, 4); (3, 5); (3, 6); (4, 5); (4, 6); (5, 6)",[],[],"[(3, 5), (4, 6)]","[42, 42]","[(0, 2, 3), (0, 2, 4), (0, 2, 5), (0, 2, 6), (1, 3, 4), (1, 3, 6), (1, 4, 5), (1, 5, 6)]","[949, 949, 949, 949, 1170, 1170, 1170, 1170]",True,False,324,4,False
1077,7,13,"(0, 1); (0, 3); (0, 4); (1, 2); (1, 3); (2, 3); (2, 4); (2, 5); (2, 6); (3, 4); (3, 5); (3, 6); (5, 6)",[],[],"[(1, 4), (5, 6)]","[45, 50]","[(0, 3, 5), (0, 3, 6), (1, 2, 3), (2, 3, 4)]","[994, 994, 665, 665]",True,False,144,12,False
1078,7,13,"(0, 1); (0, 4); (0, 5); (1, 2); (1, 5); (2, 3); (2, 5); (3, 4); (3, 5); (3, 6); (4, 5); (4, 6); (5, 6)",[],[],[],[],"[(1, 5, 6)]",[1005],True,True,225,4,True
1079,7,13,"(0, 1); (0, 3); (0, 6); (1, 2); (1, 3); (1, 4); (1, 5); (1, 6); (2, 3); (2, 6); (3, 4); (4, 5); (5, 6)",[],[],"[(0, 2)]",[47],[],[],True,False,349,1,False
1080,7,13,"(0, 1); (0, 2); (0, 3); (0, 4); (0, 5); (0, 6); (1, 2); (1, 3); (1, 4); (2, 5); (2, 6); (3, 5); (4, 6)",[],[],[],[],"[(0, 1, 2), (0, 3, 6), (0, 4, 5)]","[722, 1000, 1000]",True,True,81,32,False
1081,7,13,"(0, 3); (0, 5); (0, 6); (1, 2); (1, 3); (1, 4); (1, 5); (2, 3); (2, 4); (3, 4); (3, 5); (3, 6); (5, 6)",[],[],"[(0, 6), (2, 4)]","[49, 49]","[(0, 2, 3), (0, 3, 4), (1, 3, 5), (2, 3, 6), (3, 4, 6)]","[998, 998, 724, 998, 998]",True,False,78,36,False
1082,7,13,"(0, 1); (0, 3); (0, 4); (0, 6); (1, 2); (1, 4); (2, 3); (2, 5); (3, 4); (3, 5); (3, 6); (4, 5); (4, 6)",[],[],[],[],"[(0, 2, 3)]",[992],True,True,309,3,True
1083,7,13,"(0, 1); (0, 4); (0, 6); (1, 2); (1, 5); (1, 6); (2, 3); (2, 5); (3, 5); (3, 6); (4, 5); (4, 6); (5, 6)",[],[],[],[],"[(1, 5, 6)]",[729],True,True,269,2,True
1084,7,13,"(0, 4); (0, 5); (0, 6); (1, 4); (1, 5); (1, 6); (2, 3); (2, 5); (2, 6); (3, 4); (3, 6); (4, 5); (5, 6)",[],[],"[(0, 1)]",[48],"[(2, 4, 5), (3, 4, 5), (3, 4, 6)]","[995, 956, 900]",True,False,89,9,False
1085,7,13,"(0, 4); (0, 5); (0, 6); (1, 3); (1, 5); (1, 6); (2, 3); (2, 5); (2, 6); (3, 4); (4, 5); (4, 6); (5, 6)",[],[],"[(1, 2), (5, 6)]","[45, 30]","[(3, 4, 5), (3, 4, 6)]","[954, 954]",True,False,326,5,False
1086,7,13,"(0, 1); (0, 2); (0, 5); (1, 2); (1, 5); (2, 3); (2, 4); (2, 5); (3, 4); (3, 6); (4, 5); (4, 6); (5, 6)",[],[],"[(0, 1)]",[50],"[(2, 4, 5), (3, 4, 6)]","[728, 599]",True,False,229,3,False
1087,7,13,"(0, 1); (0, 5); (0, 6); (1, 2); (1, 5); (1, 6); (2, 5); (2, 6); (3, 4); (3, 5); (3, 6); (4, 5); (4, 6)",[],[],"[(0, 2), (3, 4), (5, 6)]","[48, 50, 26]","[(1, 3, 5), (1, 3, 6), (1, 4, 5), (1, 4, 6)]","[994, 994, 994, 994]",True,False,144,12,False
1088,7,13,"(0, 1); (0, 2); (0, 4); (0, 5); (0, 6); (1, 3); (1, 6); (2, 3); (2, 6); (3, 4); (3, 5); (4, 6); (5, 6)",[],[],"[(0, 6), (1, 2), (1, 4), (1, 5), (2, 4), (2, 5), (4, 5)]","[29, 48, 48, 48, 48, 48, 48]","[(0, 1, 3), (0, 2, 3), (0, 3, 4), (0, 3, 5), (1, 3, 6), (2, 3, 6), (3, 4, 6), (3, 5, 6)]","[902, 902, 902, 902, 902, 902, 902, 902]",True,False,87,11,False
1089,7,13,"(0, 4); (0, 5); (0, 6); (1, 2); (1, 5); (1, 6); (2, 3); (2, 6); (3, 4); (3, 5); (3, 6); (4, 5); (4, 6)",[],[],[],[],"[(0, 2, 5), (1, 4, 6), (1, 5, 6)]","[1155, 1001, 905]",True,True,284,7,False
1090,7,13,"(0, 2); (0, 3); (0, 6); (1, 2); (1, 3); (1, 4); (1, 5); (1, 6); (2, 3); (2, 5); (3, 4); (4, 5); (4, 6)",[],[],[],[],"[(0, 3, 6), (0, 4, 5), (1, 2, 6), (1, 4, 5)]","[903, 1160, 999, 655]",True,True,104,20,False
1091,7,13,"(0, 1); (0, 3); (0, 4); (1, 2); (1, 4); (1, 5); (1, 6); (2, 3); (2, 5); (2, 6); (3, 4); (4, 5); (5, 6)",[],[],[],[],"[(0, 1, 2), (1, 2, 3), (3, 4, 6)]","[1002, 976, 1159]",True,True,190,7,False
1092,7,13,"(0, 4); (0, 5); (0, 6); (1, 4); (1, 5); (1, 6); (2, 3); (2, 5); (2, 6); (3, 4); (3, 5); (3, 6); (4, 6)",[],[],"[(0, 1)]",[47],"[(0, 5, 6), (1, 5, 6), (3, 4, 5)]","[903, 903, 969]",True,False,104,20,False
1093,7,13,"(0, 3); (0, 4); (0, 6); (1, 3); (1, 5); (1, 6); (2, 3); (2, 4); (2, 5); (3, 5); (3, 6); (4, 5); (4, 6)",[],[],[],[],"[(0, 2, 4), (0, 3, 5), (2, 3, 6), (4, 5, 6)]","[974, 997, 997, 971]",True,True,174,30,False
1094,7,13,"(0, 4); (0, 5); (0, 6); (1, 2); (1, 4); (1, 5); (2, 3); (2, 6); (3, 4); (3, 5); (3, 6); (4, 6); (5, 6)",[],[],"[(4, 5)]",[35],"[(1, 2, 3), (1, 4, 6), (1, 5, 6)]","[908, 966, 966]",True,False,146,10,False
1095,7,13,"(0, 4); (0, 5); (0, 6); (1, 3); (1, 5); (1, 6); (2, 3); (2, 4); (2, 5); (3, 4); (3, 6); (4, 6); (5, 6)",[],[],[],[],"[(0, 2, 4), (1, 2, 3), (2, 5, 6)]","[961, 961, 971]",True,True,174,30,False
1096,7,13,"(0, 2); (0, 5); (0, 6); (1, 2); (1, 4); (1, 6); (2, 3); (3, 4); (3, 5); (3, 6); (4, 5); (4, 6); (5, 6)",[],[],[],[],"[(0, 2, 4), (1, 2, 5), (2, 3, 6)]","[1141, 1141, 968]",True,True,148,9,True
1097,7,13,"(0, 1); (0, 5); (0, 6); (1, 2); (1, 5); (1, 6); (2, 3); (2, 4); (2, 5); (2, 6); (3, 4); (3, 5); (4, 6)",[],[],[],[],"[(0, 3, 6), (0, 4, 5)]","[1154, 1154]",True,True,160,8,True
1098,7,13,"(0, 2); (0, 5); (0, 6); (1, 2); (1, 3); (1, 4); (2, 6); (3, 4); (3, 5); (3, 6); (4, 5); (4, 6); (5, 6)",[],[],"[(3, 4)]",[41],"[(0, 1, 3), (0, 1, 4), (0, 1, 5), (0, 5, 6), (1, 2, 5), (2, 3, 6), (2, 4, 6)]","[1158, 1158, 1164, 661, 1144, 998, 998]",True,False,78,36,False
1099,7,13,"(0, 1); (0, 3); (0, 4); (0, 6); (1, 3); (1, 4); (1, 6); (2, 3); (2, 4); (2, 5); (3, 5); (3, 6); (4, 5)",[],[],"[(0, 1), (2, 5)]","[41, 49]","[(0, 2, 3), (0, 3, 5), (1, 2, 3), (1, 3, 5), (2, 4, 6), (4, 5, 6)]","[998, 998, 998, 998, 1158, 1158]",True,False,78,36,False
1100,7,13,"(0, 2); (0, 3); (0, 5); (0, 6); (1, 2); (1, 4); (1, 5); (1, 6); (2, 3); (3, 4); (3, 6); (4, 5); (4, 6)",[],[],[],[],"[(0, 1, 6)]",[982],True,True,298,5,False
1101,7,13,"(0, 4); (0, 5); (0, 6); (1, 2); (1, 3); (1, 6); (2, 3); (2, 5); (2, 6); (3, 4); (3, 5); (4, 5); (4, 6)",[],[],[],[],"[(0, 1, 3), (0, 1, 5), (2, 4, 6), (2, 5, 6), (3, 4, 6)]","[1166, 1166, 991, 986, 986]",True,True,281,9,False
1102,7,13,"(0, 4); (0, 5); (0, 6); (1, 2); (1, 3); (1, 6); (2, 4); (2, 5); (2, 6); (3, 4); (3, 5); (3, 6); (4, 5)",[],[],"[(2, 3), (4, 5)]","[36, 40]","[(0, 1, 4), (0, 1, 5), (2, 4, 6), (2, 5, 6), (3, 4, 6), (3, 5, 6)]","[1165, 1165, 981, 981, 981, 981]",True,False,118,13,False
1103,7,13,"(0, 1); (0, 3); (0, 4); (1, 2); (1, 4); (2, 3); (2, 5); (2, 6); (3, 5); (3, 6); (4, 5); (4, 6); (5, 6)",[],[],"[(5, 6)]",[43],[],[],True,False,350,1,False
1104,7,13,"(0, 1); (0, 5); (0, 6); (1, 3); (1, 4); (2, 3); (2, 4); (2, 5); (2, 6); (3, 4); (3, 6); (4, 5); (5, 6)",[],[],[],[],"[(0, 1, 2), (2, 3, 4), (2, 5, 6)]","[1150, 695, 695]",True,True,256,4,True
1105,7,13,"(0, 1); (0, 5); (0, 6); (1, 3); (1, 4); (2, 3); (2, 4); (2, 5); (2, 6); (3, 5); (3, 6); (4, 5); (4, 6)",[],[],"[(3, 4), (5, 6)]","[37, 37]","[(0, 1, 2)]",[1152],True,False,258,4,False
1106,7,13,"(0, 1); (0, 2); (0, 4); (0, 5); (1, 2); (1, 3); (1, 6); (2, 3); (2, 6); (3, 4); (3, 5); (4, 6); (5, 6)",[],[],"[(0, 3), (0, 6), (1, 2), (3, 6), (4, 5)]","[34, 34, 44, 34, 46]",[],[],True,False,351,1,False
1107,7,14,"(0, 1); (0, 2); (0, 4); (0, 5); (1, 2); (1, 3); (1, 4); (1, 5); (2, 3); (2, 4); (2, 5); (3, 4); (3, 5); (4, 5)",[6],[207],"[(0, 3), (1, 2), (1, 4), (1, 5), (2, 4), (2, 5), (4, 5)]","[39, 33, 33, 33, 33, 33, 33]","[(0, 3, 6), (1, 2, 6), (1, 4, 6), (1, 5, 6), (2, 4, 6), (2, 5, 6), (4, 5, 6)]","[1234, 1183, 1183, 1183, 1183, 1183, 1183]",False,False,78,36,False
1108,7,14,"(0, 1); (0, 2); (0, 3); (0, 4); (0, 5); (1, 2); (1, 3); (1, 4); (1, 5); (1, 6); (2, 3); (2, 4); (3, 4); (4, 5)",[],[],"[(0, 4), (2, 3)]","[34, 45]","[(0, 1, 6), (1, 4, 6)]","[1019, 1019]",True,False,113,7,False
1109,7,14,"(0, 6); (1, 3); (1, 4); (1, 5); (2, 3); (2, 4); (2, 5); (2, 6); (3, 4); (3, 5); (3, 6); (4, 5); (4, 6); (5, 6)",[],[],"[(3, 4), (3, 5), (4, 5)]","[35, 35, 35]","[(0, 1, 2), (0, 2, 6)]","[1237, 1017]",True,False,337,3,False
1110,7,14,"(0, 1); (0, 2); (0, 3); (0, 4); (0, 5); (0, 6); (2, 4); (2, 5); (2, 6); (3, 4); (3, 5); (3, 6); (4, 6); (5, 6)",[],[],"[(2, 3), (4, 5)]","[40, 40]","[(0, 1, 6)]",[1024],True,False,194,4,False
1111,7,14,"(0, 6); (1, 3); (1, 4); (1, 5); (1, 6); (2, 3); (2, 4); (2, 5); (2, 6); (3, 4); (3, 5); (4, 5); (4, 6); (5, 6)",[],[],"[(1, 2), (4, 5)]","[41, 37]","[(0, 3, 4), (0, 3, 5), (0, 3, 6)]","[1203, 1203, 1173]",True,False,88,48,False
1112,7,14,"(0, 3); (1, 2); (1, 4); (1, 5); (1, 6); (2, 4); (2, 5); (2, 6); (3, 4); (3, 5); (3, 6); (4, 5); (4, 6); (5, 6)",[],[],"[(1, 2), (4, 5), (4, 6), (5, 6)]","[45, 36, 36, 36]","[(0, 1, 4), (0, 1, 5), (0, 1, 6), (0, 2, 4), (0, 2, 5), (0, 2, 6)]","[1201, 1201, 1201, 1201, 1201, 1201]",True,False,346,8,False
1113,7,14,"(0, 1); (0, 2); (0, 3); (0, 4); (1, 2); (1, 3); (1, 4); (2, 3); (2, 4); (3, 4); (3, 5); (3, 6); (4, 5); (4, 6)",[],[],"[(0, 1), (0, 2), (1, 2), (3, 4), (5, 6)]","[46, 46, 46, 23, 52]","[(3, 4, 5), (3, 4, 6)]","[734, 734]",True,False,75,15,False
1114,7,14,"(0, 1); (0, 2); (0, 3); (0, 4); (0, 5); (1, 2); (1, 3); (1, 4); (1, 5); (1, 6); (2, 3); (2, 4); (2, 6); (3, 4)",[],[],"[(3, 4)]",[47],[],[],True,False,352,1,False
1115,7,14,"(0, 1); (0, 2); (0, 3); (0, 4); (0, 6); (1, 2); (1, 3); (1, 4); (2, 3); (2, 4); (2, 5); (3, 4); (3, 5); (4, 6)",[],[],"[(0, 4), (2, 3)]","[33, 33]","[(0, 4, 6), (1, 5, 6), (2, 3, 5)]","[732, 1242, 732]",True,False,81,32,False
1116,7,14,"(0, 1); (0, 2); (0, 3); (0, 4); (0, 5); (0, 6); (1, 2); (1, 3); (1, 4); (1, 5); (2, 4); (3, 4); (4, 5); (4, 6)",[],[],"[(0, 4), (2, 3), (2, 5), (3, 5)]","[24, 49, 49, 49]","[(0, 4, 6)]",[737],True,False,78,36,False
1117,7,14,"(0, 1); (0, 2); (0, 3); (0, 4); (0, 5); (0, 6); (1, 2); (1, 3); (1, 4); (1, 5); (1, 6); (3, 4); (3, 5); (4, 6)",[],[],"[(0, 1)]",[25],"[(0, 1, 2)]",[738],True,False,114,13,False
1118,7,14,"(0, 1); (0, 2); (0, 3); (0, 4); (0, 5); (0, 6); (1, 6); (2, 5); (2, 6); (3, 4); (3, 5); (4, 5); (4, 6); (5, 6)",[],[],[],[],[],[],True,True,353,1,True
1119,7,14,"(0, 1); (0, 2); (0, 3); (0, 4); (0, 5); (0, 6); (1, 4); (2, 5); (2, 6); (3, 5); (3, 6); (4, 5); (4, 6); (5, 6)",[],[],"[(2, 3), (5, 6)]","[49, 34]",[],[],True,False,354,1,False
1120,7,14,"(0, 1); (0, 2); (0, 4); (0, 5); (0, 6); (1, 2); (1, 3); (1, 4); (1, 5); (2, 5); (3, 4); (3, 5); (4, 5); (4, 6)",[],[],"[(1, 5)]",[35],"[(0, 2, 6), (2, 3, 6), (3, 4, 6)]","[1044, 1243, 1044]",True,False,326,5,False
1121,7,14,"(0, 1); (0, 2); (0, 4); (0, 5); (1, 2); (1, 3); (1, 4); (1, 5); (1, 6); (2, 5); (2, 6); (3, 4); (3, 5); (4, 5)",[],[],[],[],"[(1, 4, 6)]",[1064],True,True,202,5,True
1122,7,14,"(0, 1); (0, 2); (0, 3); (0, 4); (0, 5); (0, 6); (1, 6); (2, 5); (2, 6); (3, 4); (3, 5); (3, 6); (4, 5); (4, 6)",[],[],"[(3, 4)]",[47],"[(0, 1, 5), (0, 2, 6)]","[1066, 771]",True,False,242,8,False
1123,7,14,"(0, 3); (0, 4); (0, 5); (0, 6); (1, 3); (1, 5); (1, 6); (2, 3); (2, 4); (3, 4); (3, 5); (3, 6); (4, 5); (4, 6)",[],[],"[(5, 6)]",[40],[],[],True,False,355,1,False
1124,7,14,"(0, 1); (0, 2); (0, 3); (0, 4); (1, 2); (1, 3); (1, 4); (2, 3); (2, 4); (3, 4); (3, 5); (4, 5); (4, 6); (5, 6)",[],[],"[(0, 1), (0, 2), (1, 2)]","[47, 47, 47]","[(0, 4, 6), (1, 4, 6), (2, 4, 6), (3, 4, 5)]","[1068, 1068, 1068, 774]",True,False,281,9,False
1125,7,14,"(0, 1); (0, 2); (0, 4); (1, 2); (1, 3); (1, 4); (1, 5); (2, 3); (2, 5); (2, 6); (3, 4); (3, 5); (4, 5); (5, 6)",[],[],[],[],"[(0, 1, 4)]",[748],True,True,275,2,True
1126,7,14,"(0, 3); (0, 6); (1, 4); (1, 5); (1, 6); (2, 3); (2, 4); (2, 5); (2, 6); (3, 4); (3, 5); (4, 5); (4, 6); (5, 6)",[],[],"[(4, 5)]",[37],"[(0, 2, 3), (0, 4, 6), (0, 5, 6)]","[1030, 1054, 1054]",True,False,90,18,False
1127,7,14,"(0, 3); (0, 6); (1, 2); (1, 4); (1, 5); (2, 4); (2, 5); (2, 6); (3, 4); (3, 5); (3, 6); (4, 5); (4, 6); (5, 6)",[],[],"[(4, 5)]",[36],"[(0, 1, 4), (0, 1, 5), (0, 1, 6)]","[1201, 1201, 1182]",True,False,346,8,False
1128,7,14,"(0, 5); (0, 6); (1, 4); (1, 5); (1, 6); (2, 3); (2, 4); (2, 5); (2, 6); (3, 4); (3, 5); (3, 6); (4, 5); (4, 6)",[],[],"[(2, 3), (5, 6)]","[48, 27]","[(0, 4, 5), (0, 4, 6), (0, 5, 6)]","[1062, 1062, 1010]",True,False,88,48,False
1129,7,14,"(0, 1); (0, 6); (1, 4); (1, 5); (2, 3); (2, 4); (2, 5); (2, 6); (3, 4); (3, 5); (3, 6); (4, 5); (4, 6); (5, 6)",[],[],"[(2, 3), (4, 5)]","[48, 36]","[(0, 4, 6), (0, 5, 6)]","[1058, 1058]",True,False,346,8,False
1130,7,14,"(0, 5); (0, 6); (1, 2); (1, 3); (1, 4); (2, 4); (2, 5); (2, 6); (3, 4); (3, 5); (3, 6); (4, 5); (4, 6); (5, 6)",[],[],"[(2, 3), (5, 6)]","[41, 33]","[(0, 1, 4), (0, 1, 5), (0, 1, 6), (0, 5, 6), (1, 2, 4), (1, 3, 4)]","[1206, 1183, 1183, 737, 749, 749]",True,False,78,36,False
1131,7,14,"(0, 1); (0, 2); (0, 3); (0, 4); (0, 5); (1, 2); (1, 3); (1, 4); (1, 5); (2, 3); (2, 4); (2, 5); (3, 6); (4, 6)",[],[],"[(0, 1), (0, 2), (1, 2), (3, 4)]","[37, 37, 37, 39]","[(0, 5, 6), (1, 5, 6), (2, 5, 6), (3, 4, 6)]","[1203, 1203, 1203, 1010]",True,False,88,48,False
1132,7,14,"(0, 1); (0, 3); (0, 4); (0, 5); (1, 2); (1, 5); (1, 6); (2, 3); (2, 4); (2, 5); (3, 4); (3, 5); (4, 5); (5, 6)",[],[],"[(0, 2), (3, 4)]","[42, 46]","[(0, 1, 5), (1, 2, 5), (3, 5, 6), (4, 5, 6)]","[811, 811, 1075, 1075]",True,False,86,21,False
1133,7,14,"(0, 4); (0, 6); (1, 2); (1, 3); (1, 5); (1, 6); (2, 3); (2, 5); (2, 6); (3, 4); (3, 5); (4, 5); (4, 6); (5, 6)",[],[],"[(1, 2)]",[47],"[(0, 1, 3), (0, 2, 3), (4, 5, 6)]","[1209, 1209, 844]",True,False,298,5,False
1134,7,14,"(0, 4); (0, 6); (1, 3); (1, 4); (1, 5); (1, 6); (2, 3); (2, 4); (2, 5); (2, 6); (3, 5); (3, 6); (4, 5); (5, 6)",[],[],"[(1, 2)]",[43],"[(0, 3, 4), (0, 5, 6)]","[1179, 1069]",True,False,348,3,False
1135,7,14,"(0, 5); (0, 6); (1, 3); (1, 4); (1, 5); (1, 6); (2, 3); (2, 4); (2, 5); (2, 6); (3, 4); (3, 6); (4, 5); (5, 6)",[],[],"[(1, 2)]",[43],"[(0, 3, 4), (1, 3, 4), (1, 5, 6), (2, 3, 4), (2, 5, 6)]","[1210, 793, 838, 793, 838]",True,False,156,12,False
1136,7,14,"(0, 1); (0, 2); (0, 3); (0, 4); (0, 5); (1, 2); (1, 3); (1, 4); (1, 5); (2, 3); (2, 5); (3, 4); (4, 6); (5, 6)",[],[],"[(0, 1)]",[38],"[(2, 3, 6), (2, 4, 6), (3, 5, 6)]","[1211, 1180, 1180]",True,False,356,3,False
1137,7,14,"(0, 2); (0, 3); (0, 4); (0, 5); (0, 6); (1, 2); (1, 3); (1, 4); (1, 5); (1, 6); (2, 3); (2, 5); (3, 4); (4, 5)",[],[],"[(0, 1), (2, 4), (3, 5)]","[28, 44, 44]","[(0, 1, 6)]",[1011],True,False,335,3,False
1138,7,14,"(0, 1); (0, 5); (0, 6); (1, 2); (1, 5); (1, 6); (2, 5); (2, 6); (3, 4); (3, 5); (3, 6); (4, 5); (4, 6); (5, 6)",[],[],"[(0, 2), (3, 4), (5, 6)]","[49, 51, 26]",[],[],True,False,357,1,False
1139,7,14,"(0, 1); (0, 2); (0, 3); (0, 4); (0, 5); (0, 6); (1, 5); (1, 6); (2, 5); (2, 6); (3, 4); (3, 6); (4, 5); (5, 6)",[],[],"[(1, 2)]",[50],"[(0, 3, 6), (0, 4, 5)]","[779, 779]",True,False,106,5,False
1140,7,14,"(0, 1); (0, 2); (0, 4); (0, 5); (0, 6); (1, 3); (1, 6); (2, 3); (2, 6); (3, 4); (3, 5); (3, 6); (4, 6); (5, 6)",[],[],"[(0, 3), (1, 2), (1, 4), (1, 5), (2, 4), (2, 5), (4, 5)]","[29, 50, 50, 50, 50, 50, 50]","[(0, 1, 6), (0, 2, 6), (0, 4, 6), (0, 5, 6), (1, 3, 6), (2, 3, 6), (3, 4, 6), (3, 5, 6)]","[780, 780, 780, 780, 780, 780, 780, 780]",True,False,101,6,False
1141,7,14,"(0, 3); (0, 4); (0, 5); (0, 6); (1, 3); (1, 4); (1, 6); (2, 4); (2, 5); (2, 6); (3, 6); (4, 5); (4, 6); (5, 6)",[],[],[],[],"[(1, 4, 6), (2, 3, 6)]","[784, 1096]",True,True,148,9,True
1142,7,14,"(0, 1); (0, 3); (0, 4); (0, 5); (0, 6); (1, 2); (1, 3); (1, 4); (1, 5); (1, 6); (2, 3); (2, 4); (3, 6); (4, 5)",[],[],[],[],[],[],True,True,358,1,True
1143,7,14,"(0, 3); (0, 4); (0, 6); (1, 4); (1, 5); (1, 6); (2, 4); (2, 5); (2, 6); (3, 4); (3, 5); (3, 6); (4, 6); (5, 6)",[],[],"[(1, 2)]",[49],"[(1, 4, 6), (2, 4, 6), (3, 5, 6)]","[783, 783, 827]",True,False,81,32,False
1144,7,14,"(0, 1); (0, 2); (0, 3); (0, 4); (0, 5); (0, 6); (1, 4); (1, 5); (2, 3); (2, 6); (3, 6); (4, 5); (4, 6); (5, 6)",[],[],"[(2, 3), (4, 5)]","[51, 45]","[(0, 1, 2), (0, 1, 3)]","[1098, 1098]",True,False,78,36,False
1145,7,14,"(0, 1); (0, 4); (0, 6); (1, 3); (1, 6); (2, 3); (2, 4); (2, 5); (3, 4); (3, 5); (3, 6); (4, 5); (4, 6); (5, 6)",[],[],[],[],[],[],True,True,359,1,True
1146,7,14,"(0, 4); (0, 5); (0, 6); (1, 3); (1, 5); (1, 6); (2, 3); (2, 4); (2, 6); (3, 4); (3, 5); (4, 5); (4, 6); (5, 6)",[],[],[],[],"[(1, 2, 3), (3, 4, 5)]","[1043, 855]",True,True,304,4,True
1147,7,14,"(0, 4); (0, 5); (0, 6); (1, 2); (1, 5); (1, 6); (2, 3); (2, 4); (3, 4); (3, 5); (3, 6); (4, 5); (4, 6); (5, 6)",[],[],"[(5, 6)]",[35],"[(1, 2, 3)]",[1016],True,False,336,2,False
1148,7,14,"(0, 3); (0, 4); (0, 6); (1, 3); (1, 4); (1, 5); (2, 3); (2, 4); (2, 5); (3, 5); (3, 6); (4, 5); (4, 6); (5, 6)",[],[],"[(1, 2), (3, 4)]","[50, 30]","[(3, 5, 6), (4, 5, 6)]","[854, 854]",True,False,270,3,False
1149,7,14,"(0, 3); (0, 4); (0, 5); (0, 6); (1, 3); (1, 4); (1, 6); (2, 4); (2, 5); (2, 6); (3, 5); (3, 6); (4, 6); (5, 6)",[],[],[],[],"[(0, 4, 6)]",[838],True,True,156,12,False
1150,7,14,"(0, 1); (0, 3); (0, 4); (0, 6); (1, 3); (1, 6); (2, 4); (2, 5); (2, 6); (3, 5); (3, 6); (4, 5); (4, 6); (5, 6)",[],[],[],[],"[(0, 4, 6), (1, 2, 6), (3, 5, 6)]","[840, 1104, 840]",True,True,256,4,True
1151,7,14,"(0, 1); (0, 2); (0, 3); (0, 4); (0, 5); (0, 6); (1, 2); (1, 6); (2, 5); (3, 4); (3, 5); (3, 6); (4, 5); (4, 6)",[],[],"[(3, 4)]",[47],[],[],True,False,360,1,False
1152,7,14,"(0, 1); (0, 2); (0, 3); (0, 4); (0, 5); (0, 6); (1, 5); (1, 6); (2, 3); (2, 4); (3, 5); (3, 6); (4, 5); (4, 6)",[],[],"[(3, 4), (5, 6)]","[40, 40]","[(0, 1, 2), (0, 3, 5), (0, 3, 6), (0, 4, 5), (0, 4, 6)]","[1105, 839, 839, 839, 839]",True,False,258,4,False
1153,7,14,"(0, 3); (0, 4); (0, 5); (0, 6); (1, 3); (1, 4); (1, 6); (2, 3); (2, 4); (2, 5); (3, 5); (3, 6); (4, 5); (5, 6)",[],[],[],[],"[(1, 3, 4), (1, 4, 5)]","[1021, 1055]",True,True,339,4,False
1154,7,14,"(0, 1); (0, 3); (0, 4); (0, 6); (1, 3); (1, 6); (2, 3); (2, 4); (2, 5); (3, 4); (3, 5); (4, 5); (4, 6); (5, 6)",[],[],[],[],"[(0, 3, 4), (1, 2, 6), (1, 3, 5)]","[860, 1200, 1097]",True,True,160,8,True
1155,7,14,"(0, 4); (0, 5); (0, 6); (1, 3); (1, 5); (1, 6); (2, 3); (2, 4); (2, 5); (2, 6); (3, 4); (3, 6); (4, 5); (5, 6)",[],[],[],[],"[(0, 3, 6), (1, 4, 5), (2, 5, 6)]","[1089, 1089, 870]",True,True,284,7,False
1156,7,14,"(0, 3); (0, 4); (0, 6); (1, 2); (1, 4); (1, 5); (2, 3); (2, 5); (2, 6); (3, 5); (3, 6); (4, 5); (4, 6); (5, 6)",[],[],[],[],"[(0, 1, 2), (0, 1, 3), (0, 3, 6), (1, 2, 5), (4, 5, 6)]","[1204, 1204, 765, 765, 866]",True,True,104,20,False
1157,7,14,"(0, 4); (0, 5); (0, 6); (1, 2); (1, 3); (1, 6); (2, 4); (2, 5); (2, 6); (3, 4); (3, 5); (3, 6); (4, 5); (5, 6)",[],[],"[(2, 3)]",[41],"[(0, 1, 4), (0, 4, 5), (2, 5, 6), (3, 5, 6)]","[1202, 767, 859, 859]",True,False,88,48,False
1158,7,14,"(0, 1); (0, 5); (0, 6); (1, 4); (1, 6); (2, 3); (2, 4); (2, 5); (2, 6); (3, 4); (3, 5); (3, 6); (4, 5); (5, 6)",[],[],"[(2, 3)]",[48],"[(0, 4, 5), (1, 2, 6), (1, 3, 6), (1, 4, 5), (1, 4, 6)]","[1099, 1098, 1098, 1063, 1022]",True,False,78,36,False
1159,7,14,"(0, 1); (0, 4); (0, 6); (1, 3); (1, 5); (2, 3); (2, 4); (2, 5); (2, 6); (3, 5); (3, 6); (4, 5); (4, 6); (5, 6)",[],[],[],[],"[(0, 1, 2), (0, 3, 6), (1, 4, 5)]","[1190, 1091, 1091]",True,True,190,7,False
1160,7,14,"(0, 3); (0, 4); (0, 5); (0, 6); (1, 3); (1, 4); (1, 6); (2, 3); (2, 4); (2, 5); (3, 5); (3, 6); (4, 5); (4, 6)",[],[],"[(3, 4)]",[31],"[(1, 3, 5), (1, 4, 5), (2, 3, 6), (2, 4, 6)]","[1090, 1090, 1090, 1090]",True,False,104,20,False
1161,7,14,"(0, 1); (0, 5); (0, 6); (1, 3); (1, 4); (2, 3); (2, 4); (2, 5); (2, 6); (3, 5); (3, 6); (4, 5); (4, 6); (5, 6)",[],[],"[(3, 4), (5, 6)]","[41, 37]","[(0, 1, 2), (1, 3, 5), (1, 3, 6), (1, 4, 5), (1, 4, 6)]","[1191, 1054, 1054, 1054, 1054]",True,False,90,18,False
1162,7,14,"(0, 4); (0, 5); (0, 6); (1, 2); (1, 3); (1, 4); (2, 3); (2, 5); (2, 6); (3, 5); (3, 6); (4, 5); (4, 6); (5, 6)",[],[],"[(2, 3), (5, 6)]","[45, 36]","[(0, 1, 2), (0, 1, 3), (1, 4, 5), (1, 4, 6)]","[1201, 1201, 1058, 1058]",True,False,346,8,False
1163,7,14,"(0, 4); (0, 5); (0, 6); (1, 4); (1, 5); (1, 6); (2, 3); (2, 4); (2, 5); (2, 6); (3, 4); (3, 5); (3, 6); (5, 6)",[],[],"[(0, 1), (2, 3), (5, 6)]","[49, 48, 34]","[(0, 4, 5), (0, 4, 6), (1, 4, 5), (1, 4, 6)]","[1019, 1019, 1019, 1019]",True,False,113,7,False
1164,7,14,"(0, 1); (0, 3); (0, 4); (0, 6); (1, 3); (1, 4); (1, 6); (2, 3); (2, 4); (2, 5); (3, 5); (3, 6); (4, 5); (4, 6)",[],[],"[(0, 1), (0, 6), (1, 6), (2, 5), (3, 4)]","[48, 48, 48, 51, 32]","[(0, 2, 3), (0, 2, 4), (0, 3, 5), (0, 4, 5), (1, 2, 3), (1, 2, 4), (1, 3, 5), (1, 4, 5), (2, 3, 6), (2, 4, 6), (3, 5, 6), (4, 5, 6)]","[1098, 1098, 1098, 1098, 1098, 1098, 1098, 1098, 1098, 1098, 1098, 1098]",True,False,78,36,False
1165,7,14,"(0, 4); (0, 5); (0, 6); (1, 3); (1, 4); (1, 5); (1, 6); (2, 3); (2, 4); (2, 5); (2, 6); (3, 5); (3, 6); (4, 6)",[],[],"[(1, 2)]",[43],"[(0, 3, 6), (0, 5, 6), (1, 4, 5), (2, 4, 5)]","[1102, 1023, 1065, 1065]",True,False,118,13,False
1166,7,14,"(0, 4); (0, 5); (0, 6); (1, 2); (1, 3); (1, 5); (1, 6); (2, 3); (2, 5); (2, 6); (3, 4); (3, 6); (4, 5); (4, 6)",[],[],"[(1, 2)]",[47],"[(0, 1, 6), (0, 2, 6), (1, 4, 5), (2, 4, 5), (3, 4, 5)]","[1101, 1101, 1068, 1068, 1074]",True,False,281,9,False
1167,7,14,"(0, 4); (0, 5); (0, 6); (1, 2); (1, 3); (1, 5); (1, 6); (2, 3); (2, 4); (2, 6); (3, 4); (3, 5); (4, 6); (5, 6)",[],[],[],[],"[(1, 2, 3), (3, 4, 5)]","[807, 1071]",True,True,292,4,True
1168,7,14,"(0, 3); (0, 4); (0, 5); (1, 2); (1, 4); (1, 5); (1, 6); (2, 3); (2, 5); (2, 6); (3, 4); (3, 6); (4, 6); (5, 6)",[],[],[],[],"[(0, 5, 6)]",[1071],True,True,292,4,True
1169,7,14,"(0, 3); (0, 4); (0, 5); (1, 3); (1, 4); (1, 5); (1, 6); (2, 3); (2, 4); (2, 5); (2, 6); (3, 6); (4, 6); (5, 6)",[],[],"[(1, 2), (3, 4), (3, 5), (4, 5)]","[44, 40, 40, 40]","[(0, 3, 6), (0, 4, 6), (0, 5, 6)]","[1072, 1072, 1072]",True,False,79,15,False
1170,7,14,"(0, 1); (0, 2); (0, 5); (0, 6); (1, 2); (1, 3); (1, 6); (2, 3); (2, 4); (3, 4); (3, 5); (4, 5); (4, 6); (5, 6)",[],[],[],[],"[(0, 2, 4), (0, 2, 5), (0, 3, 5), (1, 3, 5), (1, 3, 6), (1, 4, 6), (2, 4, 6)]","[1076, 1076, 1076, 1076, 1076, 1076, 1076]",True,True,324,4,False
1171,7,14,"(0, 3); (0, 4); (0, 5); (0, 6); (1, 3); (1, 4); (1, 5); (1, 6); (2, 3); (2, 4); (2, 5); (2, 6); (3, 6); (4, 5)",[],[],"[(0, 1), (0, 2), (1, 2), (3, 6), (4, 5)]","[42, 42, 42, 46, 46]","[(0, 3, 4), (0, 3, 5), (0, 4, 6), (0, 5, 6), (1, 3, 4), (1, 3, 5), (1, 4, 6), (1, 5, 6), (2, 3, 4), (2, 3, 5), (2, 4, 6), (2, 5, 6)]","[1075, 1075, 1075, 1075, 1075, 1075, 1075, 1075, 1075, 1075, 1075, 1075]",True,False,86,21,False
1172,7,15,"(0, 1); (0, 2); (0, 3); (0, 4); (0, 5); (1, 2); (1, 3); (1, 4); (1, 5); (2, 3); (2, 4); (2, 5); (3, 4); (3, 5); (4, 5)",[6],[208],"[(0, 1), (0, 2), (0, 3), (0, 4), (0, 5), (1, 2), (1, 3), (1, 4), (1, 5), (2, 3), (2, 4), (2, 5), (3, 4), (3, 5), (4, 5)]","[39, 39, 39, 39, 39, 39, 39, 39, 39, 39, 39, 39, 39, 39, 39]","[(0, 1, 6), (0, 2, 6), (0, 3, 6), (0, 4, 6), (0, 5, 6), (1, 2, 6), (1, 3, 6), (1, 4, 6), (1, 5, 6), (2, 3, 6), (2, 4, 6), (2, 5, 6), (3, 4, 6), (3, 5, 6), (4, 5, 6)]","[1216, 1216, 1216, 1216, 1216, 1216, 1216, 1216, 1216, 1216, 1216, 1216, 1216, 1216, 1216]",False,False,183,10,False
1173,7,15,"(0, 1); (0, 2); (0, 4); (0, 5); (1, 2); (1, 3); (1, 4); (1, 5); (1, 6); (2, 3); (2, 4); (2, 5); (3, 4); (3, 5); (4, 5)",[],[],"[(0, 3), (2, 4), (2, 5), (4, 5)]","[45, 40, 40, 40]","[(1, 2, 6), (1, 4, 6), (1, 5, 6)]","[1111, 1111, 1111]",True,False,88,48,False
1174,7,15,"(0, 1); (0, 2); (0, 4); (0, 5); (0, 6); (1, 2); (1, 3); (1, 4); (1, 5); (2, 3); (2, 4); (2, 5); (3, 4); (3, 5); (4, 5)",[],[],"[(1, 2), (1, 4), (1, 5), (2, 4), (2, 5), (4, 5)]","[41, 41, 41, 41, 41, 41]","[(0, 3, 6), (1, 3, 6), (2, 3, 6), (3, 4, 6), (3, 5, 6)]","[1213, 1226, 1226, 1226, 1226]",True,False,183,10,False
1175,7,15,"(0, 1); (0, 2); (0, 3); (0, 4); (0, 5); (0, 6); (1, 2); (1, 3); (1, 4); (1, 5); (1, 6); (3, 4); (3, 5); (3, 6); (5, 6)",[],[],"[(0, 1), (5, 6)]","[27, 49]","[(0, 1, 2)]",[882],True,False,79,15,False
1176,7,15,"(0, 1); (0, 2); (0, 3); (0, 4); (0, 5); (0, 6); (1, 5); (1, 6); (2, 4); (3, 4); (3, 5); (3, 6); (4, 5); (4, 6); (5, 6)",[],[],"[(5, 6)]",[40],[],[],True,False,361,1,False
1177,7,15,"(0, 1); (0, 3); (0, 4); (0, 5); (0, 6); (1, 5); (1, 6); (2, 3); (2, 4); (3, 4); (3, 5); (3, 6); (4, 5); (4, 6); (5, 6)",[],[],"[(0, 5), (0, 6), (3, 4), (5, 6)]","[41, 41, 39, 41]","[(0, 1, 2), (1, 2, 3), (1, 2, 4), (1, 2, 5), (1, 2, 6), (2, 3, 4)]","[1226, 1216, 1216, 1226, 1226, 880]",True,False,183,10,False
1178,7,15,"(0, 3); (0, 4); (0, 5); (0, 6); (1, 3); (1, 4); (1, 5); (1, 6); (2, 3); (2, 4); (3, 4); (3, 5); (3, 6); (4, 5); (4, 6)",[],[],"[(0, 1), (3, 4), (5, 6)]","[46, 28, 46]","[(2, 3, 4)]",[883],True,False,86,21,False
1179,7,15,"(0, 1); (0, 3); (0, 4); (0, 5); (1, 2); (1, 4); (1, 5); (1, 6); (2, 3); (2, 4); (2, 5); (3, 4); (3, 5); (4, 5); (5, 6)",[],[],"[(0, 2)]",[47],"[(3, 5, 6)]",[1134],True,False,348,3,False
1180,7,15,"(0, 1); (0, 3); (0, 5); (0, 6); (1, 3); (1, 5); (1, 6); (2, 4); (2, 6); (3, 4); (3, 5); (3, 6); (4, 5); (4, 6); (5, 6)",[],[],"[(0, 1), (3, 5)]","[49, 42]","[(0, 2, 6), (1, 2, 6)]","[1136, 1136]",True,False,356,3,False
1181,7,15,"(0, 1); (0, 4); (0, 5); (0, 6); (1, 3); (1, 5); (1, 6); (2, 3); (2, 4); (3, 4); (3, 5); (3, 6); (4, 5); (4, 6); (5, 6)",[],[],"[(5, 6)]",[43],"[(0, 1, 2)]",[1232],True,False,347,3,False
1182,7,15,"(0, 2); (0, 6); (1, 3); (1, 4); (1, 5); (1, 6); (2, 3); (2, 4); (2, 5); (3, 4); (3, 5); (3, 6); (4, 5); (4, 6); (5, 6)",[],[],"[(3, 4), (3, 5), (4, 5)]","[43, 43, 43]","[(0, 1, 2), (0, 3, 6), (0, 4, 6), (0, 5, 6)]","[1215, 1127, 1127, 1127]",True,False,346,8,False
1183,7,15,"(0, 3); (0, 4); (0, 5); (0, 6); (1, 3); (1, 4); (1, 5); (1, 6); (2, 3); (2, 4); (3, 5); (3, 6); (4, 5); (4, 6); (5, 6)",[],[],"[(0, 1), (3, 4), (5, 6)]","[48, 33, 44]","[(2, 3, 4), (2, 3, 5), (2, 3, 6), (2, 4, 5), (2, 4, 6)]","[1107, 1130, 1130, 1130, 1130]",True,False,78,36,False
1184,7,15,"(0, 3); (0, 4); (0, 5); (1, 3); (1, 4); (1, 5); (2, 3); (2, 4); (2, 5); (3, 4); (3, 5); (3, 6); (4, 5); (4, 6); (5, 6)",[],[],"[(0, 1), (0, 2), (0, 6), (1, 2), (1, 6), (2, 6), (3, 4), (3, 5), (4, 5)]","[51, 51, 51, 51, 51, 51, 29, 29, 29]",[],[],True,False,362,1,False
1185,7,15,"(0, 3); (0, 4); (0, 6); (1, 3); (1, 4); (1, 5); (2, 3); (2, 4); (2, 5); (3, 4); (3, 5); (3, 6); (4, 5); (4, 6); (5, 6)",[],[],"[(1, 2), (3, 4)]","[51, 30]",[],[],True,False,363,1,False
1186,7,15,"(0, 1); (0, 2); (0, 3); (0, 4); (0, 5); (1, 2); (1, 3); (1, 5); (1, 6); (2, 3); (2, 4); (2, 6); (3, 4); (3, 5); (3, 6)",[],[],[],[],[],[],True,True,364,1,True
1187,7,15,"(0, 1); (0, 2); (0, 3); (0, 4); (1, 3); (1, 4); (1, 5); (2, 3); (2, 4); (2, 6); (3, 4); (3, 5); (3, 6); (4, 5); (4, 6)",[],[],"[(3, 4)]",[31],[],[],True,False,365,1,False
1188,7,15,"(0, 1); (0, 2); (0, 3); (0, 4); (1, 2); (1, 3); (1, 4); (2, 3); (2, 4); (3, 4); (3, 5); (3, 6); (4, 5); (4, 6); (5, 6)",[],[],"[(0, 1), (0, 2), (1, 2), (3, 4), (5, 6)]","[49, 49, 49, 32, 52]",[],[],True,False,366,1,False
1189,7,15,"(0, 1); (0, 3); (0, 4); (0, 6); (1, 2); (1, 6); (2, 3); (2, 4); (2, 5); (2, 6); (3, 4); (3, 6); (4, 5); (4, 6); (5, 6)",[],[],[],[],"[(1, 2, 6)]",[904],True,True,189,3,True
1190,7,15,"(0, 1); (0, 3); (0, 4); (0, 6); (1, 3); (1, 6); (2, 4); (2, 5); (2, 6); (3, 4); (3, 5); (3, 6); (4, 5); (4, 6); (5, 6)",[],[],[],[],"[(1, 2, 6)]",[1159],True,True,190,7,False
1191,7,15,"(0, 3); (0, 4); (0, 5); (0, 6); (1, 3); (1, 4); (1, 5); (1, 6); (2, 4); (2, 5); (2, 6); (3, 6); (4, 5); (4, 6); (5, 6)",[],[],"[(0, 1), (4, 5)]","[45, 40]","[(2, 3, 6)]",[1161],True,False,90,18,False
1192,7,15,"(0, 1); (0, 2); (0, 3); (0, 5); (0, 6); (1, 2); (1, 3); (1, 6); (2, 3); (2, 6); (3, 4); (3, 6); (4, 5); (4, 6); (5, 6)",[],[],"[(1, 2)]",[50],"[(0, 5, 6), (3, 4, 6)]","[905, 905]",True,False,284,7,False
1193,7,15,"(0, 3); (0, 4); (0, 5); (0, 6); (1, 4); (1, 5); (1, 6); (2, 4); (2, 5); (2, 6); (3, 4); (3, 5); (3, 6); (4, 6); (5, 6)",[],[],"[(0, 3), (1, 2), (4, 5)]","[50, 51, 34]","[(1, 4, 6), (1, 5, 6), (2, 4, 6), (2, 5, 6)]","[906, 906, 906, 906]",True,False,123,8,False
1194,7,15,"(0, 4); (0, 5); (0, 6); (1, 2); (1, 3); (1, 6); (2, 3); (2, 4); (2, 5); (3, 4); (3, 5); (3, 6); (4, 5); (4, 6); (5, 6)",[],[],"[(4, 5)]",[41],"[(0, 1, 2), (1, 2, 3)]","[1225, 887]",True,False,180,4,False
1195,7,15,"(0, 3); (0, 4); (0, 5); (0, 6); (1, 3); (1, 4); (1, 6); (2, 3); (2, 4); (2, 5); (3, 5); (3, 6); (4, 5); (4, 6); (5, 6)",[],[],"[(3, 4)]",[35],[],[],True,False,367,1,False
1196,7,15,"(0, 1); (0, 3); (0, 4); (0, 5); (0, 6); (1, 3); (1, 4); (1, 6); (2, 3); (2, 4); (2, 5); (3, 4); (3, 6); (4, 6); (5, 6)",[],[],"[(0, 6), (3, 4)]","[41, 41]","[(1, 2, 5)]",[1219],True,False,368,2,False
1197,7,15,"(0, 1); (0, 2); (0, 3); (0, 4); (0, 5); (0, 6); (1, 5); (1, 6); (2, 4); (2, 5); (2, 6); (3, 4); (3, 5); (3, 6); (4, 6)",[],[],"[(2, 3)]",[47],"[(0, 1, 6), (0, 2, 5), (0, 3, 5)]","[910, 937, 937]",True,False,169,6,False
1198,7,15,"(0, 1); (0, 3); (0, 4); (0, 6); (1, 3); (1, 4); (1, 6); (2, 4); (2, 5); (2, 6); (3, 5); (3, 6); (4, 5); (4, 6); (5, 6)",[],[],"[(0, 1)]",[49],"[(3, 5, 6)]",[940],True,False,82,10,False
1199,7,15,"(0, 1); (0, 3); (0, 5); (0, 6); (1, 3); (1, 4); (1, 6); (2, 4); (2, 5); (2, 6); (3, 4); (3, 5); (3, 6); (4, 6); (5, 6)",[],[],[],[],[],[],True,True,369,1,True
1200,7,15,"(0, 1); (0, 3); (0, 5); (0, 6); (1, 3); (1, 4); (1, 6); (2, 3); (2, 4); (2, 5); (3, 4); (3, 6); (4, 5); (4, 6); (5, 6)",[],[],[],[],"[(0, 2, 3), (4, 5, 6)]","[1154, 965]",True,True,160,8,True
1201,7,15,"(0, 2); (0, 3); (0, 6); (1, 3); (1, 4); (1, 5); (1, 6); (2, 4); (2, 5); (2, 6); (3, 4); (3, 5); (4, 5); (4, 6); (5, 6)",[],[],"[(4, 5)]",[43],"[(0, 1, 6), (0, 3, 4), (0, 3, 5), (0, 3, 6)]","[1162, 1127, 1127, 1112]",True,False,346,8,False
1202,7,15,"(0, 4); (0, 5); (0, 6); (1, 3); (1, 4); (1, 5); (1, 6); (2, 3); (2, 4); (2, 5); (2, 6); (3, 5); (3, 6); (4, 5); (4, 6)",[],[],"[(1, 2), (5, 6)]","[48, 37]","[(0, 3, 5), (0, 3, 6), (1, 4, 5), (1, 4, 6), (2, 4, 5), (2, 4, 6)]","[1157, 1157, 963, 963, 963, 963]",True,False,88,48,False
1203,7,15,"(0, 3); (0, 4); (0, 5); (0, 6); (1, 3); (1, 4); (1, 5); (1, 6); (2, 3); (2, 4); (2, 5); (3, 4); (3, 6); (4, 6); (5, 6)",[],[],"[(0, 1), (3, 4)]","[48, 40]","[(2, 3, 5), (2, 4, 5), (2, 5, 6)]","[1111, 1111, 1131]",True,False,88,48,False
1204,7,15,"(0, 1); (0, 3); (0, 4); (0, 6); (1, 3); (1, 4); (1, 6); (2, 3); (2, 4); (2, 5); (3, 5); (3, 6); (4, 5); (4, 6); (5, 6)",[],[],"[(0, 1), (3, 4)]","[50, 36]","[(0, 2, 3), (0, 2, 4), (1, 2, 3), (1, 2, 4), (3, 5, 6), (4, 5, 6)]","[1156, 1156, 1156, 1156, 967, 967]",True,False,104,20,False
1205,7,15,"(0, 4); (0, 5); (0, 6); (1, 2); (1, 3); (1, 5); (1, 6); (2, 3); (2, 4); (2, 6); (3, 4); (3, 5); (4, 5); (4, 6); (5, 6)",[],[],[],[],"[(1, 2, 3), (1, 5, 6), (2, 4, 6), (3, 4, 5)]","[915, 968, 968, 968]",True,True,148,9,True
1206,7,15,"(0, 1); (0, 2); (0, 3); (1, 4); (1, 5); (1, 6); (2, 4); (2, 5); (2, 6); (3, 4); (3, 5); (3, 6); (4, 5); (4, 6); (5, 6)",[],[],"[(1, 2), (1, 3), (2, 3), (4, 5), (4, 6), (5, 6)]","[45, 45, 45, 44, 44, 44]","[(0, 1, 4), (0, 1, 5), (0, 1, 6), (0, 2, 4), (0, 2, 5), (0, 2, 6), (0, 3, 4), (0, 3, 5), (0, 3, 6)]","[1130, 1130, 1130, 1130, 1130, 1130, 1130, 1130, 1130]",True,False,78,36,False
1207,7,15,"(0, 1); (0, 2); (0, 3); (0, 6); (1, 4); (1, 5); (1, 6); (2, 3); (2, 5); (2, 6); (3, 4); (3, 6); (4, 5); (4, 6); (5, 6)",[],[],[],[],"[(0, 1, 6), (2, 5, 6), (3, 4, 6)]","[946, 946, 946]",True,True,86,21,False
1208,7,15,"(0, 1); (0, 2); (0, 3); (0, 6); (1, 4); (1, 5); (1, 6); (2, 4); (2, 5); (2, 6); (3, 4); (3, 5); (3, 6); (4, 6); (5, 6)",[],[],"[(0, 4), (0, 5), (1, 2), (1, 3), (2, 3), (4, 5)]","[46, 46, 46, 46, 46, 46]","[(0, 1, 6), (0, 2, 6), (0, 3, 6), (1, 4, 6), (1, 5, 6), (2, 4, 6), (2, 5, 6), (3, 4, 6), (3, 5, 6)]","[948, 948, 948, 948, 948, 948, 948, 948, 948]",True,False,75,15,False
1209,7,15,"(0, 3); (0, 4); (0, 5); (0, 6); (1, 2); (1, 4); (1, 5); (1, 6); (2, 3); (2, 5); (2, 6); (3, 4); (3, 6); (4, 5); (5, 6)",[],[],[],[],"[(0, 5, 6), (1, 3, 4), (2, 3, 4)]","[982, 1133, 1133]",True,True,298,5,False
1210,7,15,"(0, 3); (0, 4); (0, 5); (0, 6); (1, 3); (1, 4); (1, 5); (1, 6); (2, 3); (2, 4); (2, 5); (2, 6); (3, 4); (3, 6); (4, 5)",[],[],"[(0, 1), (0, 2), (1, 2)]","[47, 47, 47]","[(0, 3, 4), (0, 5, 6), (1, 3, 4), (1, 5, 6), (2, 3, 4), (2, 5, 6)]","[989, 1135, 989, 1135, 989, 1135]",True,False,156,12,False
1211,7,15,"(0, 1); (0, 3); (0, 4); (0, 5); (1, 3); (1, 4); (1, 5); (2, 3); (2, 4); (2, 5); (2, 6); (3, 4); (3, 6); (4, 6); (5, 6)",[],[],"[(0, 1), (2, 6), (3, 4)]","[49, 49, 42]","[(0, 2, 5), (0, 5, 6), (1, 2, 5), (1, 5, 6)]","[1136, 1136, 1136, 1136]",True,False,356,3,False
1212,7,15,"(0, 1); (0, 4); (0, 5); (0, 6); (1, 2); (1, 5); (1, 6); (2, 3); (2, 5); (2, 6); (3, 4); (3, 5); (3, 6); (4, 5); (4, 6)",[],[],"[(5, 6)]",[38],[],[],True,False,370,1,False
1213,7,16,"(0, 1); (0, 2); (0, 3); (0, 4); (0, 5); (1, 2); (1, 3); (1, 4); (1, 5); (2, 3); (2, 4); (2, 5); (2, 6); (3, 4); (3, 5); (4, 5)",[],[],"[(0, 1), (0, 3), (0, 4), (0, 5), (1, 3), (1, 4), (1, 5), (3, 4), (3, 5), (4, 5)]","[45, 45, 45, 45, 45, 45, 45, 45, 45, 45]","[(0, 2, 6), (1, 2, 6), (2, 3, 6), (2, 4, 6), (2, 5, 6)]","[1174, 1174, 1174, 1174, 1174]",True,False,183,10,False
1214,7,16,"(0, 3); (0, 4); (0, 5); (0, 6); (1, 3); (1, 4); (1, 5); (1, 6); (2, 5); (2, 6); (3, 4); (3, 5); (3, 6); (4, 5); (4, 6); (5, 6)",[],[],"[(0, 1), (3, 4), (5, 6)]","[49, 46, 33]","[(2, 5, 6)]",[1011],True,False,335,3,False
1215,7,16,"(0, 1); (0, 2); (0, 3); (0, 4); (0, 5); (0, 6); (1, 6); (2, 3); (2, 4); (2, 5); (3, 4); (3, 5); (3, 6); (4, 5); (4, 6); (5, 6)",[],[],"[(3, 4), (3, 5), (4, 5)]","[47, 47, 47]","[(0, 1, 2)]",[1182],True,False,346,8,False
1216,7,16,"(0, 5); (0, 6); (1, 2); (1, 3); (1, 4); (1, 5); (1, 6); (2, 3); (2, 4); (2, 5); (2, 6); (3, 4); (3, 5); (3, 6); (4, 5); (4, 6)",[],[],"[(1, 2), (1, 3), (1, 4), (2, 3), (2, 4), (3, 4), (5, 6)]","[48, 48, 48, 48, 48, 48, 39]","[(0, 1, 5), (0, 1, 6), (0, 2, 5), (0, 2, 6), (0, 3, 5), (0, 3, 6), (0, 4, 5), (0, 4, 6), (0, 5, 6)]","[1177, 1177, 1177, 1177, 1177, 1177, 1177, 1177, 1172]",True,False,183,10,False
1217,7,16,"(0, 3); (0, 4); (0, 5); (0, 6); (1, 3); (1, 4); (1, 5); (2, 3); (2, 4); (2, 5); (3, 4); (3, 5); (3, 6); (4, 5); (4, 6); (5, 6)",[],[],"[(0, 6), (1, 2), (3, 4), (3, 5), (4, 5)]","[51, 52, 34, 34, 34]",[],[],True,False,371,1,False
1218,7,16,"(0, 3); (0, 4); (0, 5); (0, 6); (1, 3); (1, 5); (1, 6); (2, 4); (2, 5); (2, 6); (3, 4); (3, 5); (3, 6); (4, 5); (4, 6); (5, 6)",[],[],"[(5, 6)]",[35],[],[],True,False,372,1,False
1219,7,16,"(0, 1); (0, 2); (0, 3); (0, 4); (0, 5); (0, 6); (1, 5); (1, 6); (2, 3); (2, 4); (3, 4); (3, 5); (3, 6); (4, 5); (4, 6); (5, 6)",[],[],"[(3, 4), (5, 6)]","[45, 45]","[(0, 1, 2)]",[1196],True,False,368,2,False
1220,7,16,"(0, 3); (0, 4); (0, 5); (0, 6); (1, 3); (1, 4); (1, 5); (1, 6); (2, 4); (2, 5); (2, 6); (3, 5); (3, 6); (4, 5); (4, 6); (5, 6)",[],[],"[(0, 1), (5, 6)]","[49, 37]",[],[],True,False,373,1,False
1221,7,16,"(0, 1); (0, 3); (0, 5); (0, 6); (1, 3); (1, 5); (1, 6); (2, 4); (2, 5); (2, 6); (3, 4); (3, 5); (3, 6); (4, 5); (4, 6); (5, 6)",[],[],"[(0, 1), (5, 6)]","[51, 36]",[],[],True,False,374,1,False
1222,7,16,"(0, 1); (0, 3); (0, 5); (0, 6); (1, 3); (1, 4); (1, 6); (2, 4); (2, 5); (2, 6); (3, 4); (3, 5); (3, 6); (4, 5); (4, 6); (5, 6)",[],[],[],[],[],[],True,True,375,1,True
1223,7,16,"(0, 1); (0, 2); (0, 3); (0, 4); (0, 5); (0, 6); (1, 3); (1, 6); (2, 4); (2, 5); (2, 6); (3, 4); (3, 5); (4, 5); (4, 6); (5, 6)",[],[],"[(4, 5)]",[47],"[(0, 1, 6)]",[1021],True,False,339,4,False
1224,7,16,"(0, 3); (0, 4); (0, 5); (0, 6); (1, 3); (1, 4); (1, 5); (1, 6); (2, 4); (2, 5); (2, 6); (3, 4); (3, 5); (3, 6); (4, 6); (5, 6)",[],[],"[(0, 1), (4, 5)]","[50, 40]","[(2, 4, 6), (2, 5, 6)]","[1020, 1020]",True,False,126,9,False
1225,7,16,"(0, 1); (0, 3); (0, 4); (0, 5); (0, 6); (1, 3); (1, 4); (1, 6); (2, 3); (2, 4); (2, 5); (3, 5); (3, 6); (4, 5); (4, 6); (5, 6)",[],[],"[(0, 6), (3, 4)]","[48, 41]","[(1, 2, 3), (1, 2, 4)]","[1194, 1194]",True,False,180,4,False
1226,7,16,"(0, 1); (0, 3); (0, 4); (0, 5); (0, 6); (1, 3); (1, 4); (1, 5); (1, 6); (2, 3); (2, 4); (2, 5); (3, 4); (3, 6); (4, 6); (5, 6)",[],[],"[(0, 1), (0, 6), (1, 6), (3, 4)]","[48, 48, 48, 45]","[(0, 2, 5), (1, 2, 5), (2, 3, 5), (2, 4, 5), (2, 5, 6)]","[1177, 1177, 1174, 1174, 1177]",True,False,183,10,False
1227,7,16,"(0, 1); (0, 2); (0, 3); (0, 4); (0, 5); (0, 6); (1, 2); (1, 3); (1, 4); (1, 5); (1, 6); (2, 5); (2, 6); (3, 4); (3, 6); (4, 5)",[],[],"[(0, 1)]",[38],[],[],True,False,376,1,False
1228,7,16,"(0, 1); (0, 2); (0, 3); (0, 4); (0, 5); (0, 6); (1, 4); (1, 5); (1, 6); (2, 3); (2, 5); (2, 6); (3, 4); (3, 6); (4, 5); (5, 6)",[],[],[],[],"[(0, 3, 4)]",[1033],True,True,343,2,True
1229,7,16,"(0, 1); (0, 2); (0, 3); (0, 4); (0, 5); (0, 6); (1, 4); (1, 5); (1, 6); (2, 4); (2, 5); (2, 6); (3, 4); (3, 5); (3, 6); (5, 6)",[],[],"[(1, 2), (1, 3), (2, 3), (5, 6)]","[49, 49, 49, 46]","[(0, 1, 4), (0, 2, 4), (0, 3, 4)]","[1035, 1035, 1035]",True,False,76,26,False
1230,7,16,"(0, 1); (0, 4); (0, 5); (0, 6); (1, 4); (1, 5); (1, 6); (2, 3); (2, 4); (2, 5); (2, 6); (3, 4); (3, 5); (3, 6); (4, 6); (5, 6)",[],[],"[(0, 1), (2, 3), (4, 5)]","[51, 51, 42]",[],[],True,False,377,1,False
1231,7,16,"(0, 1); (0, 3); (0, 4); (0, 6); (1, 3); (1, 4); (1, 5); (2, 3); (2, 4); (2, 5); (2, 6); (3, 5); (3, 6); (4, 5); (4, 6); (5, 6)",[],[],"[(3, 4)]",[43],"[(0, 3, 6), (0, 4, 6), (1, 3, 5), (1, 4, 5)]","[1051, 1051, 1051, 1051]",True,False,103,15,False
1232,7,16,"(0, 1); (0, 3); (0, 4); (0, 5); (0, 6); (1, 3); (1, 4); (1, 5); (2, 3); (2, 4); (2, 5); (2, 6); (3, 4); (3, 6); (4, 6); (5, 6)",[],[],"[(3, 4)]",[47],"[(0, 5, 6), (1, 2, 5)]","[1061, 1181]",True,False,347,3,False
1233,7,16,"(0, 3); (0, 4); (0, 5); (0, 6); (1, 3); (1, 4); (1, 5); (1, 6); (2, 3); (2, 4); (2, 5); (2, 6); (3, 5); (3, 6); (4, 5); (4, 6)",[],[],"[(0, 1), (0, 2), (1, 2), (3, 4), (5, 6)]","[50, 50, 50, 44, 44]","[(0, 3, 5), (0, 3, 6), (0, 4, 5), (0, 4, 6), (1, 3, 5), (1, 3, 6), (1, 4, 5), (1, 4, 6), (2, 3, 5), (2, 3, 6), (2, 4, 5), (2, 4, 6)]","[1060, 1060, 1060, 1060, 1060, 1060, 1060, 1060, 1060, 1060, 1060, 1060]",True,False,81,32,False
1234,7,17,"(0, 1); (0, 2); (0, 3); (0, 4); (0, 5); (1, 2); (1, 3); (1, 4); (1, 5); (1, 6); (2, 3); (2, 4); (2, 5); (2, 6); (3, 4); (3, 5); (4, 5)",[],[],"[(0, 3), (0, 4), (0, 5), (1, 2), (3, 4), (3, 5), (4, 5)]","[49, 49, 49, 39, 49, 49, 49]","[(1, 2, 6)]",[1107],True,False,78,36,False
1235,7,17,"(0, 1); (0, 2); (0, 3); (0, 4); (0, 5); (0, 6); (1, 2); (1, 3); (1, 4); (1, 5); (1, 6); (2, 3); (2, 4); (2, 5); (2, 6); (4, 5); (4, 6)",[],[],"[(0, 1), (0, 2), (1, 2), (5, 6)]","[40, 40, 40, 51]",[],[],True,False,378,1,False
1236,7,17,"(0, 1); (0, 3); (0, 4); (0, 5); (0, 6); (1, 3); (1, 5); (1, 6); (2, 4); (2, 5); (2, 6); (3, 4); (3, 5); (3, 6); (4, 5); (4, 6); (5, 6)",[],[],"[(0, 3), (5, 6)]","[49, 41]",[],[],True,False,379,1,False
1237,7,17,"(0, 1); (0, 3); (0, 4); (0, 5); (0, 6); (1, 3); (1, 4); (1, 5); (1, 6); (2, 4); (2, 5); (2, 6); (3, 4); (3, 5); (3, 6); (4, 6); (5, 6)",[],[],"[(0, 1), (0, 3), (1, 3), (4, 5)]","[50, 50, 50, 45]","[(2, 4, 6), (2, 5, 6)]","[1109, 1109]",True,False,337,3,False
1238,7,17,"(0, 1); (0, 3); (0, 4); (0, 5); (1, 3); (1, 4); (1, 5); (2, 3); (2, 4); (2, 5); (2, 6); (3, 4); (3, 5); (3, 6); (4, 5); (4, 6); (5, 6)",[],[],"[(0, 1), (2, 6), (3, 4), (3, 5), (4, 5)]","[52, 52, 42, 42, 42]",[],[],True,False,380,1,False
1239,7,17,"(0, 1); (0, 3); (0, 5); (0, 6); (1, 4); (1, 5); (1, 6); (2, 3); (2, 4); (2, 5); (2, 6); (3, 4); (3, 5); (3, 6); (4, 5); (4, 6); (5, 6)",[],[],"[(5, 6)]",[43],[],[],True,False,381,1,False
1240,7,17,"(0, 3); (0, 4); (0, 5); (0, 6); (1, 3); (1, 4); (1, 5); (1, 6); (2, 3); (2, 4); (2, 5); (2, 6); (3, 5); (3, 6); (4, 5); (4, 6); (5, 6)",[],[],"[(0, 1), (0, 2), (1, 2), (3, 4), (5, 6)]","[51, 51, 51, 46, 44]",[],[],True,False,382,1,False
1241,7,17,"(0, 1); (0, 3); (0, 4); (0, 5); (0, 6); (1, 4); (1, 5); (1, 6); (2, 3); (2, 4); (2, 5); (2, 6); (3, 4); (3, 5); (3, 6); (4, 6); (5, 6)",[],[],"[(4, 5)]",[47],[],[],True,False,383,1,False
1242,7,17,"(0, 1); (0, 3); (0, 4); (0, 5); (0, 6); (1, 3); (1, 4); (1, 5); (1, 6); (2, 3); (2, 4); (2, 5); (2, 6); (3, 6); (4, 5); (4, 6); (5, 6)",[],[],"[(0, 1), (4, 5)]","[49, 49]","[(2, 3, 6)]",[1115],True,False,81,32,False
1243,7,17,"(0, 3); (0, 4); (0, 5); (0, 6); (1, 2); (1, 3); (1, 4); (1, 5); (1, 6); (2, 3); (2, 4); (2, 5); (2, 6); (3, 5); (3, 6); (4, 5); (4, 6)",[],[],"[(1, 2), (3, 4), (5, 6)]","[50, 48, 48]","[(0, 3, 5), (0, 3, 6), (0, 4, 5), (0, 4, 6)]","[1120, 1120, 1120, 1120]",True,False,326,5,False
1244,7,18,"(0, 1); (0, 2); (0, 3); (0, 4); (0, 5); (0, 6); (1, 2); (1, 3); (1, 4); (1, 5); (1, 6); (2, 3); (2, 4); (2, 5); (3, 4); (3, 5); (4, 5); (5, 6)",[],[],"[(0, 1), (0, 5), (1, 5), (2, 3), (2, 4), (3, 4)]","[45, 45, 45, 51, 51, 51]",[],[],True,False,384,1,False
1245,7,18,"(0, 1); (0, 2); (0, 3); (0, 4); (0, 5); (0, 6); (1, 2); (1, 3); (1, 4); (1, 5); (1, 6); (2, 3); (2, 4); (2, 5); (2, 6); (3, 4); (3, 5); (3, 6)",[],[],"[(0, 1), (0, 2), (0, 3), (1, 2), (1, 3), (2, 3), (4, 5), (4, 6), (5, 6)]","[46, 46, 46, 46, 46, 46, 52, 52, 52]",[],[],True,False,385,1,False
1246,7,18,"(0, 1); (0, 2); (0, 3); (0, 4); (0, 5); (0, 6); (1, 2); (1, 4); (1, 5); (2, 3); (2, 4); (2, 5); (2, 6); (3, 4); (3, 6); (4, 5); (4, 6); (5, 6)",[],[],"[(0, 2), (0, 4), (2, 4)]","[47, 47, 47]",[],[],True,False,386,1,False
1247,7,18,"(0, 1); (0, 2); (0, 3); (0, 5); (0, 6); (1, 2); (1, 3); (1, 4); (1, 5); (1, 6); (2, 3); (2, 4); (3, 4); (3, 5); (3, 6); (4, 5); (4, 6); (5, 6)",[],[],"[(0, 4), (1, 3), (5, 6)]","[49, 48, 51]",[],[],True,False,387,1,False
1248,7,18,"(0, 1); (0, 2); (0, 3); (0, 4); (0, 6); (1, 3); (1, 4); (1, 5); (1, 6); (2, 3); (2, 4); (2, 5); (2, 6); (3, 5); (3, 6); (4, 5); (4, 6); (5, 6)",[],[],"[(0, 5), (1, 2), (3, 4)]","[50, 50, 50]",[],[],True,False,388,1,False
1249,7,19,"(0, 1); (0, 2); (0, 3); (0, 4); (0, 5); (0, 6); (1, 2); (1, 3); (1, 4); (1, 5); (1, 6); (2, 3); (2, 4); (3, 4); (3, 5); (3, 6); (4, 5); (4, 6); (5, 6)",[],[],"[(0, 1), (0, 3), (0, 4), (1, 3), (1, 4), (3, 4), (5, 6)]","[49, 49, 49, 49, 49, 49, 52]",[],[],True,False,389,1,False
1250,7,19,"(0, 1); (0, 2); (0, 3); (0, 5); (0, 6); (1, 2); (1, 3); (1, 4); (1, 5); (1, 6); (2, 3); (2, 4); (2, 5); (2, 6); (3, 4); (3, 6); (4, 5); (4, 6); (5, 6)",[],[],"[(0, 4), (1, 2), (1, 6), (2, 6), (3, 5)]","[51, 50, 50, 50, 51]",[],[],True,False,390,1,False
1251,7,20,"(0, 1); (0, 2); (0, 3); (0, 5); (0, 6); (1, 2); (1, 3); (1, 4); (1, 5); (1, 6); (2, 3); (2, 4); (2, 5); (2, 6); (3, 4); (3, 5); (3, 6); (4, 5); (4, 6); (5, 6)",[],[],"[(0, 4), (1, 2), (1, 3), (1, 5), (1, 6), (2, 3), (2, 5), (2, 6), (3, 5), (3, 6), (5, 6)]","[52, 51, 51, 51, 51, 51, 51, 51, 51, 51, 51]",[],[],True,False,391,1,False
1252,7,21,"(0, 1); (0, 2); (0, 3); (0, 4); (0, 5); (0, 6); (1, 2); (1, 3); (1, 4); (1, 5); (1, 6); (2, 3); (2, 4); (2, 5); (2, 6); (3, 4); (3, 5); (3, 6); (4, 5); (4, 6); (5, 6)",[],[],"[(0, 1), (0, 2), (0, 3), (0, 4), (0, 5), (0, 6), (1, 2), (1, 3), (1, 4), (1, 5), (1, 6), (2, 3), (2, 4), (2, 5), (2, 6), (3, 4), (3, 5), (3, 6), (4, 5), (4, 6), (5, 6)]","[52, 52, 52, 52, 52, 52, 52, 52, 52, 52, 52, 52, 52, 52, 52, 52, 52, 52, 52, 52, 52]",[],[],True,False,392,1,False
