graph_index,num_vertices,num_edges,edges,even_vertices,num_even_vertices,num_admissible,bracket_terms,bracket_size,bracket_is_trivial
0,0,0,,,0,1,0,1,True
1,1,0,,0,1,1,0,1,True
2,2,0,,0; 1,2,1,0,1,True
3,2,1,"(0, 1)",,0,1,0,1,True
4,3,0,,0; 1; 2,3,1,0,1,True
5,3,1,"(1, 2)",0,1,1,0,1,True
6,3,2,"(0, 1); (0, 2)",0,1,1,0,1,True
7,3,3,"(0, 1); (0, 2); (1, 2)",0; 1; 2,3,1,0,1,True
8,4,0,,0; 1; 2; 3,4,1,0,1,True
9,4,1,"(2, 3)",0; 1,2,1,0,1,True
10,4,2,"(1, 3); (2, 3)",0; 3,2,1,0,1,True
11,4,2,"(0, 1); (2, 3)",,0,1,0,1,True
12,4,3,"(1, 2); (1, 3); (2, 3)",0; 1; 2; 3,4,1,0,1,True
13,4,3,"(0, 3); (1, 3); (2, 3)",,0,1,0,1,True
14,4,3,"(0, 1); (0, 3); (1, 2)",0; 1,2,1,0,1,True
15,4,4,"(0, 3); (1, 2); (1, 3); (2, 3)",1; 2,2,1,0,1,True
16,4,4,"(0, 1); (0, 3); (1, 2); (2, 3)",0; 1; 2; 3,4,1,0,1,True
17,4,5,"(0, 1); (0, 2); (0, 3); (1, 2); (2, 3)",1; 3,2,1,0,1,True
18,4,6,"(0, 1); (0, 2); (0, 3); (1, 2); (1, 3); (2, 3)",,0,1,0,1,True
19,5,0,,0; 1; 2; 3; 4,5,1,0,1,True
20,5,1,"(3, 4)",0; 1; 2,3,1,0,1,True
21,5,2,"(0, 1); (1, 2)",1; 3; 4,3,1,0,1,True
22,5,2,"(0, 2); (3, 4)",1,1,1,0,1,True
23,5,3,"(0, 1); (0, 2); (1, 2)",0; 1; 2; 3; 4,5,1,0,1,True
24,5,3,"(1, 3); (2, 3); (3, 4)",0,1,1,0,1,True
25,5,3,"(0, 4); (2, 3); (3, 4)",1; 3; 4,3,1,0,1,True
26,5,3,"(0, 1); (1, 2); (3, 4)",1,1,1,0,1,True
27,5,4,"(1, 2); (1, 3); (2, 3); (3, 4)",0; 1; 2,3,1,0,1,True
28,5,4,"(0, 1); (0, 3); (1, 2); (2, 3)",0; 1; 2; 3; 4,5,1,0,1,True
29,5,4,"(0, 4); (1, 4); (2, 4); (3, 4)",4,1,1,0,1,True
30,5,4,"(0, 4); (1, 3); (2, 3); (3, 4)",4,1,1,0,1,True
31,5,4,"(0, 1); (0, 4); (1, 2); (2, 3)",0; 1; 2,3,1,0,1,True
32,5,4,"(0, 1); (0, 2); (1, 2); (3, 4)",0; 1; 2,3,1,0,1,True
33,5,5,"(0, 1); (0, 2); (0, 3); (1, 2); (2, 3)",1; 3; 4,3,1,0,1,True
34,5,5,"(0, 4); (1, 4); (2, 3); (2, 4); (3, 4)",2; 3; 4,3,1,0,1,True
35,5,5,"(0, 1); (0, 2); (0, 4); (1, 2); (2, 3)",1,1,1,0,1,True
36,5,5,"(0, 4); (1, 2); (1, 3); (2, 3); (3, 4)",1; 2; 4,3,1,0,1,True
37,5,5,"(0, 1); (1, 3); (1, 4); (2, 3); (2, 4)",2; 3; 4,3,1,0,1,True
38,5,5,"(0, 1); (0, 4); (1, 2); (2, 3); (3, 4)",0; 1; 2; 3; 4,5,1,0,1,True
39,5,6,"(0, 1); (0, 3); (0, 4); (1, 3); (1, 4); (3, 4)",2,1,1,0,1,True
40,5,6,"(0, 1); (1, 2); (1, 3); (1, 4); (2, 3); (2, 4)",1; 3; 4,3,1,0,1,True
41,5,6,"(0, 1); (1, 3); (1, 4); (2, 3); (2, 4); (3, 4)",2,1,1,0,1,True
42,5,6,"(0, 1); (0, 4); (1, 4); (2, 3); (2, 4); (3, 4)",0; 1; 2; 3; 4,5,1,0,1,True
43,5,6,"(0, 1); (0, 3); (0, 4); (1, 2); (2, 3); (3, 4)",1; 2; 4,3,1,0,1,True
44,5,6,"(0, 2); (0, 3); (0, 4); (1, 2); (1, 3); (1, 4)",2; 3; 4,3,1,0,1,True
45,5,7,"(0, 4); (1, 2); (1, 3); (1, 4); (2, 3); (2, 4); (3, 4)",4,1,1,0,1,True
46,5,7,"(0, 3); (0, 4); (1, 3); (1, 4); (2, 3); (2, 4); (3, 4)",0; 1; 2; 3; 4,5,1,0,1,True
47,5,7,"(0, 1); (0, 4); (1, 2); (1, 3); (1, 4); (2, 3); (3, 4)",0; 1; 2,3,1,0,1,True
48,5,7,"(0, 2); (0, 3); (0, 4); (1, 2); (1, 3); (1, 4); (2, 4)",3,1,1,0,1,True
49,5,8,"(0, 1); (0, 3); (0, 4); (1, 3); (1, 4); (2, 3); (2, 4); (3, 4)",2; 3; 4,3,1,0,1,True
50,5,8,"(0, 1); (0, 3); (0, 4); (1, 2); (1, 4); (2, 3); (2, 4); (3, 4)",4,1,1,0,1,True
51,5,9,"(0, 1); (0, 3); (0, 4); (1, 2); (1, 3); (1, 4); (2, 3); (2, 4); (3, 4)",1; 3; 4,3,1,0,1,True
52,5,10,"(0, 1); (0, 2); (0, 3); (0, 4); (1, 2); (1, 3); (1, 4); (2, 3); (2, 4); (3, 4)",0; 1; 2; 3; 4,5,1,0,1,True
53,6,0,,0; 1; 2; 3; 4; 5,6,1,0,1,True
54,6,1,"(4, 5)",0; 1; 2; 3,4,1,0,1,True
55,6,2,"(0, 3); (4, 5)",1; 2,2,1,0,1,True
56,6,2,"(1, 2); (1, 3)",0; 1; 4; 5,4,1,0,1,True
57,6,3,"(1, 2); (1, 3); (2, 3)",0; 1; 2; 3; 4; 5,6,1,0,1,True
58,6,3,"(0, 3); (0, 4); (0, 5)",1; 2,2,1,0,1,True
59,6,3,"(0, 5); (3, 4); (4, 5)",1; 2; 4; 5,4,1,0,1,True
60,6,3,"(1, 5); (2, 5); (3, 4)",0; 5,2,1,0,1,True
61,6,3,"(0, 3); (1, 2); (4, 5)",,0,1,0,1,True
62,6,4,"(0, 3); (0, 4); (0, 5); (4, 5)",1; 2; 4; 5,4,1,0,1,True
63,6,4,"(0, 3); (0, 4); (3, 5); (4, 5)",0; 1; 2; 3; 4; 5,6,1,0,1,True
64,6,4,"(0, 5); (1, 5); (2, 5); (3, 5)",4; 5,2,1,0,1,True
65,6,4,"(0, 4); (1, 3); (2, 3); (3, 4)",4; 5,2,1,0,1,True
66,6,4,"(0, 2); (1, 2); (1, 3); (3, 5)",1; 2; 3; 4,4,1,0,1,True
67,6,4,"(0, 5); (1, 2); (1, 3); (2, 3)",1; 2; 3; 4,4,1,0,1,True
68,6,4,"(0, 3); (0, 4); (0, 5); (1, 2)",,0,1,0,1,True
69,6,4,"(0, 5); (1, 2); (3, 4); (4, 5)",4; 5,2,1,0,1,True
70,6,4,"(0, 2); (0, 4); (1, 3); (3, 5)",0; 3,2,1,0,1,True
71,6,5,"(0, 3); (0, 4); (0, 5); (3, 5); (4, 5)",1; 2; 3; 4,4,1,0,1,True
72,6,5,"(1, 3); (2, 3); (3, 4); (3, 5); (4, 5)",0; 3; 4; 5,4,1,0,1,True
73,6,5,"(0, 4); (2, 3); (3, 4); (3, 5); (4, 5)",1; 5,2,1,0,1,True
74,6,5,"(0, 4); (1, 2); (1, 3); (2, 3); (3, 4)",1; 2; 4; 5,4,1,0,1,True
75,6,5,"(0, 4); (1, 2); (1, 4); (2, 3); (3, 4)",1; 2; 3; 5,4,1,0,1,True
76,6,5,"(0, 1); (0, 4); (1, 2); (2, 3); (3, 4)",0; 1; 2; 3; 4; 5,6,1,0,1,True
77,6,5,"(0, 5); (1, 5); (2, 5); (3, 5); (4, 5)",,0,1,0,1,True
78,6,5,"(0, 1); (1, 2); (1, 4); (1, 5); (2, 3)",1; 2,2,1,0,1,True
79,6,5,"(0, 1); (0, 2); (0, 3); (3, 4); (3, 5)",,0,1,0,1,True
80,6,5,"(0, 1); (1, 2); (1, 3); (2, 4); (3, 5)",2; 3,2,1,0,1,True
81,6,5,"(0, 4); (0, 5); (1, 3); (2, 3); (3, 4)",0; 4,2,1,0,1,True
82,6,5,"(0, 1); (1, 2); (1, 3); (2, 3); (4, 5)",2; 3,2,1,0,1,True
83,6,5,"(0, 1); (0, 5); (2, 3); (3, 4); (4, 5)",0; 3; 4; 5,4,1,0,1,True
84,6,5,"(0, 3); (0, 4); (1, 5); (2, 5); (3, 4)",0; 3; 4; 5,4,1,0,1,True
85,6,5,"(0, 3); (0, 4); (1, 2); (3, 5); (4, 5)",0; 3; 4; 5,4,1,0,1,True
86,6,6,"(0, 3); (0, 4); (0, 5); (3, 4); (3, 5); (4, 5)",1; 2,2,1,0,1,True
87,6,6,"(0, 4); (1, 3); (1, 4); (2, 3); (2, 4); (3, 4)",1; 2; 4; 5,4,1,0,1,True
88,6,6,"(0, 4); (1, 2); (1, 3); (1, 4); (2, 3); (2, 4)",3; 5,2,1,0,1,True
89,6,6,"(0, 2); (0, 4); (2, 4); (3, 4); (3, 5); (4, 5)",0; 1; 2; 3; 4; 5,6,1,0,1,True
90,6,6,"(0, 1); (0, 3); (0, 4); (1, 2); (2, 3); (3, 4)",1; 2; 4; 5,4,1,0,1,True
91,6,6,"(0, 1); (0, 2); (1, 3); (1, 4); (2, 3); (2, 4)",0; 3; 4; 5,4,1,0,1,True
92,6,6,"(0, 5); (1, 5); (2, 5); (3, 4); (3, 5); (4, 5)",3; 4,2,1,0,1,True
93,6,6,"(0, 3); (0, 4); (1, 4); (2, 4); (3, 4); (3, 5)",0; 4,2,1,0,1,True
94,6,6,"(0, 4); (1, 5); (2, 3); (3, 4); (3, 5); (4, 5)",,0,1,94,1,False
95,6,6,"(0, 4); (0, 5); (1, 2); (1, 4); (2, 4); (3, 4)",0; 1; 2; 4,4,1,0,1,True
96,6,6,"(0, 2); (0, 3); (0, 4); (0, 5); (1, 2); (1, 3)",0; 1; 2; 3,4,1,0,1,True
97,6,6,"(0, 2); (1, 2); (1, 3); (1, 4); (2, 4); (3, 5)",3; 4,2,1,0,1,True
98,6,6,"(0, 2); (0, 3); (0, 4); (1, 2); (1, 3); (3, 5)",1; 2,2,1,0,1,True
99,6,6,"(0, 2); (1, 3); (2, 4); (2, 5); (3, 4); (3, 5)",4; 5,2,1,0,1,True
100,6,6,"(0, 1); (0, 2); (0, 3); (3, 4); (3, 5); (4, 5)",4; 5,2,1,0,1,True
101,6,6,"(0, 3); (0, 4); (0, 5); (1, 2); (3, 5); (4, 5)",3; 4,2,1,0,1,True
102,6,6,"(0, 4); (0, 5); (1, 2); (1, 3); (2, 3); (3, 4)",0; 1; 2; 4,4,1,0,1,True
103,6,6,"(0, 4); (0, 5); (1, 3); (1, 4); (2, 3); (2, 4)",0; 1; 2; 3,4,1,0,1,True
104,6,6,"(0, 1); (0, 4); (1, 2); (1, 5); (2, 3); (3, 4)",0; 2; 3; 4,4,1,0,1,True
105,6,6,"(0, 1); (0, 5); (1, 2); (2, 3); (3, 4); (4, 5)",0; 1; 2; 3; 4; 5,6,1,0,1,True
106,6,6,"(0, 4); (0, 5); (1, 2); (1, 3); (2, 3); (4, 5)",0; 1; 2; 3; 4; 5,6,1,0,1,True
107,6,7,"(0, 1); (0, 2); (0, 3); (0, 5); (1, 2); (1, 3); (2, 3)",0; 4,2,1,0,1,True
108,6,7,"(0, 1); (0, 2); (1, 2); (1, 3); (1, 4); (2, 3); (2, 4)",0; 1; 2; 3; 4; 5,6,1,0,1,True
109,6,7,"(0, 1); (0, 4); (1, 2); (1, 3); (1, 4); (2, 3); (3, 4)",0; 1; 2; 5,4,1,0,1,True
110,6,7,"(0, 1); (0, 2); (0, 3); (1, 3); (1, 5); (2, 3); (2, 5)",4; 5,2,1,0,1,True
111,6,7,"(0, 4); (1, 3); (1, 4); (2, 3); (2, 4); (3, 4); (4, 5)",1; 2,2,1,0,1,True
112,6,7,"(0, 1); (1, 2); (1, 4); (1, 5); (2, 3); (2, 4); (2, 5)",1; 2; 4; 5,4,1,0,1,True
113,6,7,"(0, 2); (0, 3); (0, 4); (1, 2); (1, 3); (2, 3); (3, 5)",1; 3,2,1,0,1,True
114,6,7,"(0, 4); (1, 2); (1, 3); (1, 4); (2, 3); (2, 4); (4, 5)",3; 4,2,1,0,1,True
115,6,7,"(0, 1); (1, 4); (1, 5); (2, 3); (2, 4); (2, 5); (4, 5)",,0,1,0,1,True
116,6,7,"(0, 1); (0, 2); (0, 3); (1, 2); (1, 3); (2, 3); (4, 5)",,0,1,0,1,True
117,6,7,"(0, 1); (0, 2); (0, 3); (0, 4); (0, 5); (2, 3); (4, 5)",2; 3; 4; 5,4,1,0,1,True
118,6,7,"(0, 1); (0, 4); (1, 2); (1, 4); (1, 5); (2, 3); (3, 4)",0; 1; 2; 3,4,1,0,1,True
119,6,7,"(0, 1); (0, 2); (0, 3); (0, 4); (1, 4); (2, 3); (3, 5)",0; 1; 2; 4,4,1,0,1,True
120,6,7,"(0, 4); (0, 5); (1, 3); (1, 4); (2, 3); (2, 4); (3, 4)",0; 1; 2; 4,4,1,0,1,True
121,6,7,"(0, 2); (1, 2); (1, 4); (2, 3); (2, 5); (3, 4); (4, 5)",1; 2; 3; 5,4,1,0,1,True
122,6,7,"(0, 1); (0, 3); (0, 4); (1, 2); (1, 5); (2, 3); (3, 4)",2; 4,2,1,0,1,True
123,6,7,"(0, 4); (0, 5); (1, 2); (1, 3); (1, 4); (2, 3); (2, 4)",0; 3,2,1,0,1,True
124,6,7,"(0, 1); (0, 2); (0, 4); (1, 2); (1, 5); (2, 3); (3, 4)",3; 4,2,1,0,1,True
125,6,7,"(0, 2); (1, 2); (1, 3); (1, 4); (2, 5); (3, 5); (4, 5)",3; 4,2,1,0,1,True
126,6,7,"(0, 2); (0, 5); (1, 3); (1, 4); (2, 3); (3, 4); (3, 5)",0; 1; 2; 3; 4; 5,6,1,0,1,True
127,6,7,"(0, 2); (0, 5); (1, 2); (1, 3); (2, 3); (3, 4); (4, 5)",0; 1; 4; 5,4,1,0,1,True
128,6,7,"(0, 1); (0, 3); (0, 5); (1, 2); (2, 3); (3, 4); (4, 5)",1; 2; 4; 5,4,1,0,1,True
129,6,7,"(0, 1); (0, 4); (0, 5); (1, 2); (2, 3); (3, 4); (3, 5)",1; 2; 4; 5,4,1,0,1,True
130,6,7,"(0, 1); (0, 2); (0, 3); (1, 2); (3, 4); (3, 5); (4, 5)",1; 2; 4; 5,4,1,0,1,True
131,6,8,"(0, 1); (0, 2); (0, 3); (1, 2); (1, 3); (1, 5); (2, 3); (2, 5)",1; 2; 4; 5,4,1,0,1,True
132,6,8,"(0, 1); (0, 3); (0, 4); (1, 2); (1, 4); (2, 3); (2, 4); (3, 4)",4; 5,2,1,0,1,True
133,6,8,"(0, 1); (0, 2); (0, 3); (0, 4); (0, 5); (1, 2); (1, 3); (2, 3)",,0,1,0,1,True
134,6,8,"(0, 1); (0, 2); (0, 3); (0, 4); (1, 2); (1, 3); (2, 3); (3, 5)",0; 3,2,1,0,1,True
135,6,8,"(0, 1); (0, 2); (1, 2); (1, 3); (1, 4); (2, 3); (2, 4); (2, 5)",0; 1; 3; 4,4,1,0,1,True
136,6,8,"(0, 1); (0, 4); (1, 2); (1, 3); (1, 4); (1, 5); (2, 3); (3, 4)",0; 2,2,1,0,1,True
137,6,8,"(0, 1); (0, 4); (1, 2); (1, 3); (1, 4); (2, 3); (3, 4); (4, 5)",0; 1; 2; 4,4,1,0,1,True
138,6,8,"(0, 1); (0, 2); (0, 4); (1, 2); (1, 3); (1, 5); (2, 3); (2, 5)",1; 2; 3; 5,4,1,0,1,True
139,6,8,"(0, 1); (0, 4); (0, 5); (1, 2); (1, 3); (1, 4); (2, 3); (3, 4)",1; 2,2,1,0,1,True
140,6,8,"(0, 1); (0, 2); (0, 3); (0, 4); (1, 3); (1, 5); (2, 3); (2, 5)",0; 5,2,1,0,1,True
141,6,8,"(0, 2); (1, 2); (1, 4); (2, 3); (2, 5); (3, 4); (3, 5); (4, 5)",1; 2,2,1,0,1,True
142,6,8,"(0, 1); (0, 2); (0, 3); (0, 5); (1, 2); (1, 3); (2, 3); (4, 5)",0; 5,2,1,0,1,True
143,6,8,"(0, 1); (0, 2); (0, 4); (1, 3); (1, 5); (2, 3); (2, 5); (3, 5)",,0,1,0,1,True
144,6,8,"(0, 4); (0, 5); (1, 3); (1, 4); (2, 3); (2, 4); (3, 4); (4, 5)",0; 1; 2; 5,4,1,0,1,True
145,6,8,"(0, 1); (0, 2); (0, 4); (0, 5); (1, 2); (2, 3); (2, 5); (3, 4)",0; 1; 2; 3; 4; 5,6,1,0,1,True
146,6,8,"(0, 4); (0, 5); (1, 4); (1, 5); (2, 4); (2, 5); (3, 4); (3, 5)",0; 1; 2; 3; 4; 5,6,1,0,1,True
147,6,8,"(0, 1); (0, 5); (1, 2); (2, 3); (2, 4); (2, 5); (3, 4); (4, 5)",0; 1; 2; 3,4,1,0,1,True
148,6,8,"(0, 1); (0, 2); (0, 5); (1, 2); (1, 3); (1, 4); (3, 4); (4, 5)",1; 2; 3; 5,4,1,0,1,True
149,6,8,"(0, 1); (0, 3); (0, 4); (0, 5); (1, 2); (2, 3); (2, 5); (3, 4)",0; 1; 4; 5,4,1,0,1,True
150,6,8,"(0, 4); (0, 5); (1, 2); (1, 3); (1, 4); (2, 3); (2, 4); (4, 5)",0; 3; 4; 5,4,1,0,1,True
151,6,8,"(0, 1); (0, 4); (1, 2); (1, 5); (2, 3); (3, 4); (3, 5); (4, 5)",0; 2,2,1,0,1,True
152,6,8,"(0, 1); (0, 5); (1, 2); (1, 5); (2, 3); (2, 4); (3, 4); (4, 5)",0; 3,2,1,0,1,True
153,6,8,"(0, 1); (0, 4); (0, 5); (1, 2); (1, 5); (2, 3); (2, 5); (3, 4)",3; 4,2,1,0,1,True
154,6,8,"(0, 1); (0, 5); (1, 2); (1, 4); (2, 3); (2, 5); (3, 4); (4, 5)",0; 3,2,1,0,1,True
155,6,9,"(0, 1); (0, 3); (0, 4); (1, 2); (1, 3); (1, 4); (2, 3); (2, 4); (3, 4)",1; 3; 4; 5,4,1,0,1,True
156,6,9,"(0, 1); (0, 2); (0, 3); (1, 2); (1, 3); (1, 5); (2, 3); (2, 4); (2, 5)",1; 5,2,1,0,1,True
157,6,9,"(0, 1); (0, 2); (0, 3); (0, 4); (1, 2); (1, 3); (1, 5); (2, 3); (2, 5)",0; 1; 2; 5,4,1,0,1,True
158,6,9,"(0, 1); (0, 3); (0, 4); (1, 2); (1, 4); (2, 3); (2, 4); (3, 4); (4, 5)",,0,1,0,1,True
159,6,9,"(0, 2); (1, 2); (1, 3); (1, 4); (2, 3); (2, 5); (3, 4); (3, 5); (4, 5)",2; 3,2,1,0,1,True
160,6,9,"(0, 1); (0, 2); (0, 3); (1, 2); (1, 3); (1, 5); (2, 3); (2, 5); (4, 5)",1; 2,2,1,0,1,True
161,6,9,"(0, 4); (0, 5); (1, 4); (1, 5); (2, 4); (2, 5); (3, 4); (3, 5); (4, 5)",0; 1; 2; 3,4,1,0,1,True
162,6,9,"(0, 1); (0, 2); (0, 3); (0, 4); (0, 5); (1, 2); (2, 3); (2, 5); (3, 4)",1; 2; 4; 5,4,1,0,1,True
163,6,9,"(0, 1); (0, 2); (0, 4); (0, 5); (1, 2); (1, 3); (1, 4); (3, 4); (4, 5)",0; 1; 2; 3; 4; 5,6,1,0,1,True
164,6,9,"(0, 1); (0, 2); (0, 5); (1, 2); (1, 3); (1, 4); (1, 5); (3, 4); (4, 5)",2; 3,2,1,0,1,True
165,6,9,"(0, 1); (0, 2); (0, 3); (0, 4); (0, 5); (1, 2); (1, 3); (2, 3); (4, 5)",4; 5,2,1,0,1,True
166,6,9,"(0, 1); (0, 3); (0, 4); (0, 5); (1, 2); (1, 5); (2, 3); (3, 4); (3, 5)",0; 2; 3; 4,4,1,0,1,True
167,6,9,"(0, 2); (0, 3); (0, 4); (0, 5); (1, 2); (1, 3); (2, 3); (3, 4); (4, 5)",0; 1; 3; 5,4,1,0,1,True
168,6,9,"(0, 2); (0, 3); (0, 5); (1, 2); (1, 3); (2, 3); (2, 4); (3, 4); (4, 5)",1; 2; 3; 5,4,1,0,1,True
169,6,9,"(0, 1); (0, 2); (0, 4); (0, 5); (1, 2); (1, 5); (2, 3); (2, 5); (3, 4)",0; 2; 3; 4,4,1,0,1,True
170,6,9,"(0, 2); (0, 4); (0, 5); (1, 4); (1, 5); (2, 4); (2, 5); (3, 4); (3, 5)",1; 3; 4; 5,4,1,0,1,True
171,6,9,"(0, 1); (0, 4); (0, 5); (1, 2); (2, 3); (2, 5); (3, 4); (3, 5); (4, 5)",1; 5,2,1,0,1,True
172,6,9,"(0, 1); (0, 3); (0, 4); (0, 5); (1, 2); (1, 5); (2, 3); (2, 5); (3, 4)",0; 4,2,1,0,1,True
173,6,9,"(0, 1); (0, 3); (0, 5); (1, 2); (2, 3); (2, 4); (2, 5); (3, 4); (4, 5)",1; 2,2,1,0,1,True
174,6,9,"(0, 1); (0, 2); (0, 3); (1, 4); (1, 5); (2, 3); (2, 5); (3, 4); (4, 5)",,0,1,174,1,False
175,6,9,"(0, 1); (0, 3); (0, 5); (1, 2); (1, 4); (2, 3); (2, 5); (3, 4); (4, 5)",,0,1,0,1,True
176,6,10,"(0, 1); (0, 2); (0, 3); (0, 4); (1, 2); (1, 3); (1, 4); (2, 3); (2, 4); (3, 4)",0; 1; 2; 3; 4; 5,6,1,0,1,True
177,6,10,"(0, 1); (0, 3); (0, 4); (1, 2); (1, 3); (1, 4); (2, 3); (2, 4); (3, 4); (4, 5)",1; 3,2,1,0,1,True
178,6,10,"(0, 1); (0, 3); (0, 4); (0, 5); (1, 2); (1, 3); (1, 4); (2, 3); (2, 4); (3, 4)",0; 1; 3; 4,4,1,0,1,True
179,6,10,"(0, 1); (0, 4); (0, 5); (1, 4); (1, 5); (2, 4); (2, 5); (3, 4); (3, 5); (4, 5)",2; 3,2,1,0,1,True
180,6,10,"(0, 1); (0, 4); (1, 2); (1, 3); (1, 4); (1, 5); (2, 3); (3, 4); (3, 5); (4, 5)",0; 2; 3; 4,4,1,0,1,True
181,6,10,"(0, 2); (0, 3); (0, 4); (0, 5); (1, 2); (1, 3); (2, 3); (2, 4); (3, 4); (4, 5)",0; 1; 2; 3; 4; 5,6,1,0,1,True
182,6,10,"(0, 2); (0, 3); (0, 5); (1, 2); (1, 3); (2, 3); (2, 4); (2, 5); (3, 4); (4, 5)",1; 3,2,1,0,1,True
183,6,10,"(0, 1); (0, 4); (0, 5); (1, 2); (1, 3); (1, 4); (1, 5); (2, 3); (3, 4); (4, 5)",2; 4,2,1,0,1,True
184,6,10,"(0, 1); (0, 3); (0, 4); (0, 5); (1, 2); (1, 5); (2, 3); (2, 5); (3, 4); (3, 5)",0; 3; 4; 5,4,1,0,1,True
185,6,10,"(0, 1); (0, 2); (0, 4); (0, 5); (1, 2); (1, 4); (1, 5); (2, 3); (2, 5); (3, 4)",0; 1; 2; 3,4,1,0,1,True
186,6,10,"(0, 1); (0, 2); (1, 3); (1, 4); (1, 5); (2, 3); (2, 4); (2, 5); (3, 5); (4, 5)",0; 1; 2; 5,4,1,0,1,True
187,6,10,"(0, 1); (0, 4); (0, 5); (1, 2); (1, 5); (2, 3); (2, 5); (3, 4); (3, 5); (4, 5)",,0,1,187,1,False
188,6,10,"(0, 1); (0, 2); (0, 5); (1, 2); (1, 3); (1, 5); (2, 3); (2, 4); (3, 4); (4, 5)",1; 2,2,1,0,1,True
189,6,10,"(0, 2); (0, 3); (0, 5); (1, 2); (1, 3); (1, 5); (2, 3); (2, 4); (3, 4); (4, 5)",2; 3,2,1,0,1,True
190,6,10,"(0, 1); (0, 2); (0, 5); (1, 2); (1, 3); (1, 4); (2, 5); (3, 4); (3, 5); (4, 5)",1; 5,2,1,0,1,True
191,6,11,"(0, 1); (0, 2); (0, 3); (0, 4); (1, 2); (1, 3); (1, 4); (1, 5); (2, 3); (2, 4); (3, 4)",0; 2; 3; 4,4,1,0,1,True
192,6,11,"(0, 1); (0, 2); (0, 3); (1, 2); (1, 3); (1, 4); (1, 5); (2, 3); (2, 4); (2, 5); (3, 5)",3; 4,2,1,0,1,True
193,6,11,"(0, 1); (0, 3); (0, 4); (0, 5); (1, 2); (1, 3); (1, 4); (2, 3); (2, 4); (3, 4); (4, 5)",0; 1; 3; 5,4,1,0,1,True
194,6,11,"(0, 1); (0, 2); (0, 3); (0, 4); (1, 2); (1, 3); (1, 4); (2, 3); (2, 4); (3, 5); (4, 5)",0; 1; 2; 3; 4; 5,6,1,0,1,True
195,6,11,"(0, 1); (0, 2); (0, 5); (1, 2); (1, 3); (1, 4); (1, 5); (2, 5); (3, 4); (3, 5); (4, 5)",,0,1,0,1,True
196,6,11,"(0, 2); (0, 4); (0, 5); (1, 3); (1, 4); (1, 5); (2, 3); (2, 4); (2, 5); (3, 4); (4, 5)",2; 5,2,1,0,1,True
197,6,11,"(0, 1); (0, 2); (0, 3); (0, 5); (1, 2); (1, 3); (1, 4); (1, 5); (2, 4); (3, 4); (4, 5)",0; 4,2,1,0,1,True
198,6,11,"(0, 1); (0, 2); (0, 4); (0, 5); (1, 4); (1, 5); (2, 3); (2, 4); (2, 5); (3, 4); (3, 5)",0; 2; 4; 5,4,1,0,1,True
199,6,11,"(0, 1); (0, 3); (0, 5); (1, 2); (1, 4); (1, 5); (2, 3); (2, 4); (2, 5); (3, 4); (4, 5)",1; 2; 4; 5,4,1,0,1,True
200,6,12,"(0, 1); (0, 2); (0, 3); (0, 4); (1, 2); (1, 3); (1, 4); (2, 3); (2, 4); (3, 4); (3, 5); (4, 5)",0; 1; 2; 5,4,1,0,1,True
201,6,12,"(0, 1); (0, 2); (0, 3); (0, 4); (0, 5); (1, 2); (1, 3); (1, 4); (1, 5); (2, 3); (2, 4); (2, 5)",,0,1,0,1,True
202,6,12,"(0, 1); (0, 2); (0, 4); (0, 5); (1, 4); (1, 5); (2, 3); (2, 4); (2, 5); (3, 4); (3, 5); (4, 5)",0; 2,2,1,0,1,True
203,6,12,"(0, 1); (0, 2); (0, 3); (0, 5); (1, 2); (1, 3); (1, 4); (1, 5); (2, 3); (2, 4); (3, 4); (4, 5)",0; 2; 3; 4,4,1,0,1,True
204,6,12,"(0, 1); (0, 2); (0, 4); (0, 5); (1, 2); (1, 3); (1, 5); (2, 3); (2, 4); (3, 4); (3, 5); (4, 5)",0; 1; 2; 3; 4; 5,6,1,0,1,True
205,6,13,"(0, 1); (0, 2); (0, 3); (0, 4); (0, 5); (1, 2); (1, 3); (1, 4); (1, 5); (2, 3); (2, 4); (3, 4); (4, 5)",2; 3,2,1,0,1,True
206,6,13,"(0, 1); (0, 2); (0, 3); (0, 4); (0, 5); (1, 2); (1, 3); (1, 5); (2, 3); (2, 4); (3, 4); (3, 5); (4, 5)",1; 2; 4; 5,4,1,0,1,True
207,6,14,"(0, 1); (0, 2); (0, 4); (0, 5); (1, 2); (1, 3); (1, 4); (1, 5); (2, 3); (2, 4); (2, 5); (3, 4); (3, 5); (4, 5)",0; 3,2,1,0,1,True
208,6,15,"(0, 1); (0, 2); (0, 3); (0, 4); (0, 5); (1, 2); (1, 3); (1, 4); (1, 5); (2, 3); (2, 4); (2, 5); (3, 4); (3, 5); (4, 5)",,0,1,0,1,True
209,7,0,,0; 1; 2; 3; 4; 5; 6,7,1,0,1,True
210,7,1,"(5, 6)",0; 1; 2; 3; 4,5,1,0,1,True
211,7,2,"(1, 2); (2, 3)",0; 2; 4; 5; 6,5,1,0,1,True
212,7,2,"(0, 6); (4, 5)",1; 2; 3,3,1,0,1,True
213,7,3,"(0, 2); (0, 4); (2, 4)",0; 1; 2; 3; 4; 5; 6,7,1,0,1,True
214,7,3,"(0, 1); (0, 5); (0, 6)",2; 3; 4,3,1,0,1,True
215,7,3,"(0, 6); (4, 5); (5, 6)",1; 2; 3; 5; 6,5,1,0,1,True
216,7,3,"(1, 2); (2, 3); (5, 6)",0; 2; 4,3,1,0,1,True
217,7,3,"(0, 4); (1, 3); (5, 6)",2,1,1,0,1,True
218,7,4,"(1, 2); (2, 5); (2, 6); (5, 6)",0; 3; 4; 5; 6,5,1,0,1,True
219,7,4,"(1, 2); (1, 4); (2, 5); (4, 5)",0; 1; 2; 3; 4; 5; 6,7,1,0,1,True
220,7,4,"(0, 1); (1, 2); (1, 4); (1, 5)",1; 3; 6,3,1,0,1,True
221,7,4,"(0, 1); (1, 2); (2, 5); (2, 6)",1; 3; 4,3,1,0,1,True
222,7,4,"(0, 1); (1, 2); (2, 3); (3, 4)",1; 2; 3; 5; 6,5,1,0,1,True
223,7,4,"(0, 2); (0, 4); (2, 4); (5, 6)",0; 1; 2; 3; 4,5,1,0,1,True
224,7,4,"(0, 1); (0, 5); (0, 6); (2, 4)",3,1,1,0,1,True
225,7,4,"(0, 6); (1, 3); (4, 5); (5, 6)",2; 5; 6,3,1,0,1,True
226,7,4,"(0, 3); (0, 4); (2, 5); (2, 6)",0; 1; 2,3,1,0,1,True
227,7,4,"(0, 6); (1, 2); (2, 3); (4, 5)",2,1,1,0,1,True
228,7,5,"(0, 1); (0, 3); (0, 4); (1, 3); (1, 4)",2; 3; 4; 5; 6,5,1,0,1,True
229,7,5,"(2, 3); (2, 4); (2, 5); (2, 6); (5, 6)",0; 1; 2; 5; 6,5,1,0,1,True
230,7,5,"(0, 2); (0, 4); (0, 6); (2, 4); (4, 5)",1; 2; 3,3,1,0,1,True
231,7,5,"(0, 1); (1, 2); (2, 5); (2, 6); (5, 6)",1; 3; 4; 5; 6,5,1,0,1,True
232,7,5,"(0, 3); (0, 4); (1, 2); (1, 3); (1, 4)",0; 3; 4; 5; 6,5,1,0,1,True
233,7,5,"(0, 1); (0, 4); (1, 2); (2, 3); (3, 4)",0; 1; 2; 3; 4; 5; 6,7,1,0,1,True
234,7,5,"(0, 5); (1, 5); (2, 5); (3, 5); (4, 5)",6,1,1,0,1,True
235,7,5,"(0, 1); (1, 2); (1, 5); (1, 6); (2, 3)",1; 2; 4,3,1,0,1,True
236,7,5,"(1, 2); (1, 4); (1, 5); (2, 3); (2, 6)",0,1,1,0,1,True
237,7,5,"(1, 2); (1, 5); (1, 6); (2, 3); (3, 4)",0; 2; 3,3,1,0,1,True
238,7,5,"(1, 2); (2, 3); (3, 4); (3, 6); (4, 5)",0; 2; 4,3,1,0,1,True
239,7,5,"(1, 2); (2, 5); (2, 6); (3, 4); (5, 6)",0; 5; 6,3,1,0,1,True
240,7,5,"(0, 1); (0, 6); (3, 4); (4, 5); (5, 6)",0; 2; 4; 5; 6,5,1,0,1,True
241,7,5,"(0, 3); (0, 4); (2, 5); (2, 6); (5, 6)",0; 1; 2; 5; 6,5,1,0,1,True
242,7,5,"(1, 4); (2, 3); (2, 5); (3, 6); (5, 6)",0; 2; 3; 5; 6,5,1,0,1,True
243,7,5,"(0, 1); (1, 2); (1, 3); (1, 4); (5, 6)",1,1,1,0,1,True
244,7,5,"(0, 1); (0, 3); (0, 4); (1, 2); (5, 6)",1,1,1,0,1,True
245,7,5,"(0, 3); (0, 4); (1, 2); (2, 5); (2, 6)",0,1,1,0,1,True
246,7,5,"(0, 1); (1, 2); (2, 3); (3, 4); (5, 6)",1; 2; 3,3,1,0,1,True
247,7,5,"(0, 6); (1, 2); (2, 3); (4, 5); (5, 6)",2; 5; 6,3,1,0,1,True
248,7,5,"(0, 1); (2, 3); (4, 5); (4, 6); (5, 6)",4; 5; 6,3,1,0,1,True
249,7,6,"(1, 2); (1, 5); (1, 6); (2, 5); (2, 6); (5, 6)",0; 3; 4,3,1,0,1,True
250,7,6,"(0, 1); (1, 2); (1, 3); (1, 4); (2, 3); (2, 4)",1; 3; 4; 5; 6,5,1,0,1,True
251,7,6,"(0, 3); (0, 4); (1, 2); (1, 3); (1, 4); (3, 4)",0; 5; 6,3,1,0,1,True
252,7,6,"(2, 3); (2, 4); (2, 5); (2, 6); (3, 6); (4, 5)",0; 1; 2; 3; 4; 5; 6,7,1,0,1,True
253,7,6,"(0, 1); (0, 4); (1, 2); (1, 4); (2, 5); (4, 5)",0; 2; 3; 5; 6,5,1,0,1,True
254,7,6,"(0, 2); (0, 5); (1, 2); (1, 5); (2, 4); (4, 5)",0; 1; 3; 4; 6,5,1,0,1,True
255,7,6,"(1, 2); (2, 3); (2, 4); (2, 5); (2, 6); (5, 6)",0; 5; 6,3,1,0,1,True
256,7,6,"(1, 2); (1, 3); (1, 4); (2, 3); (2, 5); (2, 6)",0; 2; 3,3,1,0,1,True
257,7,6,"(0, 1); (1, 5); (1, 6); (3, 6); (4, 5); (5, 6)",2,1,1,94,1,False
258,7,6,"(0, 3); (1, 3); (1, 4); (1, 5); (1, 6); (5, 6)",1; 2; 3; 5; 6,5,1,0,1,True
259,7,6,"(0, 3); (0, 4); (2, 3); (2, 4); (2, 5); (2, 6)",0; 1; 2; 3; 4,5,1,0,1,True
260,7,6,"(1, 2); (1, 3); (1, 4); (2, 3); (2, 5); (5, 6)",0; 3; 5,3,1,0,1,True
261,7,6,"(1, 2); (2, 3); (2, 5); (3, 6); (4, 5); (5, 6)",0; 3; 6,3,1,0,1,True
262,7,6,"(1, 2); (1, 3); (1, 4); (2, 5); (2, 6); (5, 6)",0; 5; 6,3,1,0,1,True
263,7,6,"(0, 3); (0, 4); (2, 3); (2, 4); (3, 6); (4, 5)",0; 1; 2,3,1,0,1,True
264,7,6,"(0, 1); (0, 3); (0, 4); (1, 3); (1, 4); (5, 6)",2; 3; 4,3,1,0,1,True
265,7,6,"(1, 3); (1, 4); (2, 3); (2, 5); (2, 6); (5, 6)",0; 1; 3; 5; 6,5,1,0,1,True
266,7,6,"(1, 2); (1, 4); (2, 5); (3, 6); (4, 5); (5, 6)",0; 1; 2; 4; 6,5,1,0,1,True
267,7,6,"(0, 1); (1, 3); (1, 4); (3, 6); (4, 5); (5, 6)",2; 3; 4; 5; 6,5,1,0,1,True
268,7,6,"(0, 1); (0, 5); (1, 2); (2, 3); (3, 4); (4, 5)",0; 1; 2; 3; 4; 5; 6,7,1,0,1,True
269,7,6,"(0, 3); (0, 4); (2, 5); (2, 6); (3, 4); (5, 6)",0; 1; 2; 3; 4; 5; 6,7,1,0,1,True
270,7,6,"(0, 6); (1, 6); (2, 6); (3, 6); (4, 6); (5, 6)",6,1,1,0,1,True
271,7,6,"(0, 1); (1, 2); (2, 3); (2, 4); (2, 5); (2, 6)",1,1,1,0,1,True
272,7,6,"(0, 1); (1, 2); (1, 3); (1, 4); (2, 5); (2, 6)",1,1,1,0,1,True
273,7,6,"(0, 1); (1, 2); (1, 3); (1, 4); (3, 6); (4, 5)",1; 3; 4,3,1,0,1,True
274,7,6,"(0, 1); (1, 2); (1, 3); (1, 4); (2, 5); (5, 6)",1; 2; 5,3,1,0,1,True
275,7,6,"(0, 1); (2, 3); (2, 4); (2, 5); (2, 6); (5, 6)",2; 5; 6,3,1,0,1,True
276,7,6,"(0, 4); (1, 2); (1, 3); (1, 4); (2, 5); (2, 6)",4,1,1,0,1,True
277,7,6,"(0, 1); (0, 2); (0, 4); (1, 2); (2, 3); (5, 6)",1,1,1,0,1,True
278,7,6,"(0, 1); (0, 3); (0, 4); (1, 2); (2, 5); (2, 6)",1,1,1,0,1,True
279,7,6,"(0, 1); (1, 3); (1, 4); (2, 6); (3, 6); (4, 5)",3; 4; 6,3,1,0,1,True
280,7,6,"(0, 3); (1, 3); (1, 4); (2, 4); (2, 5); (2, 6)",1; 3; 4,3,1,0,1,True
281,7,6,"(0, 3); (0, 4); (1, 2); (2, 3); (2, 4); (5, 6)",0; 3; 4,3,1,0,1,True
282,7,6,"(0, 3); (0, 4); (1, 2); (2, 5); (2, 6); (5, 6)",0; 5; 6,3,1,0,1,True
283,7,6,"(0, 1); (1, 2); (2, 5); (2, 6); (3, 4); (5, 6)",1; 5; 6,3,1,0,1,True
284,7,6,"(0, 1); (0, 3); (0, 4); (1, 2); (3, 6); (4, 5)",1; 3; 4,3,1,0,1,True
285,7,6,"(0, 1); (1, 3); (1, 4); (2, 5); (2, 6); (5, 6)",2; 5; 6,3,1,0,1,True
286,7,6,"(0, 1); (0, 6); (1, 2); (2, 3); (3, 4); (4, 5)",0; 1; 2; 3; 4,5,1,0,1,True
287,7,6,"(0, 1); (1, 2); (2, 3); (4, 5); (4, 6); (5, 6)",1; 2; 4; 5; 6,5,1,0,1,True
288,7,6,"(0, 1); (0, 4); (2, 3); (2, 5); (3, 6); (5, 6)",0; 2; 3; 5; 6,5,1,0,1,True
289,7,6,"(0, 1); (0, 4); (1, 2); (2, 3); (3, 4); (5, 6)",0; 1; 2; 3; 4,5,1,0,1,True
290,7,7,"(0, 1); (1, 2); (1, 3); (1, 4); (2, 3); (2, 4); (3, 4)",1; 5; 6,3,1,0,1,True
291,7,7,"(0, 2); (0, 5); (1, 2); (1, 5); (2, 4); (2, 5); (4, 5)",0; 1; 2; 3; 4; 5; 6,7,1,0,1,True
292,7,7,"(0, 1); (0, 4); (1, 2); (1, 3); (1, 4); (2, 3); (3, 4)",0; 1; 2; 5; 6,5,1,0,1,True
293,7,7,"(0, 1); (0, 2); (0, 5); (1, 2); (1, 5); (2, 4); (4, 5)",3; 4; 6,3,1,0,1,True
294,7,7,"(0, 2); (0, 3); (0, 4); (2, 3); (2, 4); (2, 5); (2, 6)",1; 3; 4,3,1,0,1,True
295,7,7,"(0, 1); (1, 2); (1, 3); (1, 4); (2, 3); (2, 4); (2, 6)",1; 2; 3; 4; 5,5,1,0,1,True
296,7,7,"(0, 1); (1, 3); (1, 4); (2, 3); (2, 4); (3, 4); (3, 6)",2; 3; 5,3,1,0,1,True
297,7,7,"(0, 3); (0, 4); (2, 3); (2, 4); (2, 5); (2, 6); (3, 4)",0; 1; 2,3,1,0,1,True
298,7,7,"(0, 1); (0, 3); (0, 4); (1, 3); (1, 4); (3, 6); (4, 5)",2,1,1,0,1,True
299,7,7,"(0, 1); (0, 3); (0, 4); (1, 3); (1, 4); (3, 4); (5, 6)",2,1,1,0,1,True
300,7,7,"(1, 2); (2, 3); (2, 4); (2, 5); (2, 6); (3, 6); (4, 5)",0; 3; 4; 5; 6,5,1,0,1,True
301,7,7,"(0, 1); (0, 2); (0, 4); (1, 2); (2, 3); (2, 5); (3, 4)",1; 2; 3; 4; 6,5,1,0,1,True
302,7,7,"(1, 3); (2, 3); (2, 4); (2, 5); (2, 6); (3, 6); (4, 5)",0; 2; 4; 5; 6,5,1,0,1,True
303,7,7,"(0, 2); (0, 6); (1, 2); (1, 3); (1, 4); (2, 3); (2, 4)",0; 2; 3; 4; 5,5,1,0,1,True
304,7,7,"(0, 2); (0, 5); (1, 2); (1, 5); (2, 4); (3, 5); (4, 5)",0; 1; 4; 5; 6,5,1,0,1,True
305,7,7,"(0, 1); (0, 2); (0, 4); (1, 2); (2, 3); (3, 4); (3, 5)",1; 4; 6,3,1,0,1,True
306,7,7,"(0, 1); (0, 2); (0, 4); (1, 2); (1, 5); (2, 3); (3, 4)",3; 4; 6,3,1,0,1,True
307,7,7,"(1, 6); (2, 3); (2, 4); (2, 5); (3, 4); (3, 5); (4, 6)",0; 5; 6,3,1,0,1,True
308,7,7,"(0, 2); (0, 3); (0, 5); (1, 2); (1, 5); (2, 4); (4, 5)",1; 4; 6,3,1,0,1,True
309,7,7,"(1, 2); (1, 3); (1, 4); (1, 5); (2, 6); (3, 4); (5, 6)",0; 1; 2; 3; 4; 5; 6,7,1,0,1,True
310,7,7,"(0, 1); (0, 4); (1, 2); (1, 4); (2, 3); (3, 5); (4, 5)",0; 2; 3; 5; 6,5,1,0,1,True
311,7,7,"(1, 2); (1, 5); (2, 3); (2, 4); (3, 6); (4, 5); (5, 6)",0; 1; 3; 4; 6,5,1,0,1,True
312,7,7,"(1, 2); (1, 4); (2, 3); (2, 5); (3, 6); (4, 5); (5, 6)",0; 1; 3; 4; 6,5,1,0,1,True
313,7,7,"(1, 2); (1, 3); (1, 4); (2, 5); (2, 6); (3, 4); (5, 6)",0; 3; 4; 5; 6,5,1,0,1,True
314,7,7,"(0, 1); (0, 2); (0, 3); (0, 4); (0, 5); (0, 6); (3, 6)",0; 3; 6,3,1,0,1,True
315,7,7,"(0, 4); (1, 2); (1, 3); (1, 4); (1, 5); (1, 6); (3, 4)",3,1,1,0,1,True
316,7,7,"(0, 5); (0, 6); (1, 5); (2, 5); (3, 6); (4, 6); (5, 6)",0; 5; 6,3,1,0,1,True
317,7,7,"(0, 1); (0, 3); (0, 4); (0, 6); (1, 2); (1, 4); (4, 5)",0,1,1,0,1,True
318,7,7,"(0, 1); (1, 2); (2, 3); (2, 4); (2, 5); (2, 6); (5, 6)",1; 5; 6,3,1,0,1,True
319,7,7,"(0, 3); (0, 4); (1, 2); (1, 3); (1, 4); (1, 5); (1, 6)",0; 3; 4,3,1,0,1,True
320,7,7,"(0, 1); (0, 4); (1, 2); (1, 4); (1, 6); (2, 3); (4, 5)",0; 1; 2,3,1,0,1,True
321,7,7,"(0, 1); (0, 4); (1, 2); (1, 4); (2, 3); (4, 5); (4, 6)",0; 2; 4,3,1,0,1,True
322,7,7,"(0, 5); (1, 2); (2, 3); (2, 5); (3, 6); (4, 5); (5, 6)",3; 5; 6,3,1,0,1,True
323,7,7,"(0, 1); (0, 3); (0, 4); (1, 2); (1, 3); (1, 4); (5, 6)",1; 3; 4,3,1,0,1,True
324,7,7,"(0, 1); (1, 2); (1, 3); (2, 4); (2, 5); (2, 6); (5, 6)",2; 5; 6,3,1,0,1,True
325,7,7,"(0, 1); (1, 3); (1, 4); (2, 3); (2, 4); (2, 5); (2, 6)",2; 3; 4,3,1,0,1,True
326,7,7,"(0, 1); (1, 2); (1, 3); (1, 4); (2, 5); (2, 6); (5, 6)",1; 5; 6,3,1,0,1,True
327,7,7,"(0, 3); (0, 4); (1, 2); (1, 3); (1, 4); (3, 6); (4, 5)",0,1,1,94,1,False
328,7,7,"(0, 1); (1, 2); (2, 5); (2, 6); (3, 6); (4, 5); (5, 6)",1,1,1,94,1,False
329,7,7,"(0, 1); (0, 3); (0, 4); (1, 2); (1, 4); (2, 5); (2, 6)",4,1,1,0,1,True
330,7,7,"(0, 3); (0, 4); (1, 2); (1, 3); (1, 4); (3, 4); (5, 6)",0,1,1,0,1,True
331,7,7,"(0, 1); (0, 2); (0, 4); (0, 5); (1, 4); (2, 3); (3, 6)",0; 1; 2; 3; 4,5,1,0,1,True
332,7,7,"(0, 3); (0, 4); (1, 2); (1, 3); (1, 4); (1, 6); (2, 5)",0; 1; 2; 3; 4,5,1,0,1,True
333,7,7,"(0, 1); (0, 2); (0, 4); (0, 5); (1, 4); (2, 3); (5, 6)",0; 1; 2; 4; 5,5,1,0,1,True
334,7,7,"(0, 1); (0, 2); (0, 4); (0, 5); (2, 3); (3, 6); (5, 6)",0; 2; 3; 5; 6,5,1,0,1,True
335,7,7,"(0, 1); (0, 4); (1, 4); (2, 3); (2, 4); (3, 4); (5, 6)",0; 1; 2; 3; 4,5,1,0,1,True
336,7,7,"(0, 1); (0, 4); (1, 2); (1, 4); (2, 3); (3, 6); (4, 5)",0; 2; 3,3,1,0,1,True
337,7,7,"(0, 1); (1, 2); (1, 5); (2, 3); (2, 6); (3, 4); (5, 6)",3; 5; 6,3,1,0,1,True
338,7,7,"(0, 1); (0, 4); (1, 2); (1, 4); (2, 3); (4, 5); (5, 6)",0; 2; 5,3,1,0,1,True
339,7,7,"(0, 4); (1, 2); (1, 3); (1, 4); (2, 5); (2, 6); (5, 6)",4; 5; 6,3,1,0,1,True
340,7,7,"(0, 1); (0, 4); (1, 2); (2, 3); (2, 5); (4, 5); (5, 6)",0; 1; 4,3,1,0,1,True
341,7,7,"(0, 1); (0, 2); (0, 5); (1, 4); (2, 3); (3, 5); (3, 6)",1; 2; 5,3,1,0,1,True
342,7,7,"(0, 2); (0, 5); (1, 2); (2, 3); (3, 6); (4, 5); (5, 6)",0; 3; 6,3,1,0,1,True
343,7,7,"(0, 1); (0, 3); (0, 4); (1, 2); (2, 5); (2, 6); (5, 6)",1; 5; 6,3,1,0,1,True
344,7,7,"(0, 3); (0, 4); (1, 2); (1, 3); (1, 4); (2, 5); (2, 6)",0; 3; 4,3,1,0,1,True
345,7,7,"(0, 1); (0, 4); (1, 2); (1, 4); (2, 5); (3, 6); (4, 5)",0; 2; 5,3,1,0,1,True
346,7,7,"(0, 1); (0, 3); (0, 4); (1, 3); (1, 4); (2, 5); (2, 6)",2; 3; 4,3,1,0,1,True
347,7,7,"(0, 3); (0, 4); (1, 3); (1, 4); (2, 3); (2, 4); (5, 6)",0; 1; 2,3,1,0,1,True
348,7,7,"(0, 3); (0, 4); (1, 2); (2, 5); (2, 6); (3, 6); (4, 5)",0; 3; 4; 5; 6,5,1,0,1,True
349,7,7,"(0, 4); (1, 2); (1, 3); (2, 5); (2, 6); (3, 4); (5, 6)",1; 3; 4; 5; 6,5,1,0,1,True
350,7,7,"(0, 3); (0, 4); (1, 2); (1, 3); (1, 4); (2, 6); (5, 6)",0; 2; 3; 4; 6,5,1,0,1,True
351,7,7,"(0, 2); (0, 4); (0, 5); (1, 4); (2, 3); (3, 6); (5, 6)",2; 3; 4; 5; 6,5,1,0,1,True
352,7,7,"(0, 3); (0, 4); (1, 2); (2, 5); (2, 6); (3, 4); (5, 6)",0; 3; 4; 5; 6,5,1,0,1,True
353,7,7,"(0, 1); (0, 6); (1, 2); (2, 3); (3, 4); (4, 5); (5, 6)",0; 1; 2; 3; 4; 5; 6,7,1,0,1,True
354,7,7,"(0, 1); (0, 4); (1, 4); (2, 3); (2, 5); (3, 6); (5, 6)",0; 1; 2; 3; 4; 5; 6,7,1,0,1,True
355,7,8,"(0, 1); (0, 4); (1, 2); (1, 4); (1, 5); (2, 4); (2, 5); (4, 5)",0; 1; 3; 4; 6,5,1,0,1,True
356,7,8,"(0, 1); (0, 2); (0, 4); (0, 5); (1, 2); (1, 4); (2, 5); (4, 5)",0; 3; 6,3,1,0,1,True
357,7,8,"(0, 1); (0, 3); (0, 4); (1, 3); (1, 4); (1, 5); (1, 6); (3, 4)",2,1,1,0,1,True
358,7,8,"(1, 2); (1, 4); (1, 5); (2, 3); (2, 4); (2, 5); (4, 5); (5, 6)",0; 2; 5,3,1,0,1,True
359,7,8,"(0, 1); (0, 4); (1, 2); (1, 3); (1, 4); (1, 5); (2, 4); (4, 5)",0; 2; 4; 5; 6,5,1,0,1,True
360,7,8,"(0, 2); (0, 3); (0, 4); (0, 5); (0, 6); (2, 3); (3, 6); (5, 6)",1; 2; 5,3,1,0,1,True
361,7,8,"(0, 1); (0, 2); (0, 4); (0, 5); (1, 2); (2, 5); (4, 5); (5, 6)",0; 1; 3; 4; 5,5,1,0,1,True
362,7,8,"(0, 1); (1, 2); (1, 3); (2, 3); (2, 4); (2, 5); (3, 4); (3, 5)",2; 3; 4; 5; 6,5,1,0,1,True
363,7,8,"(0, 2); (0, 3); (0, 5); (0, 6); (2, 3); (3, 6); (4, 5); (5, 6)",0; 1; 2,3,1,0,1,True
364,7,8,"(0, 1); (1, 2); (1, 4); (1, 5); (2, 4); (2, 5); (3, 4); (3, 5)",1; 3; 6,3,1,0,1,True
365,7,8,"(1, 2); (1, 4); (1, 5); (2, 4); (2, 5); (3, 4); (3, 5); (4, 6)",0; 3; 4,3,1,0,1,True
366,7,8,"(0, 1); (0, 3); (0, 4); (1, 2); (1, 3); (1, 4); (2, 5); (3, 4)",1; 2; 6,3,1,0,1,True
367,7,8,"(0, 3); (1, 2); (1, 4); (1, 5); (2, 4); (2, 5); (3, 4); (3, 5)",6,1,1,0,1,True
368,7,8,"(0, 2); (0, 3); (0, 4); (2, 3); (2, 4); (2, 5); (2, 6); (5, 6)",1; 3; 4; 5; 6,5,1,0,1,True
369,7,8,"(0, 2); (0, 5); (2, 3); (2, 4); (2, 5); (3, 6); (4, 5); (5, 6)",0; 1; 2; 3; 4; 5; 6,7,1,0,1,True
370,7,8,"(0, 4); (0, 5); (1, 4); (1, 5); (2, 4); (2, 5); (3, 4); (3, 5)",0; 1; 2; 3; 4; 5; 6,7,1,0,1,True
371,7,8,"(1, 2); (1, 4); (1, 5); (2, 3); (2, 5); (3, 6); (4, 5); (5, 6)",0; 3; 4; 5; 6,5,1,0,1,True
372,7,8,"(0, 3); (0, 4); (2, 3); (2, 4); (2, 5); (2, 6); (3, 6); (4, 5)",0; 1; 2; 5; 6,5,1,0,1,True
373,7,8,"(0, 3); (0, 4); (1, 3); (1, 4); (2, 3); (2, 4); (2, 5); (4, 5)",0; 1; 4; 5; 6,5,1,0,1,True
374,7,8,"(0, 3); (0, 4); (2, 3); (2, 4); (2, 5); (2, 6); (3, 4); (5, 6)",0; 1; 2; 5; 6,5,1,0,1,True
375,7,8,"(0, 1); (0, 5); (1, 3); (1, 6); (2, 3); (2, 5); (2, 6); (5, 6)",0; 3; 4,3,1,0,1,True
376,7,8,"(0, 2); (0, 3); (0, 4); (2, 3); (2, 4); (3, 6); (4, 5); (5, 6)",1; 5; 6,3,1,0,1,True
377,7,8,"(0, 1); (0, 5); (1, 2); (1, 5); (2, 3); (2, 4); (3, 4); (4, 5)",0; 3; 6,3,1,0,1,True
378,7,8,"(0, 1); (0, 5); (0, 6); (1, 2); (2, 5); (2, 6); (4, 5); (4, 6)",1; 3; 4,3,1,0,1,True
379,7,8,"(0, 1); (0, 3); (0, 4); (1, 2); (1, 3); (1, 4); (1, 5); (1, 6)",1; 3; 4,3,1,0,1,True
380,7,8,"(0, 1); (0, 2); (0, 3); (0, 4); (1, 3); (1, 4); (1, 5); (1, 6)",0; 3; 4,3,1,0,1,True
381,7,8,"(0, 1); (0, 3); (0, 4); (1, 3); (1, 4); (1, 5); (1, 6); (2, 4)",3,1,1,0,1,True
382,7,8,"(0, 3); (0, 4); (1, 2); (1, 3); (1, 4); (1, 5); (1, 6); (3, 4)",0,1,1,0,1,True
383,7,8,"(0, 2); (0, 3); (1, 2); (2, 3); (2, 5); (3, 4); (3, 5); (5, 6)",0; 2; 3,3,1,0,1,True
384,7,8,"(0, 3); (0, 4); (1, 3); (1, 4); (1, 5); (1, 6); (2, 4); (3, 4)",0; 1; 4,3,1,0,1,True
385,7,8,"(0, 2); (0, 3); (0, 5); (1, 2); (2, 5); (3, 4); (3, 5); (5, 6)",5,1,1,94,1,False
386,7,8,"(0, 1); (1, 2); (1, 3); (2, 3); (2, 4); (3, 4); (4, 5); (4, 6)",4,1,1,0,1,True
387,7,8,"(0, 1); (0, 3); (0, 4); (1, 2); (1, 3); (1, 4); (3, 4); (5, 6)",1,1,1,0,1,True
388,7,8,"(0, 1); (0, 6); (1, 6); (2, 3); (2, 6); (3, 6); (4, 6); (5, 6)",0; 1; 2; 3; 6,5,1,0,1,True
389,7,8,"(0, 6); (1, 2); (1, 6); (2, 3); (2, 6); (4, 5); (4, 6); (5, 6)",1; 4; 5,3,1,0,1,True
390,7,8,"(0, 1); (0, 6); (1, 2); (2, 3); (2, 6); (3, 6); (4, 6); (5, 6)",0; 1; 3,3,1,0,1,True
391,7,8,"(0, 1); (0, 3); (0, 4); (1, 3); (1, 4); (1, 5); (1, 6); (2, 5)",3; 4; 5,3,1,0,1,True
392,7,8,"(0, 1); (0, 3); (0, 4); (1, 2); (2, 3); (2, 4); (2, 5); (2, 6)",1; 3; 4,3,1,0,1,True
393,7,8,"(0, 2); (0, 5); (1, 2); (2, 3); (2, 5); (3, 6); (4, 5); (5, 6)",0; 2; 3; 5; 6,5,1,0,1,True
394,7,8,"(0, 1); (1, 2); (1, 5); (1, 6); (2, 3); (2, 5); (2, 6); (3, 4)",1; 2; 3; 5; 6,5,1,0,1,True
395,7,8,"(0, 1); (0, 3); (1, 2); (1, 3); (1, 4); (2, 4); (2, 5); (2, 6)",0; 1; 2; 3; 4,5,1,0,1,True
396,7,8,"(0, 3); (0, 4); (1, 3); (1, 4); (2, 3); (2, 4); (3, 6); (4, 5)",0; 1; 2; 3; 4,5,1,0,1,True
397,7,8,"(0, 1); (0, 4); (1, 2); (1, 4); (1, 5); (2, 4); (3, 6); (4, 5)",0; 1; 2; 4; 5,5,1,0,1,True
398,7,8,"(0, 1); (0, 2); (0, 5); (1, 2); (1, 4); (1, 6); (2, 3); (3, 4)",1; 3; 4,3,1,0,1,True
399,7,8,"(0, 1); (0, 3); (0, 4); (1, 3); (1, 4); (1, 6); (2, 6); (4, 5)",1; 3; 6,3,1,0,1,True
400,7,8,"(0, 1); (0, 3); (0, 4); (1, 3); (1, 4); (1, 6); (2, 4); (2, 5)",1; 2; 3,3,1,0,1,True
401,7,8,"(0, 1); (0, 2); (1, 2); (1, 4); (1, 6); (2, 3); (3, 4); (4, 5)",0; 1; 3,3,1,0,1,True
402,7,8,"(0, 1); (0, 2); (1, 2); (1, 4); (1, 6); (2, 3); (3, 4); (3, 5)",0; 1; 4,3,1,0,1,True
403,7,8,"(0, 3); (0, 4); (1, 3); (1, 4); (1, 5); (1, 6); (2, 6); (3, 4)",0; 1; 6,3,1,0,1,True
404,7,8,"(0, 1); (0, 2); (0, 4); (0, 5); (1, 2); (2, 3); (4, 5); (5, 6)",0; 1; 4,3,1,0,1,True
405,7,8,"(0, 3); (0, 4); (1, 3); (1, 4); (2, 3); (2, 4); (2, 6); (4, 5)",0; 1; 4,3,1,0,1,True
406,7,8,"(0, 1); (0, 4); (1, 2); (1, 4); (2, 3); (2, 5); (2, 6); (4, 5)",0; 2; 5,3,1,0,1,True
407,7,8,"(0, 1); (0, 6); (1, 2); (1, 6); (2, 3); (2, 6); (3, 6); (4, 5)",0; 3; 6,3,1,0,1,True
408,7,8,"(0, 1); (0, 3); (0, 4); (1, 2); (1, 3); (1, 4); (2, 5); (2, 6)",1; 3; 4,3,1,0,1,True
409,7,8,"(0, 1); (1, 2); (1, 6); (2, 3); (2, 6); (4, 5); (4, 6); (5, 6)",4; 5; 6,3,1,0,1,True
410,7,8,"(0, 1); (0, 2); (0, 4); (0, 5); (2, 3); (2, 5); (3, 6); (5, 6)",0; 3; 6,3,1,0,1,True
411,7,8,"(0, 3); (0, 4); (1, 3); (1, 4); (2, 3); (2, 4); (2, 5); (2, 6)",0; 1; 2,3,1,0,1,True
412,7,8,"(0, 1); (1, 2); (1, 3); (2, 3); (2, 6); (3, 4); (4, 5); (4, 6)",6,1,1,0,1,True
413,7,8,"(0, 1); (1, 5); (1, 6); (2, 3); (2, 5); (2, 6); (3, 4); (5, 6)",3,1,1,0,1,True
414,7,8,"(0, 1); (0, 4); (1, 2); (1, 4); (2, 3); (2, 5); (4, 5); (5, 6)",0,1,1,0,1,True
415,7,8,"(0, 3); (0, 4); (1, 2); (1, 3); (1, 4); (2, 5); (2, 6); (3, 4)",0,1,1,0,1,True
416,7,8,"(0, 3); (0, 4); (0, 6); (1, 3); (1, 4); (2, 3); (2, 4); (2, 5)",1,1,1,0,1,True
417,7,8,"(0, 1); (0, 3); (0, 4); (1, 3); (1, 4); (2, 3); (2, 4); (5, 6)",2,1,1,0,1,True
418,7,8,"(0, 1); (0, 4); (2, 3); (2, 5); (2, 6); (3, 5); (3, 6); (5, 6)",0,1,1,0,1,True
419,7,8,"(0, 3); (0, 4); (1, 2); (2, 3); (2, 4); (2, 5); (2, 6); (5, 6)",0; 3; 4; 5; 6,5,1,0,1,True
420,7,8,"(0, 1); (0, 2); (0, 4); (0, 5); (0, 6); (1, 2); (3, 6); (4, 5)",1; 2; 4; 5; 6,5,1,0,1,True
421,7,8,"(0, 1); (0, 2); (1, 2); (1, 4); (1, 6); (2, 3); (3, 5); (4, 5)",0; 1; 3; 4; 5,5,1,0,1,True
422,7,8,"(0, 1); (0, 2); (1, 2); (1, 4); (1, 6); (2, 3); (3, 4); (5, 6)",0; 1; 3; 4; 6,5,1,0,1,True
423,7,8,"(0, 1); (0, 5); (0, 6); (1, 2); (1, 5); (1, 6); (2, 3); (3, 4)",1; 2; 3; 5; 6,5,1,0,1,True
424,7,8,"(0, 3); (0, 4); (1, 2); (1, 4); (2, 4); (2, 6); (3, 4); (5, 6)",0; 1; 3; 4; 6,5,1,0,1,True
425,7,8,"(0, 1); (0, 2); (0, 3); (0, 5); (1, 5); (1, 6); (2, 4); (3, 4)",0; 2; 3; 4; 5,5,1,0,1,True
426,7,8,"(0, 1); (0, 4); (1, 4); (2, 4); (2, 5); (2, 6); (3, 4); (3, 5)",0; 1; 3; 4; 5,5,1,0,1,True
427,7,8,"(0, 1); (1, 2); (1, 4); (1, 5); (2, 3); (2, 6); (3, 4); (5, 6)",1; 3; 4; 5; 6,5,1,0,1,True
428,7,8,"(0, 1); (1, 2); (1, 5); (1, 6); (2, 3); (3, 4); (4, 5); (4, 6)",1; 2; 3; 5; 6,5,1,0,1,True
429,7,8,"(0, 1); (0, 4); (1, 4); (2, 4); (3, 4); (3, 5); (3, 6); (5, 6)",0; 1; 4; 5; 6,5,1,0,1,True
430,7,8,"(0, 2); (0, 3); (0, 5); (0, 6); (1, 4); (2, 4); (3, 6); (4, 5)",0; 2; 3; 5; 6,5,1,0,1,True
431,7,8,"(0, 3); (0, 4); (1, 3); (1, 4); (2, 3); (2, 4); (4, 5); (5, 6)",0; 1; 2; 4; 5,5,1,0,1,True
432,7,8,"(0, 1); (0, 4); (1, 2); (1, 4); (2, 5); (3, 6); (4, 5); (5, 6)",0; 2; 6,3,1,0,1,True
433,7,8,"(0, 1); (0, 2); (1, 2); (1, 4); (2, 3); (3, 5); (4, 5); (4, 6)",0; 3; 5,3,1,0,1,True
434,7,8,"(0, 4); (1, 2); (1, 4); (1, 5); (2, 3); (2, 6); (3, 4); (5, 6)",3; 5; 6,3,1,0,1,True
435,7,8,"(0, 5); (0, 6); (1, 2); (1, 5); (1, 6); (2, 3); (3, 4); (5, 6)",0; 2; 3,3,1,0,1,True
436,7,8,"(0, 1); (0, 4); (1, 4); (2, 6); (3, 4); (3, 5); (3, 6); (5, 6)",0; 1; 5,3,1,0,1,True
437,7,8,"(0, 1); (0, 5); (0, 6); (1, 2); (1, 5); (2, 3); (3, 4); (4, 5)",2; 3; 4,3,1,0,1,True
438,7,8,"(0, 1); (0, 5); (0, 6); (1, 2); (2, 3); (2, 4); (3, 4); (4, 5)",1; 3; 5,3,1,0,1,True
439,7,8,"(0, 1); (0, 2); (0, 5); (1, 2); (1, 4); (2, 3); (3, 4); (5, 6)",3; 4; 5,3,1,0,1,True
440,7,8,"(0, 4); (1, 2); (1, 5); (2, 3); (2, 4); (3, 6); (4, 5); (5, 6)",1; 3; 6,3,1,0,1,True
441,7,8,"(0, 3); (0, 5); (0, 6); (1, 2); (1, 5); (2, 3); (2, 4); (4, 5)",1; 3; 4,3,1,0,1,True
442,7,8,"(0, 3); (0, 4); (1, 3); (1, 4); (2, 3); (2, 4); (2, 5); (5, 6)",0; 1; 5,3,1,0,1,True
443,7,8,"(0, 1); (0, 4); (1, 4); (2, 4); (2, 6); (3, 4); (3, 5); (5, 6)",0; 1; 2; 3; 4; 5; 6,7,1,0,1,True
444,7,8,"(0, 1); (0, 5); (1, 6); (2, 3); (2, 6); (3, 4); (4, 6); (5, 6)",0; 1; 2; 3; 4; 5; 6,7,1,0,1,True
445,7,8,"(0, 1); (0, 4); (1, 2); (2, 3); (2, 5); (3, 6); (4, 5); (5, 6)",0; 1; 3; 4; 6,5,1,0,1,True
446,7,8,"(0, 1); (0, 5); (1, 2); (1, 6); (2, 3); (2, 6); (3, 4); (4, 5)",0; 3; 4; 5; 6,5,1,0,1,True
447,7,8,"(0, 3); (0, 4); (1, 2); (1, 3); (1, 4); (2, 5); (2, 6); (5, 6)",0; 3; 4; 5; 6,5,1,0,1,True
448,7,8,"(0, 1); (0, 5); (1, 2); (1, 6); (2, 3); (3, 4); (4, 5); (5, 6)",0; 2; 3; 4; 6,5,1,0,1,True
449,7,8,"(0, 1); (0, 5); (0, 6); (1, 2); (2, 3); (3, 4); (3, 6); (4, 5)",1; 2; 4; 5; 6,5,1,0,1,True
450,7,8,"(0, 1); (0, 4); (1, 4); (2, 3); (2, 5); (3, 5); (3, 6); (4, 6)",0; 1; 2; 5; 6,5,1,0,1,True
451,7,8,"(0, 1); (0, 3); (0, 4); (1, 3); (1, 4); (2, 5); (2, 6); (5, 6)",2; 3; 4; 5; 6,5,1,0,1,True
452,7,9,"(0, 1); (0, 3); (0, 4); (1, 2); (1, 3); (1, 4); (2, 3); (2, 4); (3, 4)",1; 3; 4; 5; 6,5,1,0,1,True
453,7,9,"(0, 1); (0, 2); (0, 3); (1, 2); (1, 3); (1, 5); (2, 3); (2, 4); (2, 5)",1; 5; 6,3,1,0,1,True
454,7,9,"(0, 1); (0, 2); (0, 3); (0, 4); (1, 2); (1, 3); (1, 5); (2, 3); (2, 5)",0; 1; 2; 5; 6,5,1,0,1,True
455,7,9,"(0, 1); (0, 3); (0, 4); (1, 2); (1, 4); (2, 3); (2, 4); (3, 4); (4, 5)",6,1,1,0,1,True
456,7,9,"(0, 2); (1, 2); (1, 3); (1, 4); (2, 3); (2, 5); (3, 4); (3, 5); (4, 5)",2; 3; 6,3,1,0,1,True
457,7,9,"(0, 1); (0, 2); (0, 3); (1, 2); (1, 3); (1, 5); (2, 3); (2, 5); (4, 5)",1; 2; 6,3,1,0,1,True
458,7,9,"(0, 4); (0, 5); (1, 4); (1, 5); (2, 4); (2, 5); (3, 4); (3, 5); (4, 5)",0; 1; 2; 3; 6,5,1,0,1,True
459,7,9,"(0, 1); (0, 2); (0, 3); (0, 4); (0, 5); (1, 2); (2, 3); (2, 5); (3, 4)",1; 2; 4; 5; 6,5,1,0,1,True
460,7,9,"(0, 1); (0, 2); (0, 4); (0, 5); (1, 2); (1, 3); (1, 4); (3, 4); (4, 5)",0; 1; 2; 3; 4; 5; 6,7,1,0,1,True
461,7,9,"(0, 1); (0, 2); (0, 5); (1, 2); (1, 3); (1, 4); (1, 5); (3, 4); (4, 5)",2; 3; 6,3,1,0,1,True
462,7,9,"(0, 1); (0, 2); (0, 3); (0, 4); (0, 5); (1, 2); (1, 3); (2, 3); (4, 5)",4; 5; 6,3,1,0,1,True
463,7,9,"(0, 1); (0, 3); (0, 4); (0, 5); (1, 2); (1, 5); (2, 3); (3, 4); (3, 5)",0; 2; 3; 4; 6,5,1,0,1,True
464,7,9,"(0, 2); (0, 3); (0, 4); (0, 5); (1, 2); (1, 3); (2, 3); (3, 4); (4, 5)",0; 1; 3; 5; 6,5,1,0,1,True
465,7,9,"(0, 2); (0, 3); (0, 5); (1, 2); (1, 3); (2, 3); (2, 4); (3, 4); (4, 5)",1; 2; 3; 5; 6,5,1,0,1,True
466,7,9,"(0, 1); (0, 2); (0, 4); (0, 5); (1, 2); (1, 5); (2, 3); (2, 5); (3, 4)",0; 2; 3; 4; 6,5,1,0,1,True
467,7,9,"(0, 2); (0, 4); (0, 5); (1, 4); (1, 5); (2, 4); (2, 5); (3, 4); (3, 5)",1; 3; 4; 5; 6,5,1,0,1,True
468,7,9,"(0, 1); (0, 4); (0, 5); (1, 2); (2, 3); (2, 5); (3, 4); (3, 5); (4, 5)",1; 5; 6,3,1,0,1,True
469,7,9,"(0, 1); (0, 3); (0, 4); (0, 5); (1, 2); (1, 5); (2, 3); (2, 5); (3, 4)",0; 4; 6,3,1,0,1,True
470,7,9,"(0, 1); (0, 3); (0, 5); (1, 2); (2, 3); (2, 4); (2, 5); (3, 4); (4, 5)",1; 2; 6,3,1,0,1,True
471,7,9,"(0, 1); (0, 2); (0, 3); (1, 4); (1, 5); (2, 3); (2, 5); (3, 4); (4, 5)",6,1,1,174,1,False
472,7,9,"(0, 1); (0, 3); (0, 5); (1, 2); (1, 4); (2, 3); (2, 5); (3, 4); (4, 5)",6,1,1,0,1,True
473,7,9,"(0, 1); (0, 2); (0, 3); (0, 4); (0, 5); (0, 6); (1, 2); (1, 3); (2, 3)",0,1,1,0,1,True
474,7,9,"(0, 1); (0, 2); (0, 3); (0, 4); (0, 5); (1, 2); (1, 3); (2, 3); (2, 6)",2,1,1,0,1,True
475,7,9,"(0, 1); (0, 2); (0, 3); (0, 4); (1, 2); (1, 3); (1, 6); (2, 3); (3, 5)",0; 1; 3,3,1,0,1,True
476,7,9,"(0, 1); (0, 2); (1, 2); (1, 3); (1, 4); (2, 3); (2, 4); (2, 5); (2, 6)",0; 1; 2; 3; 4,5,1,0,1,True
477,7,9,"(0, 1); (0, 2); (1, 2); (1, 3); (1, 4); (1, 6); (2, 3); (2, 4); (2, 5)",0; 3; 4,3,1,0,1,True
478,7,9,"(0, 1); (0, 4); (1, 2); (1, 3); (1, 4); (1, 5); (1, 6); (2, 3); (3, 4)",0; 1; 2,3,1,0,1,True
479,7,9,"(0, 1); (0, 4); (1, 2); (1, 3); (1, 4); (1, 5); (2, 3); (3, 4); (4, 6)",0; 2; 4,3,1,0,1,True
480,7,9,"(0, 1); (0, 2); (0, 4); (1, 2); (1, 3); (1, 5); (1, 6); (2, 3); (2, 5)",2; 3; 5,3,1,0,1,True
481,7,9,"(0, 1); (0, 4); (1, 2); (1, 3); (1, 4); (2, 3); (3, 4); (4, 5); (4, 6)",0; 1; 2,3,1,0,1,True
482,7,9,"(0, 1); (0, 4); (1, 2); (1, 3); (1, 4); (2, 3); (3, 4); (3, 6); (4, 5)",0; 1; 2; 3; 4,5,1,0,1,True
483,7,9,"(0, 1); (0, 2); (0, 4); (0, 6); (1, 2); (1, 3); (1, 5); (2, 3); (2, 5)",0; 1; 2; 3; 5,5,1,0,1,True
484,7,9,"(0, 1); (0, 4); (0, 5); (1, 2); (1, 3); (1, 4); (1, 6); (2, 3); (3, 4)",2,1,1,94,1,False
485,7,9,"(0, 2); (1, 2); (1, 4); (2, 3); (2, 5); (2, 6); (3, 4); (3, 5); (4, 5)",1,1,1,0,1,True
486,7,9,"(0, 1); (0, 2); (0, 3); (0, 4); (0, 6); (1, 3); (1, 5); (2, 3); (2, 5)",5,1,1,0,1,True
487,7,9,"(0, 1); (0, 2); (0, 3); (0, 4); (0, 5); (1, 2); (1, 3); (2, 3); (5, 6)",5,1,1,0,1,True
488,7,9,"(0, 1); (0, 4); (0, 5); (1, 2); (1, 3); (1, 4); (2, 3); (3, 4); (4, 6)",1; 2; 4,3,1,0,1,True
489,7,9,"(0, 1); (0, 4); (1, 2); (1, 3); (1, 4); (2, 3); (2, 6); (3, 4); (4, 5)",0; 1; 4,3,1,0,1,True
490,7,9,"(0, 2); (1, 2); (1, 4); (2, 3); (2, 5); (3, 4); (3, 5); (4, 5); (5, 6)",1; 2; 5,3,1,0,1,True
491,7,9,"(0, 1); (0, 2); (0, 3); (0, 4); (1, 2); (1, 3); (2, 3); (3, 6); (5, 6)",0; 3; 6,3,1,0,1,True
492,7,9,"(0, 1); (0, 4); (0, 5); (0, 6); (1, 2); (1, 3); (1, 4); (2, 3); (3, 4)",0; 1; 2,3,1,0,1,True
493,7,9,"(0, 1); (0, 3); (0, 4); (1, 2); (2, 3); (2, 4); (3, 4); (3, 6); (4, 5)",1; 3; 4,3,1,0,1,True
494,7,9,"(0, 1); (0, 2); (0, 4); (1, 2); (1, 3); (1, 5); (2, 3); (2, 5); (5, 6)",1; 2; 3,3,1,0,1,True
495,7,9,"(0, 2); (1, 2); (1, 4); (2, 3); (2, 5); (3, 4); (3, 5); (4, 5); (4, 6)",1; 2; 4,3,1,0,1,True
496,7,9,"(0, 1); (0, 2); (0, 3); (1, 2); (1, 3); (1, 5); (2, 3); (2, 5); (4, 6)",1; 2; 5,3,1,0,1,True
497,7,9,"(0, 1); (0, 4); (0, 5); (1, 2); (1, 3); (1, 4); (2, 3); (2, 6); (3, 4)",1,1,1,0,1,True
498,7,9,"(0, 1); (0, 2); (0, 3); (0, 4); (1, 3); (1, 5); (2, 3); (2, 5); (5, 6)",0,1,1,0,1,True
499,7,9,"(0, 1); (0, 2); (0, 3); (1, 3); (1, 5); (2, 3); (2, 5); (2, 6); (4, 5)",2,1,1,0,1,True
500,7,9,"(0, 1); (0, 2); (0, 4); (0, 6); (1, 3); (1, 5); (2, 3); (2, 5); (3, 5)",0,1,1,0,1,True
501,7,9,"(0, 1); (0, 2); (0, 3); (0, 5); (1, 2); (1, 3); (2, 3); (4, 5); (5, 6)",0,1,1,0,1,True
502,7,9,"(0, 1); (0, 3); (0, 4); (1, 2); (1, 4); (2, 3); (2, 4); (3, 4); (5, 6)",4,1,1,0,1,True
503,7,9,"(0, 4); (0, 5); (1, 3); (1, 4); (2, 3); (2, 4); (3, 4); (4, 5); (4, 6)",0; 1; 2; 4; 5,5,1,0,1,True
504,7,9,"(0, 1); (0, 2); (0, 4); (0, 5); (0, 6); (1, 2); (2, 3); (2, 5); (3, 4)",1; 2; 3; 4; 5,5,1,0,1,True
505,7,9,"(0, 4); (0, 5); (1, 3); (1, 4); (2, 3); (2, 4); (3, 4); (3, 6); (4, 5)",0; 1; 2; 3; 5,5,1,0,1,True
506,7,9,"(0, 1); (0, 2); (1, 2); (1, 3); (1, 4); (2, 3); (2, 4); (2, 5); (5, 6)",0; 1; 3; 4; 5,5,1,0,1,True
507,7,9,"(0, 4); (0, 5); (1, 4); (1, 5); (2, 4); (2, 5); (3, 4); (3, 5); (4, 6)",0; 1; 2; 3; 5,5,1,0,1,True
508,7,9,"(0, 1); (0, 5); (1, 2); (2, 3); (2, 4); (2, 5); (2, 6); (3, 4); (4, 5)",0; 1; 3,3,1,0,1,True
509,7,9,"(0, 1); (0, 4); (1, 2); (1, 3); (1, 4); (1, 6); (2, 3); (3, 4); (5, 6)",0; 2; 6,3,1,0,1,True
510,7,9,"(0, 4); (0, 5); (1, 3); (1, 4); (2, 3); (2, 4); (2, 6); (3, 4); (4, 5)",0; 1; 5,3,1,0,1,True
511,7,9,"(0, 4); (0, 5); (0, 6); (1, 3); (1, 4); (2, 3); (2, 4); (3, 4); (4, 5)",1; 2; 5,3,1,0,1,True
512,7,9,"(0, 1); (0, 2); (0, 5); (1, 2); (1, 3); (1, 4); (1, 6); (3, 6); (5, 6)",2; 3; 5,3,1,0,1,True
513,7,9,"(0, 1); (0, 3); (0, 4); (0, 5); (0, 6); (1, 2); (2, 3); (2, 5); (3, 4)",1; 4; 5,3,1,0,1,True
514,7,9,"(0, 4); (0, 5); (1, 2); (1, 3); (1, 4); (2, 3); (2, 4); (4, 5); (4, 6)",0; 3; 5,3,1,0,1,True
515,7,9,"(0, 1); (0, 4); (1, 2); (1, 3); (1, 4); (2, 3); (3, 4); (4, 5); (5, 6)",0; 1; 2; 4; 5,5,1,0,1,True
516,7,9,"(0, 1); (0, 5); (1, 2); (2, 3); (2, 4); (2, 5); (3, 4); (4, 5); (4, 6)",0; 1; 2; 3; 4,5,1,0,1,True
517,7,9,"(0, 1); (0, 5); (1, 2); (2, 3); (2, 4); (2, 5); (3, 4); (4, 5); (5, 6)",0; 1; 2; 3; 5,5,1,0,1,True
518,7,9,"(0, 1); (0, 2); (0, 4); (0, 5); (1, 2); (1, 3); (1, 6); (3, 6); (5, 6)",0; 1; 2; 3; 5,5,1,0,1,True
519,7,9,"(0, 1); (0, 2); (0, 4); (0, 5); (1, 2); (1, 6); (2, 3); (2, 5); (3, 4)",0; 2; 3; 4; 5,5,1,0,1,True
520,7,9,"(0, 1); (0, 2); (0, 4); (0, 5); (1, 2); (2, 3); (2, 5); (3, 4); (4, 6)",0; 1; 2; 3; 5,5,1,0,1,True
521,7,9,"(0, 4); (0, 5); (1, 2); (1, 3); (1, 4); (2, 3); (2, 4); (2, 6); (4, 5)",0; 2; 3; 4; 5,5,1,0,1,True
522,7,9,"(0, 1); (0, 3); (0, 4); (0, 5); (1, 2); (2, 3); (2, 5); (3, 4); (3, 6)",0; 1; 3; 4; 5,5,1,0,1,True
523,7,9,"(0, 1); (0, 3); (0, 4); (0, 5); (1, 2); (2, 3); (2, 5); (2, 6); (3, 4)",0; 1; 2; 4; 5,5,1,0,1,True
524,7,9,"(0, 1); (0, 2); (0, 6); (1, 2); (1, 3); (1, 5); (2, 3); (2, 5); (4, 6)",1; 2; 3; 5; 6,5,1,0,1,True
525,7,9,"(0, 4); (0, 5); (1, 4); (1, 5); (1, 6); (2, 4); (2, 5); (3, 4); (3, 5)",0; 2; 3; 4; 5,5,1,0,1,True
526,7,9,"(0, 1); (0, 4); (0, 5); (1, 2); (1, 3); (1, 4); (2, 3); (3, 4); (5, 6)",1; 2; 5,3,1,0,1,True
527,7,9,"(0, 1); (0, 5); (1, 2); (1, 6); (2, 3); (2, 4); (2, 5); (3, 4); (4, 5)",0; 2; 3,3,1,0,1,True
528,7,9,"(0, 1); (0, 5); (0, 6); (1, 2); (2, 3); (2, 4); (2, 5); (3, 4); (4, 5)",1; 2; 3,3,1,0,1,True
529,7,9,"(0, 1); (0, 5); (1, 2); (2, 3); (2, 4); (2, 5); (3, 4); (3, 6); (4, 5)",0; 1; 2,3,1,0,1,True
530,7,9,"(0, 1); (0, 2); (0, 5); (1, 2); (1, 3); (1, 6); (2, 4); (3, 6); (5, 6)",1; 3; 5,3,1,0,1,True
531,7,9,"(0, 1); (0, 4); (1, 2); (1, 5); (2, 3); (3, 4); (3, 5); (3, 6); (4, 5)",0; 2; 3,3,1,0,1,True
532,7,9,"(0, 1); (0, 3); (0, 4); (0, 5); (1, 2); (1, 6); (2, 3); (2, 5); (3, 4)",0; 4; 5,3,1,0,1,True
533,7,9,"(0, 1); (0, 5); (1, 2); (1, 5); (2, 3); (2, 4); (3, 4); (4, 5); (4, 6)",0; 3; 4,3,1,0,1,True
534,7,9,"(0, 1); (0, 2); (0, 3); (0, 6); (1, 3); (1, 5); (2, 3); (2, 5); (4, 6)",0; 5; 6,3,1,0,1,True
535,7,9,"(0, 1); (0, 4); (0, 5); (1, 2); (1, 5); (1, 6); (2, 3); (2, 5); (3, 4)",1; 3; 4,3,1,0,1,True
536,7,9,"(0, 4); (0, 5); (0, 6); (1, 2); (1, 3); (1, 4); (2, 3); (2, 4); (4, 5)",3; 4; 5,3,1,0,1,True
537,7,9,"(0, 6); (1, 2); (1, 4); (2, 3); (2, 5); (2, 6); (3, 4); (3, 5); (4, 5)",1; 2; 6,3,1,0,1,True
538,7,9,"(0, 1); (0, 4); (0, 5); (0, 6); (1, 2); (1, 5); (2, 3); (2, 5); (3, 4)",0; 3; 4,3,1,0,1,True
539,7,9,"(0, 1); (0, 4); (1, 2); (1, 5); (2, 3); (3, 4); (3, 5); (4, 5); (5, 6)",0; 2; 5,3,1,0,1,True
540,7,9,"(0, 1); (0, 3); (0, 4); (0, 5); (1, 2); (2, 3); (2, 5); (3, 4); (4, 6)",0; 1; 5,3,1,0,1,True
541,7,9,"(0, 1); (0, 2); (0, 5); (1, 2); (1, 3); (1, 6); (3, 6); (4, 5); (5, 6)",1; 2; 3,3,1,0,1,True
542,7,9,"(0, 1); (0, 5); (1, 2); (1, 4); (2, 3); (2, 5); (3, 4); (4, 5); (5, 6)",0; 3; 5,3,1,0,1,True
543,7,9,"(0, 1); (0, 4); (1, 2); (1, 5); (1, 6); (2, 3); (3, 4); (3, 5); (4, 5)",0; 1; 2,3,1,0,1,True
544,7,9,"(0, 4); (0, 5); (1, 2); (1, 3); (1, 4); (2, 3); (2, 4); (3, 6); (4, 5)",0; 4; 5,3,1,0,1,True
545,7,9,"(0, 1); (0, 2); (0, 3); (0, 5); (1, 2); (1, 3); (2, 3); (4, 5); (4, 6)",0; 4; 5,3,1,0,1,True
546,7,9,"(0, 1); (0, 4); (0, 6); (1, 2); (1, 5); (2, 3); (3, 4); (3, 5); (4, 5)",2,1,1,0,1,True
547,7,9,"(0, 1); (0, 4); (0, 5); (1, 2); (1, 5); (2, 3); (2, 5); (3, 4); (4, 6)",3,1,1,0,1,True
548,7,9,"(0, 1); (0, 5); (0, 6); (1, 2); (1, 5); (2, 3); (2, 4); (3, 4); (4, 5)",3,1,1,94,1,False
549,7,9,"(0, 1); (0, 2); (0, 6); (1, 3); (1, 5); (2, 3); (2, 5); (3, 5); (4, 6)",6,1,1,0,1,True
550,7,9,"(0, 1); (0, 5); (0, 6); (1, 2); (1, 4); (2, 3); (2, 5); (3, 4); (4, 5)",3,1,1,0,1,True
551,7,9,"(0, 5); (0, 6); (1, 2); (1, 6); (2, 6); (3, 4); (3, 6); (4, 6); (5, 6)",0; 1; 2; 3; 4; 5; 6,7,1,0,1,True
552,7,9,"(0, 1); (0, 2); (1, 2); (1, 4); (2, 3); (2, 5); (2, 6); (3, 4); (5, 6)",0; 3; 4; 5; 6,5,1,0,1,True
553,7,9,"(0, 4); (0, 6); (1, 3); (1, 4); (2, 3); (2, 4); (3, 4); (4, 5); (5, 6)",0; 1; 2; 5; 6,5,1,0,1,True
554,7,9,"(0, 4); (0, 5); (1, 3); (1, 4); (2, 3); (2, 4); (3, 6); (4, 5); (4, 6)",0; 1; 2; 5; 6,5,1,0,1,True
555,7,9,"(0, 2); (0, 5); (1, 2); (1, 4); (2, 3); (2, 5); (3, 6); (4, 5); (5, 6)",0; 1; 2; 3; 4; 5; 6,7,1,0,1,True
556,7,9,"(0, 4); (0, 5); (1, 3); (1, 4); (2, 3); (2, 5); (4, 5); (4, 6); (5, 6)",0; 1; 2; 3; 4; 5; 6,7,1,0,1,True
557,7,9,"(0, 1); (0, 2); (1, 2); (2, 3); (2, 6); (3, 4); (3, 5); (3, 6); (4, 5)",0; 1; 2; 3; 4; 5; 6,7,1,0,1,True
558,7,9,"(0, 2); (0, 5); (1, 2); (1, 5); (2, 3); (2, 4); (3, 6); (4, 5); (5, 6)",0; 1; 2; 3; 4; 5; 6,7,1,0,1,True
559,7,9,"(0, 1); (0, 6); (1, 2); (1, 3); (1, 4); (2, 3); (3, 4); (4, 5); (5, 6)",0; 1; 2; 5; 6,5,1,0,1,True
560,7,9,"(0, 1); (0, 4); (0, 6); (1, 2); (1, 5); (1, 6); (2, 3); (3, 4); (4, 5)",1; 2; 3; 5; 6,5,1,0,1,True
561,7,9,"(0, 1); (0, 4); (1, 2); (1, 4); (1, 5); (2, 3); (2, 6); (3, 4); (5, 6)",0; 1; 3; 5; 6,5,1,0,1,True
562,7,9,"(0, 1); (0, 2); (1, 2); (1, 4); (2, 3); (3, 4); (3, 5); (3, 6); (5, 6)",0; 3; 4; 5; 6,5,1,0,1,True
563,7,9,"(0, 1); (0, 2); (0, 4); (0, 5); (1, 2); (2, 3); (3, 6); (4, 5); (5, 6)",0; 1; 3; 4; 6,5,1,0,1,True
564,7,9,"(0, 1); (0, 4); (0, 6); (1, 2); (1, 5); (1, 6); (2, 3); (3, 4); (3, 5)",1; 2; 4; 5; 6,5,1,0,1,True
565,7,9,"(0, 1); (0, 2); (0, 4); (1, 5); (2, 3); (2, 5); (3, 6); (4, 5); (5, 6)",1; 3; 4; 5; 6,5,1,0,1,True
566,7,9,"(0, 1); (0, 5); (1, 2); (1, 4); (2, 3); (2, 4); (3, 6); (4, 5); (4, 6)",0; 3; 4; 5; 6,5,1,0,1,True
567,7,9,"(0, 1); (0, 3); (0, 4); (1, 2); (1, 3); (1, 4); (2, 5); (2, 6); (5, 6)",1; 3; 4; 5; 6,5,1,0,1,True
568,7,9,"(0, 5); (0, 6); (1, 3); (1, 4); (1, 5); (1, 6); (2, 3); (2, 4); (5, 6)",0; 1; 2; 3; 4,5,1,0,1,True
569,7,9,"(0, 1); (0, 2); (0, 4); (0, 5); (1, 4); (2, 3); (2, 5); (3, 6); (5, 6)",0; 1; 3; 4; 6,5,1,0,1,True
570,7,9,"(0, 3); (0, 4); (1, 3); (1, 4); (2, 3); (2, 4); (2, 5); (2, 6); (5, 6)",0; 1; 2; 5; 6,5,1,0,1,True
571,7,9,"(0, 1); (0, 2); (0, 5); (0, 6); (1, 4); (2, 3); (3, 4); (3, 6); (4, 5)",0; 1; 2; 5; 6,5,1,0,1,True
572,7,9,"(0, 1); (0, 5); (0, 6); (1, 2); (1, 6); (2, 3); (3, 4); (3, 6); (4, 5)",2; 4; 5,3,1,0,1,True
573,7,9,"(0, 1); (0, 3); (0, 6); (1, 2); (1, 4); (2, 3); (3, 5); (4, 5); (4, 6)",2; 5; 6,3,1,0,1,True
574,7,9,"(0, 1); (0, 4); (1, 2); (1, 4); (2, 3); (2, 5); (3, 6); (4, 5); (5, 6)",0; 3; 6,3,1,0,1,True
575,7,9,"(0, 1); (0, 4); (0, 5); (1, 2); (1, 4); (2, 6); (3, 5); (3, 6); (5, 6)",2; 3; 4,3,1,0,1,True
576,7,9,"(0, 3); (0, 4); (1, 2); (1, 3); (1, 4); (2, 5); (2, 6); (3, 4); (5, 6)",0; 5; 6,3,1,0,1,True
577,7,9,"(0, 1); (0, 5); (0, 6); (1, 2); (1, 6); (2, 3); (3, 4); (4, 5); (5, 6)",2; 3; 4,3,1,0,1,True
578,7,9,"(0, 1); (0, 3); (0, 4); (1, 2); (2, 3); (2, 4); (3, 6); (4, 5); (5, 6)",1; 5; 6,3,1,0,1,True
579,7,9,"(0, 1); (0, 5); (1, 2); (1, 6); (2, 3); (2, 4); (3, 4); (4, 5); (5, 6)",0; 3; 6,3,1,0,1,True
580,7,9,"(0, 1); (0, 4); (1, 2); (1, 6); (2, 3); (3, 4); (3, 5); (4, 5); (5, 6)",0; 2; 6,3,1,0,1,True
581,7,9,"(0, 1); (0, 5); (0, 6); (1, 2); (2, 3); (2, 6); (3, 4); (4, 5); (4, 6)",1; 3; 5,3,1,0,1,True
582,7,9,"(0, 3); (0, 4); (1, 2); (1, 5); (1, 6); (2, 5); (2, 6); (3, 4); (5, 6)",0; 3; 4,3,1,0,1,True
583,7,10,"(0, 1); (0, 2); (0, 3); (0, 4); (1, 2); (1, 3); (1, 4); (2, 3); (2, 4); (3, 4)",0; 1; 2; 3; 4; 5; 6,7,1,0,1,True
584,7,10,"(0, 1); (0, 3); (0, 4); (1, 2); (1, 3); (1, 4); (2, 3); (2, 4); (3, 4); (4, 5)",1; 3; 6,3,1,0,1,True
585,7,10,"(0, 1); (0, 3); (0, 4); (0, 5); (1, 2); (1, 3); (1, 4); (2, 3); (2, 4); (3, 4)",0; 1; 3; 4; 6,5,1,0,1,True
586,7,10,"(0, 1); (0, 4); (0, 5); (1, 4); (1, 5); (2, 4); (2, 5); (3, 4); (3, 5); (4, 5)",2; 3; 6,3,1,0,1,True
587,7,10,"(0, 1); (0, 4); (1, 2); (1, 3); (1, 4); (1, 5); (2, 3); (3, 4); (3, 5); (4, 5)",0; 2; 3; 4; 6,5,1,0,1,True
588,7,10,"(0, 2); (0, 3); (0, 4); (0, 5); (1, 2); (1, 3); (2, 3); (2, 4); (3, 4); (4, 5)",0; 1; 2; 3; 4; 5; 6,7,1,0,1,True
589,7,10,"(0, 1); (0, 4); (0, 5); (1, 2); (1, 3); (1, 4); (1, 5); (2, 3); (3, 4); (4, 5)",2; 4; 6,3,1,0,1,True
590,7,10,"(0, 2); (0, 3); (0, 5); (1, 2); (1, 3); (2, 3); (2, 4); (2, 5); (3, 4); (4, 5)",1; 3; 6,3,1,0,1,True
591,7,10,"(0, 1); (0, 2); (0, 4); (0, 5); (1, 2); (1, 4); (1, 5); (2, 3); (2, 5); (3, 4)",0; 1; 2; 3; 6,5,1,0,1,True
592,7,10,"(0, 1); (0, 3); (0, 4); (0, 5); (1, 2); (1, 5); (2, 3); (2, 5); (3, 4); (3, 5)",0; 3; 4; 5; 6,5,1,0,1,True
593,7,10,"(0, 1); (0, 2); (1, 3); (1, 4); (1, 5); (2, 3); (2, 4); (2, 5); (3, 5); (4, 5)",0; 1; 2; 5; 6,5,1,0,1,True
594,7,10,"(0, 1); (0, 4); (0, 5); (1, 2); (1, 5); (2, 3); (2, 5); (3, 4); (3, 5); (4, 5)",6,1,1,187,1,False
595,7,10,"(0, 1); (0, 2); (0, 5); (1, 2); (1, 3); (1, 5); (2, 3); (2, 4); (3, 4); (4, 5)",1; 2; 6,3,1,0,1,True
596,7,10,"(0, 1); (0, 2); (0, 3); (1, 2); (1, 4); (1, 5); (2, 4); (2, 5); (3, 4); (3, 5)",1; 2; 6,3,1,0,1,True
597,7,10,"(0, 1); (0, 2); (0, 5); (1, 2); (1, 3); (1, 4); (2, 5); (3, 4); (3, 5); (4, 5)",1; 5; 6,3,1,0,1,True
598,7,10,"(0, 1); (0, 2); (0, 3); (1, 2); (1, 3); (1, 5); (2, 3); (2, 4); (2, 5); (2, 6)",1; 2; 5,3,1,0,1,True
599,7,10,"(0, 1); (0, 2); (0, 3); (1, 2); (1, 3); (1, 5); (1, 6); (2, 3); (2, 4); (2, 5)",5,1,1,0,1,True
600,7,10,"(0, 1); (0, 2); (0, 3); (0, 4); (1, 2); (1, 3); (1, 5); (1, 6); (2, 3); (2, 5)",0; 2; 5,3,1,0,1,True
601,7,10,"(0, 1); (0, 2); (0, 3); (0, 4); (0, 6); (1, 2); (1, 3); (1, 5); (2, 3); (2, 5)",1; 2; 5,3,1,0,1,True
602,7,10,"(0, 1); (0, 2); (0, 3); (0, 4); (1, 2); (1, 3); (1, 5); (2, 3); (2, 5); (3, 6)",0; 1; 2; 3; 5,5,1,0,1,True
603,7,10,"(0, 1); (0, 3); (0, 4); (1, 2); (1, 4); (2, 3); (2, 4); (3, 4); (4, 5); (4, 6)",4,1,1,0,1,True
604,7,10,"(0, 2); (1, 2); (1, 3); (1, 4); (2, 3); (2, 5); (3, 4); (3, 5); (3, 6); (4, 5)",2,1,1,0,1,True
605,7,10,"(0, 1); (0, 2); (0, 3); (1, 2); (1, 3); (1, 5); (2, 3); (2, 5); (2, 6); (4, 5)",1,1,1,0,1,True
606,7,10,"(0, 2); (1, 2); (1, 3); (1, 4); (2, 3); (2, 5); (2, 6); (3, 4); (3, 5); (4, 5)",3,1,1,0,1,True
607,7,10,"(0, 1); (0, 2); (0, 4); (0, 5); (1, 2); (1, 4); (2, 3); (2, 5); (4, 5); (5, 6)",0; 2; 5,3,1,0,1,True
608,7,10,"(0, 1); (0, 2); (0, 3); (0, 4); (1, 2); (1, 3); (1, 5); (2, 3); (2, 5); (5, 6)",0; 1; 2,3,1,0,1,True
609,7,10,"(0, 2); (1, 2); (1, 3); (1, 4); (2, 3); (2, 5); (3, 4); (3, 5); (4, 5); (4, 6)",2; 3; 4,3,1,0,1,True
610,7,10,"(0, 1); (0, 2); (0, 3); (1, 2); (1, 3); (1, 5); (2, 3); (2, 5); (4, 5); (5, 6)",1; 2; 5,3,1,0,1,True
611,7,10,"(0, 1); (0, 3); (0, 4); (1, 2); (1, 3); (1, 4); (2, 3); (2, 4); (3, 4); (5, 6)",1; 3; 4,3,1,0,1,True
612,7,10,"(0, 4); (0, 5); (1, 4); (1, 5); (2, 4); (2, 5); (3, 4); (3, 5); (4, 5); (5, 6)",0; 1; 2; 3; 5,5,1,0,1,True
613,7,10,"(0, 1); (0, 2); (0, 3); (0, 4); (0, 5); (0, 6); (1, 2); (2, 3); (2, 5); (3, 4)",0; 1; 2; 4; 5,5,1,0,1,True
614,7,10,"(0, 1); (0, 2); (0, 3); (0, 4); (0, 5); (1, 2); (2, 3); (2, 5); (2, 6); (3, 4)",1; 4; 5,3,1,0,1,True
615,7,10,"(0, 4); (0, 5); (1, 4); (1, 5); (1, 6); (2, 4); (2, 5); (3, 4); (3, 5); (4, 5)",0; 2; 3,3,1,0,1,True
616,7,10,"(0, 1); (0, 2); (0, 3); (0, 4); (0, 5); (1, 2); (2, 3); (2, 5); (3, 4); (3, 6)",1; 2; 3; 4; 5,5,1,0,1,True
617,7,10,"(0, 1); (0, 2); (0, 4); (0, 5); (0, 6); (1, 2); (1, 3); (1, 4); (3, 4); (4, 5)",1; 2; 3; 4; 5,5,1,0,1,True
618,7,10,"(0, 1); (0, 2); (0, 5); (1, 2); (1, 3); (1, 4); (1, 5); (1, 6); (3, 4); (4, 5)",1; 2; 3,3,1,0,1,True
619,7,10,"(0, 1); (0, 2); (0, 3); (0, 4); (0, 5); (0, 6); (1, 2); (1, 3); (2, 3); (4, 5)",0; 4; 5,3,1,0,1,True
620,7,10,"(0, 1); (0, 3); (0, 4); (0, 5); (1, 2); (1, 5); (2, 3); (3, 4); (3, 5); (3, 6)",0; 2; 4,3,1,0,1,True
621,7,10,"(0, 1); (0, 2); (0, 3); (0, 4); (0, 5); (1, 2); (2, 3); (2, 5); (3, 4); (5, 6)",1; 2; 4,3,1,0,1,True
622,7,10,"(0, 2); (0, 3); (0, 4); (0, 5); (1, 2); (1, 3); (2, 3); (3, 4); (3, 6); (4, 5)",0; 1; 5,3,1,0,1,True
623,7,10,"(0, 1); (0, 2); (0, 5); (0, 6); (1, 2); (1, 3); (1, 4); (1, 5); (3, 4); (4, 5)",0; 2; 3,3,1,0,1,True
624,7,10,"(0, 2); (0, 4); (0, 5); (1, 4); (1, 5); (2, 3); (2, 4); (2, 5); (2, 6); (3, 5)",1; 3; 5,3,1,0,1,True
625,7,10,"(0, 1); (0, 2); (0, 3); (1, 2); (1, 3); (1, 5); (2, 3); (2, 5); (2, 6); (4, 6)",1; 5; 6,3,1,0,1,True
626,7,10,"(0, 1); (0, 2); (0, 4); (0, 5); (1, 2); (1, 5); (2, 3); (2, 5); (2, 6); (3, 4)",0; 3; 4,3,1,0,1,True
627,7,10,"(0, 1); (0, 2); (0, 5); (1, 2); (1, 3); (1, 4); (1, 5); (3, 4); (4, 5); (5, 6)",2; 3; 5,3,1,0,1,True
628,7,10,"(0, 1); (0, 2); (0, 3); (0, 4); (0, 5); (1, 2); (2, 3); (2, 5); (3, 4); (4, 6)",1; 2; 5,3,1,0,1,True
629,7,10,"(0, 2); (0, 3); (0, 5); (1, 2); (1, 3); (2, 3); (2, 4); (3, 4); (3, 6); (4, 5)",1; 2; 5,3,1,0,1,True
630,7,10,"(0, 1); (0, 2); (0, 3); (0, 4); (0, 5); (1, 2); (1, 3); (2, 3); (2, 6); (4, 5)",2; 4; 5,3,1,0,1,True
631,7,10,"(0, 2); (0, 4); (0, 5); (1, 4); (1, 5); (2, 4); (2, 5); (3, 4); (3, 5); (5, 6)",1; 3; 4,3,1,0,1,True
632,7,10,"(0, 2); (0, 3); (0, 4); (0, 5); (1, 2); (1, 3); (2, 3); (2, 6); (3, 4); (4, 5)",0; 1; 2; 3; 5,5,1,0,1,True
633,7,10,"(0, 2); (0, 4); (0, 5); (0, 6); (1, 4); (1, 5); (2, 3); (2, 4); (2, 5); (3, 5)",0; 1; 2; 3; 5,5,1,0,1,True
634,7,10,"(0, 1); (0, 3); (0, 4); (0, 5); (1, 2); (1, 5); (1, 6); (2, 3); (3, 4); (3, 5)",0; 1; 2; 3; 4,5,1,0,1,True
635,7,10,"(0, 2); (0, 3); (0, 5); (1, 2); (1, 3); (2, 3); (2, 4); (3, 4); (4, 5); (4, 6)",1; 2; 3; 4; 5,5,1,0,1,True
636,7,10,"(0, 1); (0, 2); (0, 3); (0, 6); (1, 2); (1, 3); (1, 5); (2, 3); (2, 5); (4, 6)",0; 1; 2; 5; 6,5,1,0,1,True
637,7,10,"(0, 1); (0, 2); (0, 4); (0, 5); (1, 2); (1, 5); (2, 3); (2, 5); (3, 4); (5, 6)",0; 2; 3; 4; 5,5,1,0,1,True
638,7,10,"(0, 1); (0, 2); (0, 4); (0, 5); (1, 2); (1, 3); (1, 4); (3, 4); (4, 5); (5, 6)",0; 1; 2; 3; 4,5,1,0,1,True
639,7,10,"(0, 2); (0, 4); (0, 5); (0, 6); (1, 4); (1, 5); (2, 4); (2, 5); (3, 4); (3, 5)",0; 1; 3; 4; 5,5,1,0,1,True
640,7,10,"(0, 1); (0, 2); (0, 5); (1, 2); (1, 3); (1, 4); (1, 5); (2, 6); (3, 4); (4, 5)",3,1,1,0,1,True
641,7,10,"(0, 1); (0, 3); (0, 5); (1, 2); (2, 3); (2, 4); (2, 5); (2, 6); (3, 4); (4, 5)",1,1,1,0,1,True
642,7,10,"(0, 1); (0, 4); (0, 5); (1, 2); (2, 3); (2, 5); (3, 4); (3, 5); (4, 5); (5, 6)",1,1,1,0,1,True
643,7,10,"(0, 1); (0, 3); (0, 4); (0, 5); (0, 6); (1, 2); (1, 5); (2, 3); (2, 5); (3, 4)",4,1,1,0,1,True
644,7,10,"(0, 1); (0, 2); (0, 3); (0, 4); (0, 5); (1, 2); (1, 3); (2, 3); (4, 5); (5, 6)",4,1,1,0,1,True
645,7,10,"(0, 1); (0, 3); (0, 4); (1, 2); (1, 4); (2, 3); (2, 4); (3, 4); (4, 6); (5, 6)",6,1,1,0,1,True
646,7,10,"(0, 2); (0, 3); (0, 4); (0, 5); (1, 2); (1, 3); (1, 6); (2, 3); (3, 4); (4, 5)",0; 3; 5,3,1,0,1,True
647,7,10,"(0, 1); (0, 3); (0, 4); (0, 5); (1, 2); (1, 5); (2, 3); (3, 4); (3, 5); (4, 6)",0; 2; 3,3,1,0,1,True
648,7,10,"(0, 1); (0, 4); (0, 5); (1, 2); (2, 3); (2, 5); (3, 4); (3, 5); (4, 5); (4, 6)",1; 4; 5,3,1,0,1,True
649,7,10,"(0, 1); (0, 3); (0, 4); (0, 5); (1, 2); (1, 5); (2, 3); (2, 6); (3, 4); (3, 5)",0; 3; 4,3,1,0,1,True
650,7,10,"(0, 1); (0, 4); (0, 5); (0, 6); (1, 2); (2, 3); (2, 5); (3, 4); (3, 5); (4, 5)",0; 1; 5,3,1,0,1,True
651,7,10,"(0, 1); (0, 3); (0, 5); (1, 2); (2, 3); (2, 4); (2, 5); (3, 4); (4, 5); (5, 6)",1; 2; 5,3,1,0,1,True
652,7,10,"(0, 1); (0, 3); (0, 4); (0, 5); (1, 2); (1, 5); (1, 6); (2, 3); (2, 5); (3, 4)",0; 1; 4,3,1,0,1,True
653,7,10,"(0, 1); (0, 2); (0, 4); (0, 5); (1, 2); (1, 5); (2, 3); (2, 5); (3, 4); (3, 6)",0; 2; 4,3,1,0,1,True
654,7,10,"(0, 6); (1, 2); (1, 3); (1, 4); (2, 3); (2, 5); (2, 6); (3, 4); (3, 5); (4, 5)",2; 3; 6,3,1,0,1,True
655,7,10,"(0, 1); (1, 2); (1, 5); (1, 6); (2, 3); (2, 5); (2, 6); (3, 4); (4, 5); (4, 6)",1; 2; 3,3,1,0,1,True
656,7,10,"(0, 1); (0, 3); (0, 5); (0, 6); (1, 2); (2, 3); (2, 4); (2, 5); (3, 4); (4, 5)",0; 1; 2,3,1,0,1,True
657,7,10,"(0, 1); (0, 3); (0, 4); (0, 5); (1, 2); (1, 5); (2, 3); (2, 5); (3, 4); (3, 6)",0; 3; 4,3,1,0,1,True
658,7,10,"(0, 1); (0, 3); (0, 4); (0, 5); (1, 2); (1, 5); (2, 3); (2, 5); (2, 6); (3, 4)",0; 2; 4,3,1,0,1,True
659,7,10,"(0, 1); (0, 2); (0, 3); (1, 2); (1, 3); (1, 5); (2, 3); (2, 5); (4, 6); (5, 6)",1; 2; 6,3,1,0,1,True
660,7,10,"(0, 2); (0, 3); (0, 5); (1, 2); (1, 3); (1, 6); (2, 3); (2, 4); (3, 4); (4, 5)",2; 3; 5,3,1,0,1,True
661,7,10,"(0, 2); (0, 3); (0, 5); (1, 2); (1, 3); (2, 3); (2, 4); (3, 4); (4, 5); (5, 6)",1; 2; 3,3,1,0,1,True
662,7,10,"(0, 2); (0, 4); (0, 5); (1, 4); (1, 5); (1, 6); (2, 4); (2, 5); (3, 4); (3, 5)",3; 4; 5,3,1,0,1,True
663,7,10,"(0, 1); (0, 4); (0, 5); (1, 2); (1, 6); (2, 3); (2, 5); (3, 4); (3, 5); (4, 5)",5,1,1,94,1,False
664,7,10,"(0, 1); (0, 3); (0, 5); (1, 2); (1, 6); (2, 3); (2, 4); (2, 5); (3, 4); (4, 5)",2,1,1,0,1,True
665,7,10,"(0, 1); (0, 3); (0, 4); (0, 5); (1, 2); (1, 5); (2, 3); (2, 5); (3, 4); (4, 6)",0,1,1,0,1,True
666,7,10,"(0, 1); (0, 2); (0, 3); (1, 4); (1, 5); (2, 3); (2, 5); (3, 4); (4, 5); (4, 6)",4,1,1,187,1,False
667,7,10,"(0, 1); (0, 3); (0, 5); (0, 6); (1, 2); (1, 4); (2, 3); (2, 5); (3, 4); (4, 5)",0,1,1,0,1,True
668,7,10,"(0, 1); (0, 4); (0, 5); (0, 6); (1, 2); (1, 3); (1, 4); (1, 5); (1, 6); (2, 3)",0; 1; 2; 3; 4; 5; 6,7,1,0,1,True
669,7,10,"(0, 2); (0, 5); (1, 2); (1, 5); (2, 3); (2, 4); (2, 5); (3, 6); (4, 5); (5, 6)",0; 1; 3; 4; 6,5,1,0,1,True
670,7,10,"(0, 2); (0, 3); (0, 4); (0, 5); (0, 6); (1, 2); (1, 3); (1, 4); (1, 5); (1, 6)",2; 3; 4; 5; 6,5,1,0,1,True
671,7,10,"(0, 5); (0, 6); (1, 2); (1, 6); (2, 6); (3, 4); (3, 6); (4, 5); (4, 6); (5, 6)",0; 1; 2; 3; 6,5,1,0,1,True
672,7,10,"(0, 1); (0, 5); (0, 6); (1, 6); (2, 3); (2, 6); (3, 4); (3, 6); (4, 6); (5, 6)",1; 2; 4; 5; 6,5,1,0,1,True
673,7,10,"(0, 1); (0, 2); (0, 5); (1, 2); (1, 4); (1, 6); (2, 3); (2, 5); (2, 6); (3, 4)",1; 3; 4; 5; 6,5,1,0,1,True
674,7,10,"(0, 1); (0, 2); (0, 5); (0, 6); (1, 2); (1, 4); (2, 3); (2, 5); (2, 6); (3, 4)",0; 3; 4; 5; 6,5,1,0,1,True
675,7,10,"(0, 4); (0, 5); (1, 2); (1, 6); (2, 6); (3, 4); (3, 6); (4, 5); (4, 6); (5, 6)",0; 1; 2; 3; 4,5,1,0,1,True
676,7,10,"(0, 1); (0, 2); (1, 2); (1, 6); (2, 3); (2, 4); (2, 5); (3, 4); (4, 5); (4, 6)",0; 3; 4; 5; 6,5,1,0,1,True
677,7,10,"(0, 1); (0, 3); (0, 4); (0, 5); (0, 6); (1, 2); (1, 3); (1, 4); (2, 5); (2, 6)",1; 3; 4; 5; 6,5,1,0,1,True
678,7,10,"(0, 2); (0, 5); (1, 2); (1, 5); (2, 3); (2, 4); (2, 6); (3, 6); (4, 5); (5, 6)",0; 1; 3; 4; 5,5,1,0,1,True
679,7,10,"(0, 1); (0, 2); (0, 5); (0, 6); (1, 2); (1, 4); (1, 5); (2, 3); (2, 6); (3, 4)",0; 1; 2; 3; 4; 5; 6,7,1,0,1,True
680,7,10,"(0, 1); (0, 2); (0, 4); (0, 5); (1, 2); (2, 3); (2, 6); (3, 4); (4, 5); (4, 6)",0; 1; 2; 3; 4; 5; 6,7,1,0,1,True
681,7,10,"(0, 3); (0, 4); (1, 3); (1, 4); (2, 3); (2, 4); (2, 5); (2, 6); (3, 4); (5, 6)",0; 1; 2; 3; 4; 5; 6,7,1,0,1,True
682,7,10,"(0, 1); (0, 2); (1, 2); (1, 3); (1, 4); (1, 6); (2, 3); (3, 4); (4, 5); (5, 6)",0; 5; 6,3,1,0,1,True
683,7,10,"(0, 5); (0, 6); (1, 2); (1, 6); (2, 3); (2, 6); (3, 4); (4, 5); (4, 6); (5, 6)",0; 1; 3,3,1,0,1,True
684,7,10,"(0, 1); (0, 5); (0, 6); (1, 6); (2, 3); (2, 6); (3, 4); (3, 5); (4, 6); (5, 6)",1; 2; 4,3,1,0,1,True
685,7,10,"(0, 1); (0, 4); (0, 5); (1, 2); (1, 6); (2, 3); (2, 5); (3, 5); (4, 5); (5, 6)",3; 4; 6,3,1,0,1,True
686,7,10,"(0, 2); (0, 3); (0, 4); (0, 5); (0, 6); (1, 2); (1, 3); (2, 4); (3, 4); (5, 6)",1; 5; 6,3,1,0,1,True
687,7,10,"(0, 2); (0, 3); (0, 4); (0, 5); (0, 6); (1, 2); (1, 3); (1, 4); (3, 4); (5, 6)",2; 5; 6,3,1,0,1,True
688,7,10,"(0, 1); (0, 5); (0, 6); (1, 6); (2, 3); (2, 4); (2, 6); (3, 4); (4, 6); (5, 6)",1; 3; 5,3,1,0,1,True
689,7,10,"(0, 3); (0, 4); (1, 2); (1, 3); (1, 4); (1, 5); (1, 6); (2, 5); (2, 6); (5, 6)",0; 3; 4,3,1,0,1,True
690,7,10,"(0, 1); (0, 2); (0, 4); (0, 6); (1, 4); (2, 4); (2, 5); (2, 6); (3, 5); (3, 6)",0; 1; 2; 3; 5,5,1,0,1,True
691,7,10,"(0, 2); (0, 4); (0, 6); (1, 4); (1, 5); (2, 4); (2, 5); (3, 5); (3, 6); (4, 5)",1; 3; 4; 5; 6,5,1,0,1,True
692,7,10,"(0, 3); (0, 4); (1, 2); (1, 4); (1, 6); (2, 3); (3, 4); (3, 5); (4, 5); (5, 6)",0; 2; 3; 4; 6,5,1,0,1,True
693,7,10,"(0, 1); (0, 4); (1, 2); (2, 4); (2, 5); (2, 6); (3, 4); (3, 5); (3, 6); (4, 5)",0; 1; 2; 4; 6,5,1,0,1,True
694,7,10,"(0, 1); (0, 2); (1, 2); (1, 4); (1, 6); (2, 3); (3, 4); (4, 5); (4, 6); (5, 6)",0; 1; 3; 4; 5,5,1,0,1,True
695,7,10,"(0, 1); (0, 5); (1, 2); (1, 5); (1, 6); (2, 3); (3, 4); (3, 6); (4, 5); (5, 6)",0; 1; 2; 4; 5,5,1,0,1,True
696,7,10,"(0, 1); (0, 2); (0, 4); (0, 5); (1, 4); (2, 3); (2, 5); (2, 6); (3, 6); (5, 6)",0; 1; 2; 3; 4,5,1,0,1,True
697,7,10,"(0, 1); (0, 4); (1, 2); (1, 5); (1, 6); (2, 3); (3, 4); (3, 5); (4, 5); (5, 6)",0; 1; 2; 5; 6,5,1,0,1,True
698,7,10,"(0, 1); (0, 5); (1, 2); (1, 4); (1, 6); (2, 3); (2, 4); (3, 4); (4, 5); (5, 6)",0; 1; 3; 4; 6,5,1,0,1,True
699,7,10,"(0, 1); (0, 2); (1, 2); (1, 4); (1, 6); (2, 3); (2, 5); (3, 4); (3, 5); (4, 6)",0; 1; 2; 5; 6,5,1,0,1,True
700,7,10,"(0, 1); (0, 2); (0, 4); (0, 6); (1, 2); (2, 3); (2, 5); (3, 4); (4, 5); (5, 6)",0; 1; 2; 3; 6,5,1,0,1,True
701,7,10,"(0, 1); (0, 2); (0, 3); (0, 4); (1, 5); (2, 5); (3, 4); (3, 5); (4, 6); (5, 6)",0; 1; 2; 5; 6,5,1,0,1,True
702,7,10,"(0, 1); (0, 5); (1, 2); (1, 5); (2, 3); (2, 4); (2, 6); (3, 4); (4, 5); (5, 6)",0; 2; 3; 5; 6,5,1,0,1,True
703,7,10,"(0, 3); (0, 4); (0, 5); (1, 3); (1, 4); (2, 3); (2, 4); (2, 6); (3, 4); (5, 6)",1; 3; 4; 5; 6,5,1,0,1,True
704,7,10,"(0, 1); (0, 4); (1, 2); (2, 3); (3, 4); (3, 5); (3, 6); (4, 5); (4, 6); (5, 6)",0; 1; 2; 3; 4,5,1,0,1,True
705,7,10,"(0, 5); (0, 6); (1, 2); (1, 4); (1, 5); (1, 6); (2, 3); (2, 5); (2, 6); (3, 4)",0; 1; 2; 3; 4,5,1,0,1,True
706,7,10,"(0, 1); (0, 5); (1, 2); (1, 5); (2, 3); (2, 4); (2, 6); (3, 4); (4, 5); (4, 6)",0; 2; 3; 4; 6,5,1,0,1,True
707,7,10,"(0, 1); (0, 3); (0, 5); (0, 6); (1, 4); (1, 5); (2, 3); (2, 4); (4, 5); (4, 6)",0; 2; 3; 4; 6,5,1,0,1,True
708,7,10,"(0, 3); (0, 4); (1, 2); (1, 3); (1, 4); (2, 5); (3, 5); (3, 6); (4, 5); (4, 6)",0; 2; 3; 4; 6,5,1,0,1,True
709,7,10,"(0, 1); (0, 4); (0, 5); (1, 2); (1, 5); (2, 3); (2, 5); (3, 4); (3, 6); (5, 6)",4; 5; 6,3,1,0,1,True
710,7,10,"(0, 1); (0, 4); (1, 2); (1, 4); (2, 3); (2, 5); (3, 5); (3, 6); (4, 5); (5, 6)",0; 5; 6,3,1,0,1,True
711,7,10,"(0, 1); (0, 5); (1, 2); (1, 6); (2, 3); (2, 4); (2, 6); (3, 4); (4, 5); (5, 6)",0; 2; 3,3,1,0,1,True
712,7,10,"(0, 1); (0, 4); (0, 5); (1, 2); (2, 3); (2, 5); (3, 4); (3, 5); (4, 6); (5, 6)",1; 5; 6,3,1,0,1,True
713,7,10,"(0, 1); (0, 4); (0, 5); (0, 6); (1, 2); (2, 3); (2, 6); (3, 4); (3, 6); (4, 5)",0; 1; 5,3,1,0,1,True
714,7,10,"(0, 1); (0, 5); (0, 6); (1, 2); (2, 3); (3, 4); (3, 6); (4, 5); (4, 6); (5, 6)",1; 2; 6,3,1,0,1,True
715,7,10,"(0, 1); (0, 5); (0, 6); (1, 2); (1, 5); (1, 6); (2, 3); (3, 4); (4, 5); (4, 6)",1; 2; 3,3,1,0,1,True
716,7,10,"(0, 1); (0, 2); (0, 5); (0, 6); (1, 2); (2, 3); (3, 4); (4, 5); (4, 6); (5, 6)",0; 1; 3,3,1,0,1,True
717,7,10,"(0, 1); (0, 5); (0, 6); (1, 2); (1, 6); (2, 3); (3, 4); (3, 6); (4, 5); (5, 6)",2; 4; 6,3,1,0,1,True
718,7,10,"(0, 2); (0, 5); (0, 6); (1, 2); (1, 4); (1, 5); (1, 6); (2, 3); (3, 4); (5, 6)",1; 3; 4,3,1,0,1,True
719,7,10,"(0, 1); (0, 4); (1, 2); (1, 5); (1, 6); (2, 3); (3, 4); (3, 5); (4, 6); (5, 6)",0; 1; 2,3,1,0,1,True
720,7,10,"(0, 1); (0, 5); (0, 6); (1, 2); (1, 4); (2, 3); (2, 5); (3, 4); (4, 5); (5, 6)",3; 5; 6,3,1,0,1,True
721,7,10,"(0, 3); (0, 4); (0, 5); (0, 6); (1, 2); (1, 3); (1, 5); (2, 4); (2, 6); (4, 6)",0; 3; 5,3,1,0,1,True
722,7,10,"(0, 1); (0, 5); (1, 2); (1, 6); (2, 3); (2, 6); (3, 4); (4, 5); (4, 6); (5, 6)",0; 3; 6,3,1,0,1,True
723,7,10,"(0, 2); (0, 3); (0, 5); (1, 2); (1, 3); (1, 6); (2, 4); (3, 4); (4, 5); (4, 6)",4; 5; 6,3,1,0,1,True
724,7,10,"(0, 1); (0, 5); (1, 5); (1, 6); (2, 3); (2, 4); (2, 6); (3, 4); (4, 6); (5, 6)",0; 3; 6,3,1,0,1,True
725,7,10,"(0, 1); (0, 3); (0, 4); (1, 3); (1, 4); (2, 3); (2, 4); (2, 5); (2, 6); (5, 6)",2; 5; 6,3,1,0,1,True
726,7,10,"(0, 1); (0, 3); (0, 4); (1, 2); (1, 3); (1, 4); (2, 5); (2, 6); (3, 4); (5, 6)",1; 5; 6,3,1,0,1,True
727,7,10,"(0, 3); (0, 4); (1, 2); (1, 3); (1, 4); (2, 5); (2, 6); (3, 6); (4, 5); (5, 6)",0,1,1,174,1,False
728,7,10,"(0, 1); (0, 5); (0, 6); (1, 2); (1, 6); (2, 3); (2, 4); (3, 4); (4, 5); (5, 6)",3,1,1,0,1,True
729,7,10,"(0, 1); (0, 3); (0, 5); (1, 2); (1, 5); (2, 3); (2, 6); (3, 6); (4, 5); (4, 6)",4,1,1,174,1,False
730,7,10,"(0, 1); (0, 5); (0, 6); (1, 2); (1, 4); (2, 3); (2, 5); (3, 4); (3, 6); (4, 5)",6,1,1,0,1,True
731,7,11,"(0, 1); (0, 2); (0, 3); (0, 4); (1, 2); (1, 3); (1, 4); (1, 5); (2, 3); (2, 4); (3, 4)",0; 2; 3; 4; 6,5,1,0,1,True
732,7,11,"(0, 1); (0, 2); (0, 3); (1, 2); (1, 3); (1, 4); (1, 5); (2, 3); (2, 4); (2, 5); (3, 5)",3; 4; 6,3,1,0,1,True
733,7,11,"(0, 1); (0, 3); (0, 4); (0, 5); (1, 2); (1, 3); (1, 4); (2, 3); (2, 4); (3, 4); (4, 5)",0; 1; 3; 5; 6,5,1,0,1,True
734,7,11,"(0, 1); (0, 2); (0, 3); (0, 4); (1, 2); (1, 3); (1, 4); (2, 3); (2, 4); (3, 5); (4, 5)",0; 1; 2; 3; 4; 5; 6,7,1,0,1,True
735,7,11,"(0, 1); (0, 2); (0, 5); (1, 2); (1, 3); (1, 4); (1, 5); (2, 5); (3, 4); (3, 5); (4, 5)",6,1,1,0,1,True
736,7,11,"(1, 4); (1, 5); (1, 6); (2, 3); (2, 5); (2, 6); (3, 4); (3, 6); (4, 5); (4, 6); (5, 6)",0; 4; 5,3,1,0,1,True
737,7,11,"(0, 1); (0, 2); (0, 3); (0, 5); (1, 2); (1, 3); (1, 5); (1, 6); (2, 6); (3, 6); (5, 6)",0; 4; 6,3,1,0,1,True
738,7,11,"(0, 1); (0, 2); (0, 4); (0, 5); (1, 4); (1, 5); (2, 3); (2, 4); (2, 5); (3, 4); (3, 5)",0; 2; 4; 5; 6,5,1,0,1,True
739,7,11,"(0, 1); (0, 3); (0, 5); (1, 2); (1, 4); (1, 5); (2, 3); (2, 4); (2, 5); (3, 4); (4, 5)",1; 2; 4; 5; 6,5,1,0,1,True
740,7,11,"(0, 1); (0, 3); (0, 4); (1, 2); (1, 3); (1, 4); (2, 3); (2, 4); (3, 4); (4, 5); (4, 6)",1; 3; 4,3,1,0,1,True
741,7,11,"(0, 1); (0, 3); (0, 4); (1, 2); (1, 3); (1, 4); (2, 3); (2, 4); (3, 4); (3, 5); (4, 6)",1,1,1,0,1,True
742,7,11,"(0, 1); (0, 3); (0, 4); (1, 2); (1, 3); (1, 4); (2, 3); (2, 4); (2, 5); (3, 4); (4, 6)",1; 2; 3,3,1,0,1,True
743,7,11,"(0, 1); (0, 3); (0, 4); (1, 2); (1, 3); (1, 4); (2, 3); (2, 4); (2, 5); (2, 6); (3, 4)",1; 3; 4,3,1,0,1,True
744,7,11,"(0, 1); (0, 3); (0, 4); (0, 6); (1, 2); (1, 3); (1, 4); (2, 3); (2, 4); (2, 5); (3, 4)",0; 1; 2; 3; 4,5,1,0,1,True
745,7,11,"(0, 1); (0, 2); (0, 3); (0, 4); (1, 2); (1, 3); (1, 4); (2, 3); (2, 4); (3, 4); (5, 6)",0; 1; 2; 3; 4,5,1,0,1,True
746,7,11,"(0, 1); (0, 4); (0, 5); (1, 4); (1, 5); (2, 4); (2, 5); (3, 4); (3, 5); (4, 5); (4, 6)",2; 3; 4,3,1,0,1,True
747,7,11,"(0, 1); (0, 4); (1, 2); (1, 3); (1, 4); (1, 5); (1, 6); (2, 3); (3, 4); (3, 5); (4, 5)",0; 1; 2; 3; 4,5,1,0,1,True
748,7,11,"(0, 1); (0, 4); (1, 2); (1, 3); (1, 4); (1, 5); (2, 3); (3, 4); (3, 5); (4, 5); (4, 6)",0; 2; 3,3,1,0,1,True
749,7,11,"(0, 1); (0, 4); (0, 5); (1, 4); (1, 5); (1, 6); (2, 4); (2, 5); (3, 4); (3, 5); (4, 5)",1; 2; 3,3,1,0,1,True
750,7,11,"(0, 2); (0, 3); (0, 4); (0, 5); (1, 2); (1, 3); (2, 3); (2, 4); (2, 6); (3, 4); (4, 5)",0; 1; 3; 4; 5,5,1,0,1,True
751,7,11,"(0, 1); (0, 4); (1, 2); (1, 3); (1, 4); (1, 5); (2, 3); (3, 4); (3, 5); (4, 5); (5, 6)",0; 2; 3; 4; 5,5,1,0,1,True
752,7,11,"(0, 2); (0, 3); (0, 5); (1, 2); (1, 3); (2, 3); (2, 4); (2, 5); (2, 6); (3, 4); (4, 5)",1; 2; 3,3,1,0,1,True
753,7,11,"(0, 1); (0, 4); (0, 5); (1, 2); (1, 3); (1, 4); (1, 5); (1, 6); (2, 3); (3, 4); (4, 5)",1; 2; 4,3,1,0,1,True
754,7,11,"(0, 2); (0, 3); (0, 5); (1, 2); (1, 3); (2, 3); (2, 4); (2, 5); (3, 4); (3, 6); (4, 5)",1,1,1,0,1,True
755,7,11,"(0, 1); (0, 4); (0, 5); (1, 2); (1, 3); (1, 4); (1, 5); (2, 3); (3, 4); (4, 5); (4, 6)",2,1,1,0,1,True
756,7,11,"(0, 4); (1, 5); (1, 6); (2, 3); (2, 5); (2, 6); (3, 5); (3, 6); (4, 5); (4, 6); (5, 6)",1,1,1,0,1,True
757,7,11,"(0, 1); (0, 3); (0, 4); (0, 5); (0, 6); (1, 2); (1, 5); (2, 3); (2, 5); (3, 4); (3, 5)",3; 4; 5,3,1,0,1,True
758,7,11,"(0, 2); (0, 3); (0, 5); (0, 6); (1, 2); (1, 3); (2, 3); (2, 4); (2, 5); (3, 4); (4, 5)",0; 1; 3,3,1,0,1,True
759,7,11,"(0, 1); (0, 2); (0, 4); (0, 5); (1, 2); (1, 4); (1, 5); (1, 6); (2, 3); (2, 5); (3, 4)",0; 2; 3,3,1,0,1,True
760,7,11,"(0, 1); (0, 4); (0, 5); (1, 2); (1, 3); (1, 4); (1, 5); (2, 3); (3, 4); (4, 5); (5, 6)",2; 4; 5,3,1,0,1,True
761,7,11,"(0, 1); (0, 4); (0, 6); (1, 2); (1, 3); (1, 4); (1, 5); (2, 3); (3, 4); (3, 5); (4, 5)",2; 3; 4,3,1,0,1,True
762,7,11,"(0, 1); (0, 2); (1, 3); (1, 4); (1, 5); (2, 3); (2, 4); (2, 5); (2, 6); (3, 5); (4, 5)",0; 1; 5,3,1,0,1,True
763,7,11,"(0, 1); (0, 4); (0, 5); (1, 2); (1, 3); (1, 4); (1, 5); (2, 3); (3, 4); (3, 6); (4, 5)",2; 3; 4,3,1,0,1,True
764,7,11,"(0, 1); (0, 2); (0, 4); (0, 5); (1, 2); (1, 4); (1, 5); (2, 3); (2, 5); (2, 6); (3, 4)",0; 1; 3,3,1,0,1,True
765,7,11,"(0, 2); (0, 3); (0, 5); (1, 2); (1, 3); (2, 3); (2, 4); (2, 5); (3, 4); (4, 5); (5, 6)",1; 3; 5,3,1,0,1,True
766,7,11,"(0, 1); (0, 3); (0, 4); (0, 5); (1, 2); (1, 5); (2, 3); (2, 5); (3, 4); (3, 5); (5, 6)",0; 3; 4,3,1,0,1,True
767,7,11,"(0, 1); (0, 2); (1, 3); (1, 4); (1, 5); (2, 3); (2, 4); (2, 5); (3, 5); (4, 5); (5, 6)",0; 1; 2,3,1,0,1,True
768,7,11,"(0, 1); (0, 3); (0, 4); (1, 2); (1, 3); (1, 4); (2, 3); (2, 4); (3, 4); (4, 5); (5, 6)",1; 3; 5,3,1,0,1,True
769,7,11,"(0, 1); (0, 3); (0, 4); (0, 5); (1, 2); (1, 5); (1, 6); (2, 3); (2, 5); (3, 4); (3, 5)",0; 1; 3; 4; 5,5,1,0,1,True
770,7,11,"(0, 1); (0, 2); (0, 4); (0, 5); (1, 2); (1, 4); (1, 5); (2, 3); (2, 5); (3, 4); (4, 6)",0; 1; 2; 3; 4,5,1,0,1,True
771,7,11,"(0, 1); (0, 2); (0, 4); (0, 5); (1, 2); (1, 4); (1, 5); (2, 3); (2, 5); (3, 4); (5, 6)",0; 1; 2; 3; 5,5,1,0,1,True
772,7,11,"(0, 1); (0, 2); (1, 3); (1, 4); (1, 5); (2, 3); (2, 4); (2, 5); (3, 5); (4, 5); (4, 6)",0; 1; 2; 4; 5,5,1,0,1,True
773,7,11,"(0, 2); (0, 3); (0, 4); (0, 5); (1, 2); (1, 3); (1, 6); (2, 3); (2, 4); (3, 4); (4, 5)",0; 2; 3; 4; 5,5,1,0,1,True
774,7,11,"(0, 1); (0, 3); (0, 4); (1, 2); (1, 3); (1, 4); (2, 3); (2, 4); (2, 6); (3, 4); (5, 6)",1; 2; 3; 4; 6,5,1,0,1,True
775,7,11,"(0, 1); (0, 4); (0, 5); (1, 2); (1, 5); (2, 3); (2, 5); (3, 4); (3, 5); (4, 5); (5, 6)",5,1,1,187,1,False
776,7,11,"(0, 1); (0, 2); (0, 5); (1, 2); (1, 3); (1, 5); (1, 6); (2, 3); (2, 4); (3, 4); (4, 5)",2,1,1,0,1,True
777,7,11,"(0, 1); (0, 4); (0, 5); (1, 2); (1, 5); (1, 6); (2, 3); (2, 5); (3, 4); (3, 5); (4, 5)",1,1,1,174,1,False
778,7,11,"(0, 1); (0, 4); (0, 5); (1, 2); (1, 3); (1, 4); (1, 5); (2, 3); (2, 6); (3, 4); (4, 5)",4,1,1,0,1,True
779,7,11,"(0, 2); (0, 3); (0, 5); (1, 2); (1, 3); (1, 6); (2, 3); (2, 4); (2, 5); (3, 4); (4, 5)",3,1,1,0,1,True
780,7,11,"(0, 6); (1, 4); (1, 5); (1, 6); (2, 4); (2, 5); (2, 6); (3, 4); (3, 5); (3, 6); (5, 6)",5,1,1,0,1,True
781,7,11,"(0, 1); (0, 2); (0, 5); (1, 2); (1, 3); (1, 4); (1, 6); (2, 5); (3, 4); (3, 5); (4, 5)",5,1,1,0,1,True
782,7,11,"(0, 1); (0, 2); (0, 5); (1, 2); (1, 3); (1, 5); (2, 3); (2, 4); (3, 4); (4, 5); (5, 6)",1; 2; 5,3,1,0,1,True
783,7,11,"(0, 1); (0, 2); (0, 5); (1, 2); (1, 3); (1, 5); (2, 3); (2, 4); (3, 4); (3, 6); (4, 5)",1; 2; 3,3,1,0,1,True
784,7,11,"(0, 1); (0, 3); (0, 4); (0, 5); (1, 2); (1, 5); (2, 3); (2, 5); (3, 4); (3, 5); (4, 6)",0; 3; 5,3,1,0,1,True
785,7,11,"(0, 1); (0, 2); (0, 4); (0, 5); (1, 2); (1, 4); (1, 5); (2, 3); (2, 5); (3, 4); (3, 6)",0; 1; 2,3,1,0,1,True
786,7,11,"(0, 2); (0, 3); (0, 5); (1, 2); (1, 3); (1, 5); (1, 6); (2, 3); (2, 4); (3, 4); (4, 5)",1; 2; 3,3,1,0,1,True
787,7,11,"(0, 1); (0, 2); (0, 5); (1, 2); (1, 3); (1, 4); (2, 5); (2, 6); (3, 4); (3, 5); (4, 5)",1; 2; 5,3,1,0,1,True
788,7,11,"(0, 1); (0, 2); (0, 6); (1, 3); (1, 4); (1, 5); (2, 3); (2, 4); (2, 5); (3, 5); (4, 5)",1; 2; 5,3,1,0,1,True
789,7,11,"(0, 6); (1, 4); (1, 5); (1, 6); (2, 4); (2, 5); (2, 6); (3, 4); (3, 5); (3, 6); (4, 5)",4; 5; 6,3,1,0,1,True
790,7,11,"(0, 5); (0, 6); (1, 5); (1, 6); (2, 5); (2, 6); (3, 5); (3, 6); (4, 5); (4, 6); (5, 6)",0; 1; 2; 3; 4; 5; 6,7,1,0,1,True
791,7,11,"(0, 1); (0, 2); (1, 2); (1, 3); (1, 4); (1, 5); (1, 6); (2, 3); (2, 5); (2, 6); (3, 4)",0; 1; 4; 5; 6,5,1,0,1,True
792,7,11,"(0, 1); (0, 4); (1, 2); (1, 3); (1, 4); (1, 5); (1, 6); (2, 3); (3, 4); (3, 5); (4, 6)",0; 1; 2; 3; 4; 5; 6,7,1,0,1,True
793,7,11,"(0, 3); (0, 6); (1, 3); (1, 4); (2, 3); (2, 4); (3, 4); (3, 6); (4, 5); (4, 6); (5, 6)",0; 1; 2; 5; 6,5,1,0,1,True
794,7,11,"(0, 1); (0, 2); (0, 5); (1, 2); (2, 3); (2, 4); (2, 5); (2, 6); (3, 4); (4, 5); (4, 6)",1; 2; 3; 4; 6,5,1,0,1,True
795,7,11,"(0, 1); (0, 2); (0, 3); (0, 4); (0, 5); (0, 6); (1, 2); (2, 3); (3, 4); (3, 6); (4, 5)",0; 1; 3; 5; 6,5,1,0,1,True
796,7,11,"(0, 1); (0, 2); (1, 2); (1, 3); (1, 4); (2, 3); (2, 4); (2, 5); (2, 6); (3, 4); (5, 6)",0; 1; 2; 5; 6,5,1,0,1,True
797,7,11,"(0, 2); (0, 5); (1, 2); (1, 4); (2, 3); (2, 4); (2, 5); (3, 5); (3, 6); (4, 5); (5, 6)",0; 1; 6,3,1,0,1,True
798,7,11,"(0, 1); (0, 4); (0, 5); (1, 2); (2, 3); (2, 4); (2, 5); (2, 6); (3, 4); (4, 5); (4, 6)",1; 3; 6,3,1,0,1,True
799,7,11,"(0, 1); (0, 2); (0, 4); (0, 5); (0, 6); (1, 2); (1, 6); (2, 3); (2, 5); (2, 6); (3, 4)",3; 4; 5,3,1,0,1,True
800,7,11,"(0, 5); (0, 6); (1, 5); (1, 6); (2, 3); (2, 5); (2, 6); (3, 4); (4, 5); (4, 6); (5, 6)",0; 1; 3,3,1,0,1,True
801,7,11,"(0, 5); (0, 6); (1, 5); (1, 6); (2, 5); (2, 6); (3, 4); (3, 5); (3, 6); (4, 5); (4, 6)",0; 1; 2,3,1,0,1,True
802,7,11,"(0, 5); (0, 6); (1, 2); (1, 6); (2, 4); (3, 4); (3, 5); (3, 6); (4, 5); (4, 6); (5, 6)",0; 1; 2; 4; 5,5,1,0,1,True
803,7,11,"(0, 1); (0, 2); (0, 4); (0, 6); (1, 2); (2, 3); (2, 4); (2, 5); (3, 4); (4, 5); (5, 6)",0; 1; 3; 4; 6,5,1,0,1,True
804,7,11,"(0, 1); (0, 2); (0, 4); (0, 6); (1, 2); (2, 3); (2, 4); (3, 4); (4, 5); (4, 6); (5, 6)",0; 1; 2; 3; 5,5,1,0,1,True
805,7,11,"(0, 1); (0, 2); (1, 4); (1, 5); (1, 6); (2, 3); (2, 4); (2, 5); (2, 6); (3, 4); (4, 5)",0; 1; 3; 4; 6,5,1,0,1,True
806,7,11,"(0, 1); (0, 5); (1, 2); (1, 5); (2, 3); (2, 4); (2, 5); (2, 6); (3, 4); (4, 5); (4, 6)",0; 3; 4; 5; 6,5,1,0,1,True
807,7,11,"(0, 1); (0, 2); (0, 4); (0, 5); (0, 6); (1, 2); (2, 3); (2, 6); (3, 4); (4, 5); (4, 6)",1; 2; 3; 4; 5,5,1,0,1,True
808,7,11,"(0, 1); (0, 4); (1, 2); (1, 3); (1, 4); (1, 6); (2, 3); (3, 4); (3, 5); (4, 5); (5, 6)",0; 2; 3; 4; 6,5,1,0,1,True
809,7,11,"(0, 3); (0, 4); (1, 2); (1, 3); (1, 4); (2, 3); (2, 4); (2, 5); (2, 6); (3, 4); (5, 6)",0; 3; 4; 5; 6,5,1,0,1,True
810,7,11,"(0, 5); (0, 6); (1, 4); (1, 6); (2, 3); (2, 5); (3, 4); (3, 5); (3, 6); (4, 5); (4, 6)",0; 1; 2; 3; 4; 5; 6,7,1,0,1,True
811,7,11,"(0, 1); (0, 4); (1, 2); (1, 4); (1, 5); (2, 3); (2, 4); (2, 5); (3, 6); (4, 5); (5, 6)",0; 1; 2; 3; 4; 5; 6,7,1,0,1,True
812,7,11,"(0, 3); (0, 4); (1, 3); (1, 4); (1, 5); (1, 6); (2, 3); (2, 4); (2, 5); (2, 6); (3, 4)",0; 1; 2; 3; 4; 5; 6,7,1,0,1,True
813,7,11,"(0, 1); (0, 5); (0, 6); (1, 6); (2, 3); (2, 6); (3, 4); (3, 6); (4, 5); (4, 6); (5, 6)",1; 2; 6,3,1,0,1,True
814,7,11,"(0, 1); (0, 3); (0, 4); (1, 2); (1, 3); (1, 4); (1, 5); (1, 6); (2, 5); (2, 6); (5, 6)",1; 3; 4,3,1,0,1,True
815,7,11,"(0, 1); (0, 3); (0, 4); (1, 2); (1, 4); (2, 3); (2, 4); (3, 4); (4, 5); (4, 6); (5, 6)",4; 5; 6,3,1,0,1,True
816,7,11,"(0, 1); (0, 2); (0, 4); (0, 5); (0, 6); (1, 2); (2, 3); (2, 5); (3, 4); (3, 6); (5, 6)",1; 2; 4,3,1,0,1,True
817,7,11,"(0, 1); (0, 2); (0, 4); (0, 5); (0, 6); (1, 2); (2, 3); (3, 4); (3, 6); (4, 5); (4, 6)",1; 4; 5,3,1,0,1,True
818,7,11,"(0, 1); (0, 2); (0, 4); (0, 5); (0, 6); (1, 2); (2, 3); (2, 5); (3, 4); (4, 6); (5, 6)",1; 2; 3,3,1,0,1,True
819,7,11,"(0, 1); (0, 3); (0, 4); (0, 5); (0, 6); (1, 2); (2, 3); (2, 6); (3, 4); (3, 6); (4, 5)",1; 3; 5,3,1,0,1,True
820,7,11,"(0, 1); (0, 5); (0, 6); (1, 2); (2, 3); (2, 5); (3, 5); (3, 6); (4, 5); (4, 6); (5, 6)",1; 4; 6,3,1,0,1,True
821,7,11,"(0, 1); (0, 2); (1, 2); (1, 3); (2, 3); (2, 4); (3, 4); (3, 5); (3, 6); (4, 5); (5, 6)",0; 2; 6,3,1,0,1,True
822,7,11,"(0, 1); (0, 3); (0, 6); (1, 3); (1, 4); (2, 3); (2, 4); (2, 5); (3, 4); (3, 5); (4, 6)",4; 5; 6,3,1,0,1,True
823,7,11,"(0, 1); (0, 2); (0, 6); (1, 3); (1, 5); (2, 3); (2, 5); (3, 4); (3, 5); (3, 6); (4, 5)",4; 5; 6,3,1,0,1,True
824,7,11,"(0, 2); (0, 3); (0, 4); (0, 5); (0, 6); (1, 3); (1, 4); (1, 5); (1, 6); (2, 3); (5, 6)",1; 2; 4,3,1,0,1,True
825,7,11,"(0, 1); (0, 5); (1, 2); (1, 4); (2, 3); (2, 4); (2, 6); (3, 4); (3, 6); (4, 5); (4, 6)",0; 2; 5,3,1,0,1,True
826,7,11,"(0, 1); (0, 5); (1, 2); (1, 5); (2, 3); (3, 4); (3, 5); (3, 6); (4, 5); (4, 6); (5, 6)",0; 2; 3,3,1,0,1,True
827,7,11,"(0, 1); (0, 4); (1, 2); (1, 5); (2, 3); (2, 4); (2, 5); (3, 5); (3, 6); (4, 5); (5, 6)",0; 2; 6,3,1,0,1,True
828,7,11,"(0, 1); (0, 3); (0, 4); (1, 2); (1, 4); (1, 5); (2, 3); (2, 4); (3, 4); (4, 6); (5, 6)",1; 5; 6,3,1,0,1,True
829,7,11,"(0, 1); (0, 3); (0, 4); (1, 2); (1, 3); (1, 4); (2, 3); (2, 4); (2, 5); (2, 6); (5, 6)",1; 5; 6,3,1,0,1,True
830,7,11,"(0, 1); (0, 3); (0, 5); (1, 5); (1, 6); (2, 5); (2, 6); (3, 5); (3, 6); (4, 5); (4, 6)",2; 4; 6,3,1,0,1,True
831,7,11,"(0, 1); (0, 2); (1, 2); (1, 4); (1, 5); (2, 3); (2, 5); (2, 6); (3, 4); (3, 6); (4, 6)",0; 1; 5,3,1,0,1,True
832,7,11,"(0, 1); (0, 2); (0, 5); (1, 2); (1, 5); (2, 3); (2, 4); (2, 5); (3, 6); (4, 6); (5, 6)",3; 4; 5,3,1,0,1,True
833,7,11,"(0, 1); (0, 4); (1, 2); (1, 4); (1, 5); (2, 3); (3, 4); (3, 5); (3, 6); (4, 6); (5, 6)",0; 1; 2; 3; 4,5,1,0,1,True
834,7,11,"(0, 1); (0, 4); (0, 5); (0, 6); (1, 2); (2, 3); (2, 6); (3, 4); (3, 5); (3, 6); (5, 6)",0; 1; 3; 4; 6,5,1,0,1,True
835,7,11,"(0, 1); (0, 5); (1, 2); (1, 5); (1, 6); (2, 3); (3, 4); (3, 6); (4, 5); (4, 6); (5, 6)",0; 1; 2; 5; 6,5,1,0,1,True
836,7,11,"(0, 1); (0, 5); (1, 2); (1, 5); (1, 6); (2, 3); (2, 4); (2, 6); (3, 4); (4, 5); (5, 6)",0; 1; 2; 3; 5,5,1,0,1,True
837,7,11,"(0, 1); (0, 3); (0, 4); (1, 2); (1, 6); (2, 3); (2, 4); (2, 5); (3, 4); (3, 5); (4, 6)",2; 3; 4; 5; 6,5,1,0,1,True
838,7,11,"(0, 1); (0, 5); (1, 2); (1, 5); (1, 6); (2, 3); (2, 6); (3, 4); (4, 5); (4, 6); (5, 6)",0; 1; 3; 5; 6,5,1,0,1,True
839,7,11,"(0, 3); (0, 6); (1, 2); (1, 5); (2, 4); (2, 6); (3, 4); (3, 5); (4, 5); (4, 6); (5, 6)",0; 1; 4; 5; 6,5,1,0,1,True
840,7,11,"(0, 1); (0, 2); (0, 5); (0, 6); (1, 5); (2, 3); (2, 4); (2, 6); (3, 4); (4, 6); (5, 6)",0; 1; 2; 3; 6,5,1,0,1,True
841,7,11,"(0, 1); (0, 4); (0, 6); (1, 2); (2, 3); (2, 5); (2, 6); (3, 4); (3, 5); (3, 6); (5, 6)",1; 2; 3; 4; 6,5,1,0,1,True
842,7,11,"(0, 3); (0, 4); (0, 6); (1, 3); (1, 4); (1, 5); (1, 6); (2, 3); (2, 4); (3, 5); (4, 5)",1; 2; 3; 4; 6,5,1,0,1,True
843,7,11,"(0, 5); (0, 6); (1, 3); (1, 4); (2, 3); (2, 5); (2, 6); (3, 4); (4, 5); (4, 6); (5, 6)",0; 1; 4; 5; 6,5,1,0,1,True
844,7,11,"(0, 1); (0, 2); (0, 3); (0, 6); (1, 2); (1, 3); (1, 6); (2, 6); (3, 5); (4, 5); (4, 6)",0; 1; 4; 5; 6,5,1,0,1,True
845,7,11,"(0, 1); (0, 2); (0, 4); (0, 5); (1, 2); (1, 4); (2, 3); (2, 5); (3, 6); (4, 5); (5, 6)",0; 2; 3; 5; 6,5,1,0,1,True
846,7,11,"(0, 1); (0, 2); (1, 4); (1, 5); (1, 6); (2, 3); (2, 5); (2, 6); (3, 4); (3, 5); (4, 5)",0; 1; 2; 5; 6,5,1,0,1,True
847,7,11,"(0, 5); (0, 6); (1, 4); (1, 6); (2, 4); (2, 5); (2, 6); (3, 4); (3, 5); (3, 6); (4, 5)",0; 1; 4; 5; 6,5,1,0,1,True
848,7,11,"(0, 1); (0, 2); (0, 4); (0, 5); (1, 2); (2, 3); (2, 6); (3, 4); (3, 6); (4, 5); (4, 6)",0; 1; 2; 4; 5,5,1,0,1,True
849,7,11,"(0, 1); (0, 2); (0, 3); (0, 4); (1, 2); (1, 3); (1, 4); (2, 6); (3, 5); (4, 5); (4, 6)",0; 1; 4; 5; 6,5,1,0,1,True
850,7,11,"(0, 1); (0, 4); (0, 5); (0, 6); (1, 2); (1, 5); (1, 6); (2, 3); (2, 5); (2, 6); (3, 4)",0; 1; 2; 3; 4,5,1,0,1,True
851,7,11,"(0, 1); (0, 3); (0, 4); (1, 2); (1, 3); (1, 4); (2, 4); (2, 5); (2, 6); (3, 4); (5, 6)",1; 2; 4; 5; 6,5,1,0,1,True
852,7,11,"(0, 1); (0, 4); (0, 5); (1, 2); (1, 6); (2, 3); (2, 5); (3, 4); (3, 5); (4, 5); (5, 6)",6,1,1,187,1,False
853,7,11,"(0, 1); (0, 4); (0, 5); (1, 2); (1, 4); (2, 3); (2, 5); (3, 5); (3, 6); (4, 5); (5, 6)",6,1,1,0,1,True
854,7,11,"(0, 1); (0, 3); (0, 4); (1, 2); (1, 5); (2, 3); (2, 4); (3, 4); (4, 5); (4, 6); (5, 6)",6,1,1,0,1,True
855,7,11,"(0, 1); (0, 4); (0, 5); (1, 2); (1, 5); (2, 3); (2, 5); (3, 5); (3, 6); (4, 5); (4, 6)",6,1,1,187,1,False
856,7,11,"(0, 3); (0, 4); (1, 2); (1, 3); (1, 4); (1, 5); (1, 6); (2, 5); (2, 6); (3, 4); (5, 6)",0,1,1,0,1,True
857,7,11,"(0, 3); (0, 4); (1, 2); (1, 3); (1, 4); (2, 3); (2, 5); (2, 6); (3, 6); (4, 5); (5, 6)",0; 2; 3,3,1,0,1,True
858,7,11,"(0, 1); (0, 3); (0, 4); (0, 6); (1, 2); (2, 3); (2, 4); (3, 5); (3, 6); (4, 5); (5, 6)",0; 1; 3,3,1,0,1,True
859,7,11,"(0, 1); (0, 2); (0, 3); (0, 6); (1, 4); (2, 4); (2, 5); (2, 6); (3, 5); (3, 6); (4, 5)",0; 1; 2,3,1,0,1,True
860,7,11,"(0, 1); (0, 4); (0, 5); (0, 6); (1, 2); (1, 6); (2, 3); (2, 5); (3, 4); (3, 5); (4, 5)",0; 5; 6,3,1,0,1,True
861,7,11,"(0, 3); (0, 4); (1, 2); (1, 5); (1, 6); (2, 4); (2, 6); (3, 5); (3, 6); (4, 5); (5, 6)",0; 5; 6,3,1,0,1,True
862,7,11,"(0, 1); (0, 4); (0, 5); (1, 2); (1, 4); (2, 3); (2, 5); (3, 4); (3, 5); (4, 6); (5, 6)",4; 5; 6,3,1,0,1,True
863,7,11,"(0, 1); (0, 4); (0, 5); (1, 4); (1, 5); (2, 3); (2, 4); (2, 6); (3, 4); (3, 5); (5, 6)",4; 5; 6,3,1,0,1,True
864,7,11,"(0, 3); (0, 4); (1, 2); (1, 3); (1, 4); (2, 5); (2, 6); (3, 4); (3, 6); (4, 5); (5, 6)",0; 3; 4,3,1,0,1,True
865,7,11,"(0, 1); (0, 3); (0, 4); (0, 6); (1, 3); (1, 4); (1, 5); (2, 3); (2, 4); (2, 5); (5, 6)",0; 1; 6,3,1,0,1,True
866,7,11,"(0, 3); (0, 4); (1, 4); (1, 5); (1, 6); (2, 3); (2, 5); (2, 6); (3, 6); (4, 5); (5, 6)",0; 5; 6,3,1,0,1,True
867,7,11,"(0, 1); (0, 3); (0, 4); (1, 2); (1, 5); (1, 6); (2, 3); (2, 4); (3, 4); (4, 5); (5, 6)",1; 4; 6,3,1,0,1,True
868,7,11,"(0, 1); (0, 4); (0, 5); (1, 2); (1, 4); (2, 3); (2, 5); (2, 6); (3, 6); (4, 5); (5, 6)",2; 3; 5,3,1,0,1,True
869,7,11,"(0, 1); (0, 3); (0, 4); (1, 2); (1, 6); (2, 3); (2, 4); (3, 4); (3, 5); (4, 5); (5, 6)",3; 4; 6,3,1,0,1,True
870,7,11,"(0, 1); (0, 4); (1, 2); (1, 4); (1, 6); (2, 3); (2, 6); (3, 4); (3, 5); (4, 5); (5, 6)",0; 1; 4,3,1,0,1,True
871,7,11,"(0, 1); (0, 5); (1, 2); (1, 5); (2, 3); (2, 4); (2, 6); (3, 4); (3, 6); (4, 5); (4, 6)",0; 2; 4,3,1,0,1,True
872,7,11,"(0, 1); (0, 3); (0, 5); (1, 2); (1, 4); (1, 6); (2, 3); (2, 5); (2, 6); (3, 4); (4, 5)",1; 2; 6,3,1,0,1,True
873,7,11,"(0, 3); (0, 4); (1, 2); (1, 5); (1, 6); (2, 5); (2, 6); (3, 5); (3, 6); (4, 5); (4, 6)",0; 5; 6,3,1,0,1,True
874,7,11,"(0, 1); (0, 3); (0, 4); (1, 2); (1, 5); (2, 3); (2, 4); (3, 5); (3, 6); (4, 5); (4, 6)",3; 4; 6,3,1,0,1,True
875,7,11,"(0, 4); (0, 5); (0, 6); (1, 3); (1, 5); (1, 6); (2, 3); (2, 4); (2, 6); (3, 6); (4, 5)",6,1,1,0,1,True
876,7,11,"(0, 3); (0, 5); (0, 6); (1, 2); (1, 5); (1, 6); (2, 3); (2, 4); (3, 4); (4, 5); (4, 6)",4,1,1,0,1,True
877,7,11,"(0, 1); (0, 2); (0, 4); (0, 5); (1, 3); (1, 4); (2, 3); (2, 5); (3, 6); (4, 6); (5, 6)",0,1,1,174,1,False
878,7,11,"(0, 1); (0, 2); (0, 3); (0, 4); (1, 2); (1, 6); (2, 6); (3, 4); (3, 5); (4, 5); (5, 6)",0,1,1,0,1,True
879,7,12,"(0, 1); (0, 2); (0, 3); (0, 4); (1, 2); (1, 3); (1, 4); (2, 3); (2, 4); (3, 4); (3, 5); (4, 5)",0; 1; 2; 5; 6,5,1,0,1,True
880,7,12,"(0, 1); (0, 2); (0, 3); (0, 5); (0, 6); (1, 2); (1, 3); (1, 5); (1, 6); (2, 6); (3, 6); (5, 6)",4,1,1,0,1,True
881,7,12,"(0, 1); (0, 2); (0, 5); (1, 2); (1, 3); (1, 4); (1, 5); (2, 4); (2, 5); (3, 4); (3, 5); (4, 5)",2; 4; 6,3,1,0,1,True
882,7,12,"(0, 1); (0, 2); (0, 3); (0, 5); (1, 2); (1, 3); (1, 4); (1, 5); (2, 3); (2, 4); (3, 4); (4, 5)",0; 2; 3; 4; 6,5,1,0,1,True
883,7,12,"(0, 1); (0, 2); (0, 4); (0, 5); (1, 2); (1, 3); (1, 5); (2, 3); (2, 4); (3, 4); (3, 5); (4, 5)",0; 1; 2; 3; 4; 5; 6,7,1,0,1,True
884,7,12,"(0, 1); (0, 2); (0, 3); (0, 4); (1, 2); (1, 3); (1, 4); (1, 5); (1, 6); (2, 3); (2, 4); (3, 4)",0; 1; 2; 3; 4,5,1,0,1,True
885,7,12,"(0, 1); (0, 2); (0, 3); (0, 4); (1, 2); (1, 3); (1, 4); (2, 3); (2, 4); (3, 4); (3, 5); (4, 6)",0; 1; 2,3,1,0,1,True
886,7,12,"(0, 1); (0, 2); (0, 3); (1, 2); (1, 3); (1, 4); (1, 5); (1, 6); (2, 3); (2, 4); (2, 5); (3, 5)",1; 3; 4,3,1,0,1,True
887,7,12,"(0, 1); (0, 2); (0, 3); (1, 2); (1, 3); (1, 4); (1, 5); (2, 3); (2, 4); (2, 5); (3, 5); (3, 6)",4,1,1,0,1,True
888,7,12,"(0, 1); (0, 3); (0, 4); (0, 5); (1, 2); (1, 3); (1, 4); (2, 3); (2, 4); (3, 4); (4, 5); (4, 6)",0; 1; 3; 4; 5,5,1,0,1,True
889,7,12,"(0, 1); (0, 3); (0, 4); (0, 5); (1, 2); (1, 3); (1, 4); (1, 6); (2, 3); (2, 4); (3, 4); (4, 5)",0; 3; 5,3,1,0,1,True
890,7,12,"(0, 1); (0, 2); (0, 3); (0, 6); (1, 2); (1, 3); (1, 4); (1, 5); (2, 3); (2, 4); (2, 5); (3, 5)",0; 3; 4,3,1,0,1,True
891,7,12,"(0, 1); (0, 3); (0, 4); (0, 5); (0, 6); (1, 2); (1, 3); (1, 4); (2, 3); (2, 4); (3, 4); (4, 5)",1; 3; 5,3,1,0,1,True
892,7,12,"(0, 1); (0, 3); (0, 4); (0, 5); (1, 2); (1, 3); (1, 4); (2, 3); (2, 4); (2, 6); (3, 4); (4, 5)",0; 1; 2; 3; 5,5,1,0,1,True
893,7,12,"(0, 1); (0, 2); (0, 3); (0, 4); (1, 2); (1, 3); (1, 4); (1, 6); (2, 3); (2, 4); (3, 5); (4, 5)",0; 2; 3; 4; 5,5,1,0,1,True
894,7,12,"(0, 1); (0, 2); (0, 3); (0, 4); (1, 2); (1, 3); (1, 4); (2, 3); (2, 4); (3, 5); (4, 5); (4, 6)",0; 1; 2; 3; 5,5,1,0,1,True
895,7,12,"(0, 1); (0, 2); (0, 3); (0, 4); (1, 2); (1, 3); (1, 4); (1, 6); (2, 3); (2, 4); (3, 4); (5, 6)",0; 2; 3; 4; 6,5,1,0,1,True
896,7,12,"(0, 1); (0, 2); (0, 5); (1, 2); (1, 3); (1, 4); (1, 5); (1, 6); (2, 5); (3, 4); (3, 5); (4, 5)",1,1,1,0,1,True
897,7,12,"(0, 1); (0, 3); (0, 5); (1, 2); (1, 5); (2, 3); (2, 4); (2, 5); (3, 4); (3, 5); (4, 5); (5, 6)",2; 3; 5,3,1,0,1,True
898,7,12,"(0, 1); (0, 2); (0, 3); (0, 5); (1, 2); (1, 3); (1, 4); (1, 5); (1, 6); (2, 6); (3, 6); (5, 6)",0; 1; 6,3,1,0,1,True
899,7,12,"(0, 1); (0, 3); (0, 5); (1, 2); (1, 5); (2, 3); (2, 4); (2, 5); (3, 4); (3, 5); (3, 6); (4, 5)",2,1,1,94,1,False
900,7,12,"(0, 1); (0, 2); (0, 3); (1, 2); (1, 3); (1, 4); (1, 5); (2, 3); (2, 4); (2, 5); (3, 5); (4, 6)",3,1,1,0,1,True
901,7,12,"(0, 1); (0, 2); (0, 5); (1, 2); (1, 3); (1, 4); (1, 5); (2, 5); (2, 6); (3, 4); (3, 5); (4, 5)",2,1,1,0,1,True
902,7,12,"(0, 1); (0, 2); (0, 3); (0, 4); (0, 5); (1, 2); (1, 3); (1, 5); (1, 6); (2, 6); (3, 6); (5, 6)",6,1,1,0,1,True
903,7,12,"(0, 2); (0, 4); (0, 5); (1, 3); (1, 4); (1, 5); (2, 3); (2, 4); (2, 5); (3, 4); (3, 6); (4, 5)",2; 3; 5,3,1,0,1,True
904,7,12,"(0, 2); (0, 4); (0, 5); (0, 6); (1, 3); (1, 4); (1, 5); (2, 3); (2, 4); (2, 5); (3, 4); (4, 5)",0; 2; 5,3,1,0,1,True
905,7,12,"(0, 1); (0, 3); (0, 4); (0, 5); (1, 2); (1, 3); (1, 4); (2, 3); (2, 4); (3, 4); (4, 5); (5, 6)",0; 1; 3,3,1,0,1,True
906,7,12,"(0, 1); (0, 3); (0, 5); (1, 2); (1, 4); (1, 5); (2, 3); (2, 4); (2, 5); (3, 4); (4, 5); (5, 6)",1; 2; 4,3,1,0,1,True
907,7,12,"(0, 1); (0, 2); (0, 4); (0, 5); (1, 4); (1, 5); (2, 3); (2, 4); (2, 5); (3, 4); (3, 5); (4, 6)",0; 2; 5,3,1,0,1,True
908,7,12,"(0, 1); (0, 2); (0, 4); (0, 5); (0, 6); (1, 4); (1, 5); (2, 3); (2, 4); (2, 5); (3, 4); (3, 5)",2; 4; 5,3,1,0,1,True
909,7,12,"(0, 1); (0, 2); (0, 3); (0, 5); (1, 2); (1, 3); (1, 5); (1, 6); (2, 6); (3, 6); (4, 5); (5, 6)",0; 5; 6,3,1,0,1,True
910,7,12,"(0, 1); (0, 2); (0, 4); (0, 5); (1, 4); (1, 5); (2, 3); (2, 4); (2, 5); (3, 4); (3, 5); (3, 6)",0; 2; 3; 4; 5,5,1,0,1,True
911,7,12,"(0, 1); (0, 3); (0, 5); (0, 6); (1, 2); (1, 4); (1, 5); (2, 3); (2, 4); (2, 5); (3, 4); (4, 5)",0; 1; 2; 4; 5,5,1,0,1,True
912,7,12,"(0, 1); (0, 2); (0, 3); (0, 4); (1, 2); (1, 3); (1, 4); (2, 3); (2, 4); (3, 5); (4, 5); (5, 6)",0; 1; 2; 3; 4,5,1,0,1,True
913,7,12,"(0, 3); (0, 6); (1, 3); (1, 6); (2, 3); (2, 6); (3, 4); (3, 5); (3, 6); (4, 5); (4, 6); (5, 6)",0; 1; 2; 3; 6,5,1,0,1,True
914,7,12,"(0, 1); (0, 4); (1, 2); (1, 4); (1, 5); (1, 6); (2, 3); (2, 4); (2, 6); (3, 4); (4, 5); (4, 6)",0; 2; 3; 4; 5,5,1,0,1,True
915,7,12,"(0, 3); (0, 5); (1, 4); (1, 5); (2, 3); (2, 4); (3, 4); (3, 5); (3, 6); (4, 5); (4, 6); (5, 6)",0; 1; 2,3,1,0,1,True
916,7,12,"(0, 1); (0, 2); (0, 3); (0, 5); (1, 2); (1, 3); (1, 6); (2, 3); (2, 4); (3, 4); (3, 5); (3, 6)",0; 1; 2; 3; 4; 5; 6,7,1,0,1,True
917,7,12,"(0, 1); (0, 2); (0, 3); (0, 5); (0, 6); (1, 2); (1, 3); (1, 4); (1, 5); (2, 3); (2, 4); (3, 6)",2; 3; 4; 5; 6,5,1,0,1,True
918,7,12,"(0, 1); (0, 4); (1, 2); (1, 4); (1, 5); (2, 3); (2, 4); (2, 5); (2, 6); (3, 5); (4, 5); (5, 6)",0; 1; 3; 4; 6,5,1,0,1,True
919,7,12,"(0, 1); (0, 3); (0, 4); (1, 3); (1, 4); (2, 3); (2, 4); (3, 4); (3, 5); (3, 6); (4, 5); (5, 6)",2; 3; 6,3,1,0,1,True
920,7,12,"(0, 1); (0, 3); (0, 4); (0, 5); (0, 6); (1, 2); (1, 3); (1, 4); (1, 5); (1, 6); (2, 3); (2, 4)",1; 5; 6,3,1,0,1,True
921,7,12,"(0, 1); (0, 2); (0, 3); (0, 4); (1, 2); (1, 3); (1, 6); (2, 3); (2, 4); (2, 5); (2, 6); (4, 5)",0; 1; 2; 5; 6,5,1,0,1,True
922,7,12,"(0, 1); (0, 3); (0, 4); (1, 2); (1, 4); (2, 3); (2, 4); (2, 5); (3, 4); (3, 6); (4, 5); (4, 6)",2; 3; 4; 5; 6,5,1,0,1,True
923,7,12,"(0, 1); (0, 3); (0, 4); (0, 5); (1, 2); (1, 3); (1, 4); (1, 5); (1, 6); (2, 3); (2, 4); (2, 6)",0; 1; 2; 5; 6,5,1,0,1,True
924,7,12,"(0, 1); (0, 2); (0, 3); (0, 4); (1, 2); (1, 3); (2, 3); (2, 4); (2, 5); (2, 6); (4, 5); (4, 6)",0; 2; 4; 5; 6,5,1,0,1,True
925,7,12,"(0, 1); (0, 2); (0, 3); (0, 4); (0, 5); (0, 6); (1, 2); (3, 4); (3, 5); (3, 6); (4, 5); (4, 6)",0; 1; 2; 3; 4,5,1,0,1,True
926,7,12,"(0, 1); (0, 2); (0, 3); (0, 4); (0, 5); (1, 2); (1, 3); (1, 4); (2, 3); (2, 5); (2, 6); (5, 6)",1; 4; 6,3,1,0,1,True
927,7,12,"(0, 1); (0, 3); (0, 4); (0, 5); (0, 6); (1, 2); (1, 4); (2, 3); (2, 4); (3, 4); (3, 5); (4, 6)",3; 5; 6,3,1,0,1,True
928,7,12,"(0, 1); (0, 3); (0, 4); (0, 5); (0, 6); (1, 2); (1, 4); (1, 5); (1, 6); (2, 3); (2, 4); (4, 5)",3; 4; 6,3,1,0,1,True
929,7,12,"(0, 1); (0, 3); (0, 4); (0, 5); (0, 6); (1, 2); (1, 3); (1, 4); (1, 6); (2, 3); (2, 4); (2, 5)",2; 5; 6,3,1,0,1,True
930,7,12,"(0, 1); (0, 3); (0, 4); (1, 2); (2, 3); (2, 4); (2, 6); (3, 4); (3, 5); (3, 6); (4, 5); (4, 6)",1; 2; 5,3,1,0,1,True
931,7,12,"(0, 3); (0, 5); (0, 6); (1, 4); (1, 5); (2, 3); (2, 4); (3, 4); (3, 5); (3, 6); (4, 5); (5, 6)",1; 2; 4,3,1,0,1,True
932,7,12,"(0, 1); (0, 3); (0, 4); (0, 5); (0, 6); (1, 2); (1, 4); (1, 5); (1, 6); (2, 3); (2, 4); (3, 4)",4; 5; 6,3,1,0,1,True
933,7,12,"(0, 1); (0, 3); (0, 4); (1, 2); (1, 3); (1, 4); (1, 5); (2, 3); (2, 4); (3, 4); (4, 6); (5, 6)",3; 5; 6,3,1,0,1,True
934,7,12,"(0, 1); (0, 3); (0, 4); (1, 2); (1, 3); (1, 4); (2, 3); (2, 4); (3, 5); (3, 6); (4, 5); (4, 6)",1; 5; 6,3,1,0,1,True
935,7,12,"(0, 1); (0, 3); (0, 4); (0, 5); (0, 6); (1, 2); (1, 4); (1, 6); (2, 3); (3, 4); (3, 5); (4, 5)",1; 2; 3; 4; 6,5,1,0,1,True
936,7,12,"(0, 1); (0, 3); (0, 4); (0, 5); (1, 2); (1, 3); (1, 4); (1, 5); (2, 3); (2, 4); (2, 6); (4, 6)",0; 2; 4; 5; 6,5,1,0,1,True
937,7,12,"(0, 1); (0, 3); (0, 4); (1, 2); (1, 4); (1, 5); (1, 6); (2, 3); (2, 4); (2, 5); (4, 5); (5, 6)",2; 3; 4; 5; 6,5,1,0,1,True
938,7,12,"(0, 1); (0, 2); (0, 3); (0, 4); (1, 2); (1, 3); (1, 5); (1, 6); (2, 4); (3, 4); (3, 5); (4, 6)",0; 3; 4; 5; 6,5,1,0,1,True
939,7,12,"(0, 1); (0, 2); (0, 3); (0, 4); (0, 6); (1, 2); (1, 4); (2, 3); (2, 5); (3, 4); (3, 6); (4, 5)",2; 3; 4; 5; 6,5,1,0,1,True
940,7,12,"(0, 1); (0, 2); (0, 4); (0, 5); (1, 2); (1, 4); (1, 5); (2, 3); (2, 5); (2, 6); (3, 6); (5, 6)",0; 1; 3; 4; 5,5,1,0,1,True
941,7,12,"(0, 1); (0, 3); (0, 4); (1, 2); (1, 3); (1, 4); (2, 3); (2, 4); (2, 5); (2, 6); (3, 5); (4, 6)",1; 3; 4; 5; 6,5,1,0,1,True
942,7,12,"(0, 1); (0, 2); (1, 2); (1, 4); (1, 5); (2, 4); (2, 5); (2, 6); (3, 4); (3, 5); (3, 6); (4, 5)",0; 1; 4; 5; 6,5,1,0,1,True
943,7,12,"(0, 1); (0, 2); (0, 3); (0, 4); (1, 2); (1, 3); (1, 4); (2, 4); (3, 4); (3, 6); (4, 5); (5, 6)",0; 1; 3; 5; 6,5,1,0,1,True
944,7,12,"(0, 1); (0, 2); (0, 3); (1, 2); (1, 3); (1, 6); (2, 3); (2, 6); (3, 4); (3, 5); (4, 6); (5, 6)",1; 2; 4; 5; 6,5,1,0,1,True
945,7,12,"(0, 1); (0, 3); (0, 4); (0, 5); (0, 6); (1, 2); (1, 3); (1, 4); (2, 3); (2, 4); (3, 4); (5, 6)",1; 3; 4; 5; 6,5,1,0,1,True
946,7,12,"(0, 1); (0, 3); (0, 4); (0, 6); (1, 2); (1, 4); (1, 5); (2, 3); (2, 4); (2, 5); (3, 4); (3, 6)",0; 1; 2; 3; 4; 5; 6,7,1,0,1,True
947,7,12,"(0, 1); (0, 4); (1, 2); (1, 5); (1, 6); (2, 3); (3, 4); (3, 5); (3, 6); (4, 5); (4, 6); (5, 6)",0; 1; 2; 3; 4; 5; 6,7,1,0,1,True
948,7,12,"(0, 5); (0, 6); (1, 3); (1, 4); (2, 3); (2, 4); (2, 5); (2, 6); (3, 5); (3, 6); (4, 5); (4, 6)",0; 1; 2; 3; 4; 5; 6,7,1,0,1,True
949,7,12,"(0, 1); (0, 4); (0, 5); (0, 6); (1, 2); (1, 5); (1, 6); (2, 3); (2, 5); (2, 6); (3, 4); (5, 6)",0; 1; 2; 3; 4; 5; 6,7,1,0,1,True
950,7,12,"(0, 1); (0, 5); (0, 6); (1, 5); (1, 6); (2, 3); (2, 6); (3, 4); (3, 6); (4, 5); (4, 6); (5, 6)",2; 5; 6,3,1,0,1,True
951,7,12,"(0, 1); (0, 4); (0, 5); (1, 2); (1, 5); (1, 6); (2, 3); (2, 5); (3, 4); (3, 5); (4, 5); (5, 6)",1; 5; 6,3,1,0,1,True
952,7,12,"(0, 1); (0, 3); (0, 4); (1, 2); (1, 4); (1, 5); (2, 3); (2, 4); (3, 4); (4, 5); (4, 6); (5, 6)",1; 4; 6,3,1,0,1,True
953,7,12,"(0, 1); (0, 2); (0, 5); (1, 2); (1, 4); (1, 5); (1, 6); (2, 5); (3, 4); (3, 5); (3, 6); (4, 5)",6,1,1,0,1,True
954,7,12,"(0, 4); (0, 6); (1, 3); (1, 5); (1, 6); (2, 3); (2, 5); (2, 6); (3, 5); (4, 5); (4, 6); (5, 6)",0,1,1,0,1,True
955,7,12,"(0, 5); (0, 6); (1, 4); (1, 5); (1, 6); (2, 3); (2, 5); (2, 6); (3, 4); (3, 6); (4, 5); (5, 6)",0,1,1,174,1,False
956,7,12,"(0, 1); (0, 2); (0, 3); (1, 2); (1, 4); (1, 5); (1, 6); (2, 4); (2, 5); (2, 6); (3, 5); (4, 6)",3,1,1,0,1,True
957,7,12,"(0, 1); (0, 3); (0, 4); (1, 2); (1, 5); (2, 3); (2, 4); (3, 4); (3, 5); (3, 6); (4, 5); (4, 6)",6,1,1,0,1,True
958,7,12,"(0, 1); (0, 2); (0, 5); (1, 2); (1, 3); (1, 4); (1, 6); (2, 5); (3, 4); (3, 5); (4, 5); (5, 6)",6,1,1,0,1,True
959,7,12,"(0, 1); (0, 3); (0, 4); (0, 6); (1, 2); (1, 4); (1, 5); (1, 6); (2, 3); (2, 4); (3, 4); (5, 6)",0; 4; 5,3,1,0,1,True
960,7,12,"(0, 1); (0, 3); (0, 4); (1, 3); (1, 4); (1, 5); (1, 6); (2, 3); (2, 4); (2, 5); (2, 6); (4, 6)",2; 4; 5,3,1,0,1,True
961,7,12,"(0, 1); (0, 3); (0, 5); (1, 2); (1, 4); (1, 5); (1, 6); (2, 3); (2, 4); (2, 6); (3, 5); (4, 5)",2; 5; 6,3,1,0,1,True
962,7,12,"(0, 1); (0, 3); (0, 5); (1, 2); (1, 4); (1, 5); (1, 6); (2, 3); (2, 4); (3, 5); (4, 5); (4, 6)",4; 5; 6,3,1,0,1,True
963,7,12,"(0, 1); (0, 3); (0, 5); (0, 6); (1, 2); (1, 4); (1, 5); (1, 6); (2, 3); (2, 4); (3, 5); (4, 5)",0; 5; 6,3,1,0,1,True
964,7,12,"(0, 1); (0, 3); (0, 4); (1, 2); (1, 5); (2, 3); (2, 4); (2, 6); (3, 4); (3, 6); (4, 5); (4, 6)",2; 3; 5,3,1,0,1,True
965,7,12,"(0, 4); (0, 5); (0, 6); (1, 3); (1, 5); (1, 6); (2, 3); (2, 4); (3, 5); (3, 6); (4, 5); (5, 6)",2; 3; 6,3,1,0,1,True
966,7,12,"(0, 3); (0, 5); (1, 2); (1, 5); (1, 6); (2, 4); (2, 6); (3, 4); (3, 6); (4, 5); (4, 6); (5, 6)",0; 4; 5,3,1,0,1,True
967,7,12,"(0, 3); (0, 6); (1, 4); (1, 5); (1, 6); (2, 3); (2, 4); (2, 5); (3, 6); (4, 5); (4, 6); (5, 6)",0; 4; 5,3,1,0,1,True
968,7,12,"(0, 1); (0, 4); (0, 6); (1, 2); (1, 6); (2, 3); (2, 6); (3, 4); (3, 5); (3, 6); (4, 5); (4, 6)",3; 4; 5,3,1,0,1,True
969,7,12,"(0, 1); (0, 2); (0, 3); (1, 3); (1, 4); (1, 5); (1, 6); (2, 3); (2, 4); (2, 5); (3, 5); (4, 6)",2; 3; 6,3,1,0,1,True
970,7,12,"(0, 1); (0, 2); (0, 5); (1, 2); (1, 3); (1, 4); (1, 6); (2, 5); (3, 4); (3, 5); (3, 6); (4, 5)",3; 5; 6,3,1,0,1,True
971,7,12,"(0, 3); (0, 4); (0, 5); (1, 2); (1, 4); (1, 5); (2, 3); (2, 4); (2, 6); (3, 4); (3, 6); (4, 6)",2; 3; 5,3,1,0,1,True
972,7,12,"(0, 3); (0, 4); (0, 5); (0, 6); (1, 3); (1, 5); (1, 6); (2, 3); (2, 4); (3, 5); (3, 6); (4, 5)",0; 2; 5,3,1,0,1,True
973,7,12,"(0, 3); (0, 5); (1, 4); (1, 5); (1, 6); (2, 4); (2, 5); (2, 6); (3, 4); (3, 6); (4, 6); (5, 6)",0; 4; 5,3,1,0,1,True
974,7,12,"(0, 3); (0, 4); (0, 5); (0, 6); (1, 2); (1, 4); (1, 5); (1, 6); (2, 3); (2, 6); (3, 6); (4, 6)",0; 1; 5,3,1,0,1,True
975,7,12,"(0, 5); (0, 6); (1, 3); (1, 4); (1, 6); (2, 3); (2, 4); (2, 6); (3, 5); (4, 5); (4, 6); (5, 6)",0; 4; 5,3,1,0,1,True
976,7,12,"(0, 3); (0, 5); (1, 2); (1, 4); (1, 6); (2, 4); (2, 6); (3, 5); (3, 6); (4, 5); (4, 6); (5, 6)",0; 4; 5,3,1,0,1,True
977,7,12,"(0, 3); (0, 6); (1, 4); (1, 5); (1, 6); (2, 4); (2, 5); (2, 6); (3, 4); (3, 5); (4, 6); (5, 6)",0; 4; 5,3,1,0,1,True
978,7,12,"(0, 5); (0, 6); (1, 4); (1, 5); (1, 6); (2, 4); (2, 5); (2, 6); (3, 4); (3, 5); (3, 6); (4, 6)",0; 4; 5,3,1,0,1,True
979,7,12,"(0, 1); (0, 3); (0, 5); (1, 2); (1, 4); (1, 6); (2, 3); (2, 4); (2, 6); (3, 4); (3, 5); (4, 5)",1; 2; 3; 4; 6,5,1,0,1,True
980,7,12,"(0, 1); (0, 3); (0, 5); (1, 2); (1, 4); (1, 6); (2, 3); (2, 4); (3, 4); (3, 5); (4, 5); (5, 6)",1; 3; 4; 5; 6,5,1,0,1,True
981,7,12,"(0, 2); (0, 6); (1, 4); (1, 5); (1, 6); (2, 3); (2, 5); (3, 4); (3, 5); (3, 6); (4, 5); (4, 6)",0; 3; 4; 5; 6,5,1,0,1,True
982,7,12,"(0, 5); (0, 6); (1, 3); (1, 4); (1, 6); (2, 3); (2, 4); (2, 5); (3, 4); (3, 6); (4, 5); (5, 6)",0; 3; 4; 5; 6,5,1,0,1,True
983,7,12,"(0, 1); (0, 3); (0, 5); (1, 2); (1, 4); (2, 3); (2, 4); (2, 5); (3, 4); (3, 5); (4, 6); (5, 6)",2; 3; 4; 5; 6,5,1,0,1,True
984,7,12,"(0, 2); (0, 6); (1, 2); (1, 4); (1, 5); (2, 3); (3, 4); (3, 5); (3, 6); (4, 5); (4, 6); (5, 6)",0; 3; 4; 5; 6,5,1,0,1,True
985,7,12,"(0, 2); (0, 6); (1, 3); (1, 4); (1, 5); (2, 4); (2, 5); (3, 4); (3, 5); (3, 6); (4, 6); (5, 6)",0; 3; 4; 5; 6,5,1,0,1,True
986,7,12,"(0, 2); (0, 6); (1, 3); (1, 4); (1, 5); (2, 5); (2, 6); (3, 4); (3, 5); (3, 6); (4, 5); (4, 6)",0; 3; 4; 5; 6,5,1,0,1,True
987,7,12,"(0, 5); (0, 6); (1, 3); (1, 4); (1, 6); (2, 3); (2, 4); (2, 6); (3, 4); (3, 5); (4, 5); (5, 6)",0; 3; 4; 5; 6,5,1,0,1,True
988,7,12,"(0, 5); (0, 6); (1, 2); (1, 5); (1, 6); (2, 3); (2, 4); (3, 4); (3, 5); (3, 6); (4, 5); (4, 6)",0; 3; 4; 5; 6,5,1,0,1,True
989,7,12,"(0, 3); (0, 4); (0, 6); (1, 5); (1, 6); (2, 3); (2, 4); (2, 5); (3, 5); (3, 6); (4, 5); (4, 6)",1; 3; 4; 5; 6,5,1,0,1,True
990,7,12,"(0, 5); (0, 6); (1, 2); (1, 3); (1, 4); (2, 3); (2, 4); (3, 5); (3, 6); (4, 5); (4, 6); (5, 6)",0; 3; 4; 5; 6,5,1,0,1,True
991,7,12,"(0, 1); (0, 2); (1, 5); (1, 6); (2, 3); (2, 4); (3, 4); (3, 5); (3, 6); (4, 5); (4, 6); (5, 6)",0; 3; 4; 5; 6,5,1,0,1,True
992,7,12,"(0, 3); (0, 4); (0, 6); (1, 3); (1, 5); (1, 6); (2, 3); (2, 4); (2, 5); (3, 5); (3, 6); (4, 6)",6,1,1,0,1,True
993,7,12,"(0, 4); (0, 5); (0, 6); (1, 3); (1, 5); (1, 6); (2, 3); (2, 4); (2, 5); (3, 6); (4, 6); (5, 6)",5,1,1,187,1,False
994,7,12,"(0, 3); (0, 4); (0, 6); (1, 3); (1, 4); (1, 5); (2, 3); (2, 4); (2, 5); (3, 4); (3, 6); (5, 6)",4,1,1,0,1,True
995,7,12,"(0, 3); (0, 4); (0, 6); (1, 3); (1, 4); (1, 5); (2, 3); (2, 4); (2, 5); (3, 5); (3, 6); (4, 6)",4,1,1,0,1,True
996,7,12,"(0, 4); (0, 5); (0, 6); (1, 2); (1, 3); (1, 6); (2, 3); (2, 6); (3, 5); (4, 5); (4, 6); (5, 6)",5,1,1,0,1,True
997,7,12,"(0, 3); (0, 4); (0, 6); (1, 3); (1, 5); (1, 6); (2, 3); (2, 4); (2, 5); (3, 6); (4, 5); (4, 6)",3; 4; 6,3,1,0,1,True
998,7,12,"(0, 3); (0, 4); (0, 5); (0, 6); (1, 2); (1, 4); (1, 5); (2, 3); (2, 4); (3, 4); (3, 6); (5, 6)",0; 3; 4,3,1,0,1,True
999,7,12,"(0, 3); (0, 5); (0, 6); (1, 2); (1, 5); (1, 6); (2, 4); (2, 6); (3, 4); (3, 5); (4, 5); (4, 6)",4; 5; 6,3,1,0,1,True
1000,7,12,"(0, 3); (0, 5); (0, 6); (1, 2); (1, 4); (1, 6); (2, 3); (2, 5); (3, 4); (4, 5); (4, 6); (5, 6)",4; 5; 6,3,1,0,1,True
1001,7,12,"(0, 3); (0, 5); (0, 6); (1, 2); (1, 5); (1, 6); (2, 3); (2, 4); (3, 4); (4, 5); (4, 6); (5, 6)",4; 5; 6,3,1,0,1,True
1002,7,12,"(0, 1); (0, 3); (0, 4); (1, 3); (1, 4); (2, 3); (2, 4); (2, 5); (2, 6); (3, 6); (4, 5); (5, 6)",2; 3; 4,3,1,0,1,True
1003,7,12,"(0, 1); (0, 3); (0, 4); (1, 2); (1, 4); (2, 3); (2, 5); (2, 6); (3, 5); (3, 6); (4, 5); (4, 6)",2; 3; 4,3,1,0,1,True
1004,7,12,"(0, 4); (0, 5); (0, 6); (1, 3); (1, 5); (1, 6); (2, 3); (2, 5); (2, 6); (3, 4); (4, 5); (4, 6)",4; 5; 6,3,1,0,1,True
1005,7,12,"(0, 3); (0, 4); (0, 6); (1, 3); (1, 5); (1, 6); (2, 4); (2, 5); (2, 6); (3, 4); (3, 5); (4, 5)",3; 4; 5,3,1,0,1,True
1006,7,12,"(0, 1); (0, 4); (0, 5); (1, 4); (1, 6); (2, 3); (2, 5); (2, 6); (3, 4); (3, 5); (3, 6); (5, 6)",3; 5; 6,3,1,0,1,True
1007,7,12,"(0, 1); (0, 2); (0, 4); (0, 5); (1, 3); (1, 6); (2, 3); (2, 6); (3, 4); (3, 5); (4, 6); (5, 6)",0; 3; 6,3,1,0,1,True
1008,7,12,"(0, 1); (0, 5); (0, 6); (1, 2); (1, 6); (2, 3); (2, 6); (3, 4); (3, 6); (4, 5); (4, 6); (5, 6)",6,1,1,174,1,False
1009,7,12,"(0, 3); (0, 4); (0, 6); (1, 2); (1, 4); (1, 5); (2, 4); (2, 5); (3, 4); (3, 6); (4, 5); (4, 6)",4,1,1,0,1,True
1010,7,13,"(1, 4); (1, 5); (1, 6); (2, 3); (2, 4); (2, 5); (2, 6); (3, 4); (3, 5); (3, 6); (4, 5); (4, 6); (5, 6)",0; 2; 3,3,1,0,1,True
1011,7,13,"(1, 3); (1, 4); (1, 5); (1, 6); (2, 3); (2, 4); (2, 5); (2, 6); (3, 5); (3, 6); (4, 5); (4, 6); (5, 6)",0; 1; 2; 3; 4,5,1,0,1,True
1012,7,13,"(0, 6); (1, 4); (1, 5); (2, 3); (2, 4); (2, 5); (2, 6); (3, 4); (3, 5); (3, 6); (4, 5); (4, 6); (5, 6)",1; 2; 3,3,1,0,1,True
1013,7,13,"(0, 1); (0, 2); (0, 3); (0, 4); (1, 2); (1, 3); (1, 4); (2, 3); (2, 4); (3, 4); (3, 5); (4, 5); (4, 6)",0; 1; 2; 4; 5,5,1,0,1,True
1014,7,13,"(0, 1); (0, 2); (0, 3); (0, 4); (0, 5); (1, 2); (1, 3); (1, 4); (1, 5); (1, 6); (2, 4); (3, 4); (4, 5)",1,1,1,0,1,True
1015,7,13,"(0, 1); (0, 2); (0, 3); (0, 4); (0, 5); (0, 6); (2, 3); (2, 4); (2, 5); (2, 6); (3, 6); (4, 5); (5, 6)",0; 5; 6,3,1,0,1,True
1016,7,13,"(0, 6); (1, 4); (1, 5); (1, 6); (2, 3); (2, 4); (2, 5); (3, 4); (3, 5); (3, 6); (4, 5); (4, 6); (5, 6)",3,1,1,0,1,True
1017,7,13,"(0, 3); (1, 4); (1, 5); (1, 6); (2, 4); (2, 5); (2, 6); (3, 4); (3, 5); (3, 6); (4, 5); (4, 6); (5, 6)",3,1,1,0,1,True
1018,7,13,"(0, 1); (0, 2); (0, 3); (0, 4); (0, 5); (0, 6); (2, 5); (2, 6); (3, 4); (3, 5); (3, 6); (4, 5); (4, 6)",0; 3; 4; 5; 6,5,1,0,1,True
1019,7,13,"(0, 6); (1, 4); (1, 5); (1, 6); (2, 3); (2, 4); (2, 5); (2, 6); (3, 4); (3, 5); (3, 6); (4, 5); (5, 6)",2; 3; 4,3,1,0,1,True
1020,7,13,"(0, 6); (1, 3); (1, 4); (1, 5); (2, 3); (2, 4); (2, 5); (2, 6); (3, 5); (3, 6); (4, 5); (4, 6); (5, 6)",2; 3; 4,3,1,0,1,True
1021,7,13,"(0, 1); (0, 2); (0, 4); (0, 5); (1, 4); (1, 5); (1, 6); (2, 3); (2, 4); (2, 5); (3, 4); (3, 5); (4, 5)",0; 1; 2,3,1,0,1,True
1022,7,13,"(0, 1); (0, 2); (0, 3); (0, 4); (1, 2); (1, 3); (1, 4); (2, 3); (2, 4); (3, 4); (3, 5); (4, 5); (5, 6)",0; 1; 2,3,1,0,1,True
1023,7,13,"(0, 5); (1, 3); (1, 4); (1, 5); (1, 6); (2, 3); (2, 4); (2, 5); (2, 6); (3, 4); (3, 6); (4, 6); (5, 6)",1; 2; 3; 4; 5,5,1,0,1,True
1024,7,13,"(0, 6); (1, 3); (1, 4); (1, 5); (1, 6); (2, 3); (2, 4); (2, 5); (2, 6); (3, 5); (3, 6); (4, 5); (4, 6)",1; 2; 3; 4; 5,5,1,0,1,True
1025,7,13,"(0, 1); (0, 5); (0, 6); (1, 2); (1, 5); (1, 6); (2, 5); (2, 6); (3, 5); (3, 6); (4, 5); (4, 6); (5, 6)",1; 3; 4; 5; 6,5,1,0,1,True
1026,7,13,"(0, 1); (0, 2); (0, 3); (0, 4); (0, 5); (0, 6); (1, 2); (1, 3); (1, 4); (1, 5); (2, 3); (2, 4); (2, 6)",0; 5; 6,3,1,0,1,True
1027,7,13,"(0, 1); (0, 3); (0, 4); (0, 6); (1, 2); (1, 3); (1, 4); (2, 3); (2, 4); (3, 4); (3, 5); (3, 6); (4, 5)",0; 1; 3; 5; 6,5,1,0,1,True
1028,7,13,"(0, 1); (0, 3); (0, 4); (0, 5); (0, 6); (1, 2); (1, 3); (1, 4); (2, 3); (2, 4); (3, 4); (3, 5); (3, 6)",1; 3; 4; 5; 6,5,1,0,1,True
1029,7,13,"(0, 1); (0, 3); (0, 4); (0, 5); (0, 6); (1, 2); (1, 3); (1, 4); (2, 3); (2, 4); (3, 4); (3, 5); (4, 6)",1; 5; 6,3,1,0,1,True
1030,7,13,"(0, 5); (0, 6); (1, 3); (1, 4); (2, 4); (2, 5); (2, 6); (3, 4); (3, 5); (3, 6); (4, 5); (4, 6); (5, 6)",0; 1; 3,3,1,0,1,True
1031,7,13,"(0, 1); (0, 2); (0, 3); (0, 4); (0, 5); (0, 6); (1, 2); (1, 3); (1, 4); (2, 3); (2, 4); (3, 5); (4, 6)",0; 1; 2; 3; 4; 5; 6,7,1,0,1,True
1032,7,13,"(0, 1); (0, 2); (0, 3); (0, 4); (1, 2); (1, 3); (1, 4); (1, 5); (1, 6); (2, 3); (2, 4); (3, 4); (5, 6)",0; 1; 2; 3; 4; 5; 6,7,1,0,1,True
1033,7,13,"(0, 4); (0, 6); (1, 3); (1, 5); (2, 3); (2, 4); (2, 5); (2, 6); (3, 5); (3, 6); (4, 5); (4, 6); (5, 6)",0; 1; 2; 3; 4,5,1,0,1,True
1034,7,13,"(0, 5); (0, 6); (1, 4); (1, 6); (2, 3); (2, 4); (2, 5); (2, 6); (3, 4); (3, 5); (3, 6); (4, 5); (5, 6)",0; 1; 2; 3; 4,5,1,0,1,True
1035,7,13,"(0, 5); (0, 6); (1, 3); (1, 4); (2, 3); (2, 4); (2, 5); (2, 6); (3, 5); (3, 6); (4, 5); (4, 6); (5, 6)",0; 1; 2; 3; 4,5,1,0,1,True
1036,7,13,"(0, 1); (0, 2); (0, 3); (0, 4); (1, 2); (1, 3); (1, 4); (2, 3); (2, 4); (3, 4); (3, 5); (4, 6); (5, 6)",0; 1; 2; 5; 6,5,1,0,1,True
1037,7,13,"(0, 5); (0, 6); (1, 5); (1, 6); (2, 3); (2, 4); (2, 5); (2, 6); (3, 4); (3, 5); (3, 6); (4, 5); (4, 6)",0; 1; 2; 3; 4,5,1,0,1,True
1038,7,13,"(0, 1); (0, 2); (0, 5); (1, 2); (1, 3); (1, 4); (1, 5); (1, 6); (2, 5); (3, 4); (3, 5); (4, 5); (5, 6)",1; 5; 6,3,1,0,1,True
1039,7,13,"(0, 1); (0, 3); (0, 4); (0, 5); (0, 6); (1, 2); (1, 4); (2, 3); (2, 4); (3, 4); (3, 6); (4, 5); (4, 6)",3; 4; 5,3,1,0,1,True
1040,7,13,"(0, 1); (0, 2); (0, 5); (1, 2); (1, 3); (1, 4); (1, 5); (1, 6); (2, 5); (2, 6); (3, 4); (3, 5); (4, 5)",1; 2; 6,3,1,0,1,True
1041,7,13,"(0, 1); (0, 2); (0, 3); (0, 4); (0, 5); (0, 6); (1, 2); (1, 3); (1, 4); (1, 5); (2, 3); (2, 4); (5, 6)",0; 2; 6,3,1,0,1,True
1042,7,13,"(0, 1); (0, 3); (0, 5); (0, 6); (1, 2); (1, 3); (1, 4); (1, 5); (1, 6); (2, 3); (2, 4); (2, 5); (2, 6)",0; 1; 4,3,1,0,1,True
1043,7,13,"(0, 3); (0, 4); (1, 2); (1, 3); (1, 4); (2, 3); (2, 4); (2, 5); (2, 6); (3, 4); (3, 6); (4, 5); (5, 6)",0,1,1,187,1,False
1044,7,13,"(0, 3); (0, 6); (1, 4); (1, 5); (1, 6); (2, 4); (2, 5); (2, 6); (3, 4); (3, 5); (4, 5); (4, 6); (5, 6)",0,1,1,0,1,True
1045,7,13,"(0, 3); (0, 4); (1, 2); (1, 3); (1, 4); (1, 5); (1, 6); (2, 3); (2, 4); (3, 5); (3, 6); (4, 5); (4, 6)",0,1,1,0,1,True
1046,7,13,"(0, 1); (0, 2); (0, 3); (0, 4); (0, 5); (0, 6); (1, 2); (1, 3); (1, 4); (2, 4); (2, 5); (3, 5); (3, 6)",0; 1; 2; 3; 6,5,1,0,1,True
1047,7,13,"(0, 1); (0, 2); (0, 3); (0, 4); (0, 5); (0, 6); (1, 2); (1, 3); (1, 4); (2, 3); (2, 4); (3, 5); (5, 6)",0; 1; 2; 3; 6,5,1,0,1,True
1048,7,13,"(0, 1); (0, 2); (0, 3); (0, 4); (0, 5); (0, 6); (1, 2); (1, 3); (1, 4); (2, 3); (2, 5); (3, 6); (4, 5)",0; 1; 2; 3; 6,5,1,0,1,True
1049,7,13,"(0, 1); (0, 2); (0, 3); (0, 4); (0, 5); (0, 6); (1, 2); (1, 3); (1, 6); (2, 4); (2, 5); (3, 4); (3, 5)",0; 1; 2; 3; 6,5,1,0,1,True
1050,7,13,"(0, 2); (0, 6); (1, 4); (1, 5); (1, 6); (2, 3); (2, 5); (3, 4); (3, 5); (3, 6); (4, 5); (4, 6); (5, 6)",0; 3; 4,3,1,0,1,True
1051,7,13,"(0, 3); (0, 4); (1, 2); (1, 3); (1, 5); (1, 6); (2, 3); (2, 4); (2, 5); (2, 6); (3, 4); (3, 6); (4, 5)",0; 1; 4,3,1,0,1,True
1052,7,13,"(0, 4); (0, 6); (1, 4); (1, 5); (1, 6); (2, 3); (2, 5); (2, 6); (3, 4); (3, 5); (3, 6); (4, 5); (5, 6)",0; 3; 4,3,1,0,1,True
1053,7,13,"(0, 1); (0, 2); (0, 4); (0, 5); (1, 2); (1, 3); (1, 4); (1, 6); (2, 5); (3, 4); (3, 5); (4, 5); (4, 6)",0; 5; 6,3,1,0,1,True
1054,7,13,"(0, 1); (0, 2); (0, 3); (0, 4); (0, 5); (1, 4); (1, 5); (1, 6); (2, 3); (2, 5); (3, 4); (4, 5); (5, 6)",1; 4; 6,3,1,0,1,True
1055,7,13,"(0, 1); (0, 2); (0, 3); (0, 4); (0, 5); (1, 2); (1, 3); (1, 6); (2, 3); (2, 5); (3, 4); (3, 5); (4, 6)",1; 2; 6,3,1,0,1,True
1056,7,13,"(0, 1); (0, 2); (0, 3); (0, 5); (1, 2); (1, 4); (1, 5); (2, 3); (2, 5); (2, 6); (3, 4); (4, 5); (5, 6)",0; 1; 6,3,1,0,1,True
1057,7,13,"(0, 3); (0, 4); (0, 5); (1, 3); (1, 4); (1, 5); (2, 3); (2, 6); (3, 4); (3, 6); (4, 5); (4, 6); (5, 6)",2; 5; 6,3,1,0,1,True
1058,7,13,"(0, 2); (0, 6); (1, 3); (1, 4); (1, 5); (2, 5); (2, 6); (3, 4); (3, 5); (3, 6); (4, 5); (4, 6); (5, 6)",0; 3; 4,3,1,0,1,True
1059,7,13,"(0, 1); (0, 2); (0, 4); (0, 5); (1, 4); (1, 5); (2, 3); (2, 4); (2, 5); (3, 4); (3, 5); (4, 6); (5, 6)",0; 2; 6,3,1,0,1,True
1060,7,13,"(0, 1); (0, 2); (0, 4); (0, 5); (0, 6); (1, 2); (1, 3); (1, 4); (2, 5); (3, 4); (3, 5); (4, 5); (4, 6)",1; 5; 6,3,1,0,1,True
1061,7,13,"(0, 1); (0, 3); (0, 4); (0, 5); (0, 6); (1, 3); (1, 4); (1, 5); (1, 6); (2, 3); (2, 4); (3, 6); (4, 5)",2; 3; 4,3,1,0,1,True
1062,7,13,"(0, 5); (0, 6); (1, 2); (1, 5); (1, 6); (2, 3); (2, 4); (3, 4); (3, 5); (3, 6); (4, 5); (4, 6); (5, 6)",0; 3; 4,3,1,0,1,True
1063,7,13,"(0, 1); (0, 2); (0, 5); (1, 2); (1, 3); (1, 4); (1, 5); (2, 5); (3, 4); (3, 5); (3, 6); (4, 5); (4, 6)",3; 4; 6,3,1,0,1,True
1064,7,13,"(0, 1); (0, 2); (0, 3); (0, 4); (1, 2); (1, 3); (1, 4); (1, 5); (2, 5); (2, 6); (3, 4); (3, 6); (4, 5)",0; 2; 3; 4; 6,5,1,0,1,True
1065,7,13,"(0, 1); (0, 2); (0, 3); (0, 4); (0, 5); (1, 2); (1, 5); (1, 6); (2, 3); (2, 6); (4, 5); (4, 6); (5, 6)",1; 2; 3; 5; 6,5,1,0,1,True
1066,7,13,"(0, 5); (0, 6); (1, 4); (1, 5); (1, 6); (2, 3); (2, 4); (2, 5); (2, 6); (3, 4); (3, 5); (3, 6); (4, 6)",0; 2; 3; 4; 5,5,1,0,1,True
1067,7,13,"(0, 5); (0, 6); (1, 3); (1, 4); (1, 6); (2, 3); (2, 4); (2, 5); (2, 6); (3, 5); (3, 6); (4, 5); (4, 6)",0; 2; 3; 4; 5,5,1,0,1,True
1068,7,13,"(0, 1); (0, 2); (0, 3); (0, 4); (0, 5); (1, 2); (1, 3); (1, 4); (2, 3); (2, 4); (3, 5); (4, 6); (5, 6)",1; 2; 3; 4; 6,5,1,0,1,True
1069,7,13,"(0, 5); (0, 6); (1, 2); (1, 3); (1, 4); (2, 4); (2, 5); (2, 6); (3, 4); (3, 5); (3, 6); (4, 6); (5, 6)",0; 2; 3; 4; 5,5,1,0,1,True
1070,7,13,"(0, 2); (0, 3); (0, 4); (0, 5); (0, 6); (1, 2); (1, 3); (1, 5); (2, 3); (2, 4); (3, 4); (4, 5); (5, 6)",2; 3; 4; 5; 6,5,1,0,1,True
1071,7,13,"(0, 1); (0, 2); (0, 3); (0, 4); (0, 5); (1, 4); (1, 5); (2, 3); (2, 5); (2, 6); (3, 4); (3, 6); (4, 5)",2; 3; 4; 5; 6,5,1,0,1,True
1072,7,13,"(0, 1); (0, 3); (0, 4); (0, 5); (1, 2); (1, 5); (2, 3); (2, 4); (2, 5); (3, 5); (3, 6); (4, 5); (4, 6)",0; 2; 3; 4; 6,5,1,0,1,True
1073,7,13,"(0, 1); (0, 6); (1, 4); (1, 5); (2, 3); (2, 4); (2, 5); (2, 6); (3, 4); (3, 5); (3, 6); (4, 6); (5, 6)",0; 2; 3; 4; 5,5,1,0,1,True
1074,7,13,"(0, 1); (0, 6); (1, 5); (1, 6); (2, 3); (2, 4); (2, 5); (2, 6); (3, 4); (3, 5); (3, 6); (4, 5); (4, 6)",0; 2; 3; 4; 5,5,1,0,1,True
1075,7,13,"(0, 1); (0, 4); (0, 5); (0, 6); (1, 2); (2, 3); (2, 5); (2, 6); (3, 4); (3, 5); (3, 6); (4, 5); (4, 6)",0; 1; 2; 3; 4; 5; 6,7,1,0,1,True
1076,7,13,"(0, 1); (0, 2); (0, 4); (0, 6); (1, 2); (2, 3); (2, 5); (3, 4); (3, 5); (3, 6); (4, 5); (4, 6); (5, 6)",0; 1; 2; 3; 4; 5; 6,7,1,0,1,True
1077,7,13,"(0, 1); (0, 3); (0, 4); (1, 2); (1, 3); (2, 3); (2, 4); (2, 5); (2, 6); (3, 4); (3, 5); (3, 6); (5, 6)",3,1,1,0,1,True
1078,7,13,"(0, 1); (0, 4); (0, 5); (1, 2); (1, 5); (2, 3); (2, 5); (3, 4); (3, 5); (3, 6); (4, 5); (4, 6); (5, 6)",3; 4; 5,3,1,0,1,True
1079,7,13,"(0, 1); (0, 3); (0, 6); (1, 2); (1, 3); (1, 4); (1, 5); (1, 6); (2, 3); (2, 6); (3, 4); (4, 5); (5, 6)",1; 3; 6,3,1,0,1,True
1080,7,13,"(0, 1); (0, 2); (0, 3); (0, 4); (0, 5); (0, 6); (1, 2); (1, 3); (1, 4); (2, 5); (2, 6); (3, 5); (4, 6)",0; 1; 2,3,1,0,1,True
1081,7,13,"(0, 3); (0, 5); (0, 6); (1, 2); (1, 3); (1, 4); (1, 5); (2, 3); (2, 4); (3, 4); (3, 5); (3, 6); (5, 6)",1; 3; 5,3,1,0,1,True
1082,7,13,"(0, 1); (0, 3); (0, 4); (0, 6); (1, 2); (1, 4); (2, 3); (2, 5); (3, 4); (3, 5); (3, 6); (4, 5); (4, 6)",0,1,1,0,1,True
1083,7,13,"(0, 1); (0, 4); (0, 6); (1, 2); (1, 5); (1, 6); (2, 3); (2, 5); (3, 5); (3, 6); (4, 5); (4, 6); (5, 6)",1,1,1,174,1,False
1084,7,13,"(0, 4); (0, 5); (0, 6); (1, 4); (1, 5); (1, 6); (2, 3); (2, 5); (2, 6); (3, 4); (3, 6); (4, 5); (5, 6)",4,1,1,0,1,True
1085,7,13,"(0, 4); (0, 5); (0, 6); (1, 3); (1, 5); (1, 6); (2, 3); (2, 5); (2, 6); (3, 4); (4, 5); (4, 6); (5, 6)",4,1,1,0,1,True
1086,7,13,"(0, 1); (0, 2); (0, 5); (1, 2); (1, 5); (2, 3); (2, 4); (2, 5); (3, 4); (3, 6); (4, 5); (4, 6); (5, 6)",4,1,1,0,1,True
1087,7,13,"(0, 1); (0, 5); (0, 6); (1, 2); (1, 5); (1, 6); (2, 5); (2, 6); (3, 4); (3, 5); (3, 6); (4, 5); (4, 6)",1,1,1,0,1,True
1088,7,13,"(0, 1); (0, 2); (0, 4); (0, 5); (0, 6); (1, 3); (1, 6); (2, 3); (2, 6); (3, 4); (3, 5); (4, 6); (5, 6)",3,1,1,0,1,True
1089,7,13,"(0, 4); (0, 5); (0, 6); (1, 2); (1, 5); (1, 6); (2, 3); (2, 6); (3, 4); (3, 5); (3, 6); (4, 5); (4, 6)",3; 4; 5,3,1,0,1,True
1090,7,13,"(0, 2); (0, 3); (0, 6); (1, 2); (1, 3); (1, 4); (1, 5); (1, 6); (2, 3); (2, 5); (3, 4); (4, 5); (4, 6)",2; 3; 4,3,1,0,1,True
1091,7,13,"(0, 1); (0, 3); (0, 4); (1, 2); (1, 4); (1, 5); (1, 6); (2, 3); (2, 5); (2, 6); (3, 4); (4, 5); (5, 6)",2; 4; 5,3,1,0,1,True
1092,7,13,"(0, 4); (0, 5); (0, 6); (1, 4); (1, 5); (1, 6); (2, 3); (2, 5); (2, 6); (3, 4); (3, 5); (3, 6); (4, 6)",3; 4; 5,3,1,0,1,True
1093,7,13,"(0, 3); (0, 4); (0, 6); (1, 3); (1, 5); (1, 6); (2, 3); (2, 4); (2, 5); (3, 5); (3, 6); (4, 5); (4, 6)",4; 5; 6,3,1,0,1,True
1094,7,13,"(0, 4); (0, 5); (0, 6); (1, 2); (1, 4); (1, 5); (2, 3); (2, 6); (3, 4); (3, 5); (3, 6); (4, 6); (5, 6)",3; 4; 5,3,1,0,1,True
1095,7,13,"(0, 4); (0, 5); (0, 6); (1, 3); (1, 5); (1, 6); (2, 3); (2, 4); (2, 5); (3, 4); (3, 6); (4, 6); (5, 6)",3; 4; 5,3,1,0,1,True
1096,7,13,"(0, 2); (0, 5); (0, 6); (1, 2); (1, 4); (1, 6); (2, 3); (3, 4); (3, 5); (3, 6); (4, 5); (4, 6); (5, 6)",3; 4; 5,3,1,0,1,True
1097,7,13,"(0, 1); (0, 5); (0, 6); (1, 2); (1, 5); (1, 6); (2, 3); (2, 4); (2, 5); (2, 6); (3, 4); (3, 5); (4, 6)",1; 5; 6,3,1,0,1,True
1098,7,13,"(0, 2); (0, 5); (0, 6); (1, 2); (1, 3); (1, 4); (2, 6); (3, 4); (3, 5); (3, 6); (4, 5); (4, 6); (5, 6)",3; 4; 5,3,1,0,1,True
1099,7,13,"(0, 1); (0, 3); (0, 4); (0, 6); (1, 3); (1, 4); (1, 6); (2, 3); (2, 4); (2, 5); (3, 5); (3, 6); (4, 5)",0; 1; 4,3,1,0,1,True
1100,7,13,"(0, 2); (0, 3); (0, 5); (0, 6); (1, 2); (1, 4); (1, 5); (1, 6); (2, 3); (3, 4); (3, 6); (4, 5); (4, 6)",0; 1; 3; 4; 6,5,1,0,1,True
1101,7,13,"(0, 4); (0, 5); (0, 6); (1, 2); (1, 3); (1, 6); (2, 3); (2, 5); (2, 6); (3, 4); (3, 5); (4, 5); (4, 6)",2; 3; 4; 5; 6,5,1,0,1,True
1102,7,13,"(0, 4); (0, 5); (0, 6); (1, 2); (1, 3); (1, 6); (2, 4); (2, 5); (2, 6); (3, 4); (3, 5); (3, 6); (4, 5)",2; 3; 4; 5; 6,5,1,0,1,True
1103,7,13,"(0, 1); (0, 3); (0, 4); (1, 2); (1, 4); (2, 3); (2, 5); (2, 6); (3, 5); (3, 6); (4, 5); (4, 6); (5, 6)",2; 3; 4; 5; 6,5,1,0,1,True
1104,7,13,"(0, 1); (0, 5); (0, 6); (1, 3); (1, 4); (2, 3); (2, 4); (2, 5); (2, 6); (3, 4); (3, 6); (4, 5); (5, 6)",2; 3; 4; 5; 6,5,1,0,1,True
1105,7,13,"(0, 1); (0, 5); (0, 6); (1, 3); (1, 4); (2, 3); (2, 4); (2, 5); (2, 6); (3, 5); (3, 6); (4, 5); (4, 6)",2; 3; 4; 5; 6,5,1,0,1,True
1106,7,13,"(0, 1); (0, 2); (0, 4); (0, 5); (1, 2); (1, 3); (1, 6); (2, 3); (2, 6); (3, 4); (3, 5); (4, 6); (5, 6)",0; 1; 2; 3; 6,5,1,0,1,True
1107,7,14,"(0, 1); (0, 2); (0, 4); (0, 5); (1, 2); (1, 3); (1, 4); (1, 5); (2, 3); (2, 4); (2, 5); (3, 4); (3, 5); (4, 5)",0; 3; 6,3,1,0,1,True
1108,7,14,"(0, 1); (0, 2); (0, 3); (0, 4); (0, 5); (1, 2); (1, 3); (1, 4); (1, 5); (1, 6); (2, 3); (2, 4); (3, 4); (4, 5)",1; 2; 3,3,1,0,1,True
1109,7,14,"(0, 6); (1, 3); (1, 4); (1, 5); (2, 3); (2, 4); (2, 5); (2, 6); (3, 4); (3, 5); (3, 6); (4, 5); (4, 6); (5, 6)",2,1,1,0,1,True
1110,7,14,"(0, 1); (0, 2); (0, 3); (0, 4); (0, 5); (0, 6); (2, 4); (2, 5); (2, 6); (3, 4); (3, 5); (3, 6); (4, 6); (5, 6)",0; 2; 3; 4; 5,5,1,0,1,True
1111,7,14,"(0, 6); (1, 3); (1, 4); (1, 5); (1, 6); (2, 3); (2, 4); (2, 5); (2, 6); (3, 4); (3, 5); (4, 5); (4, 6); (5, 6)",1; 2; 3,3,1,0,1,True
1112,7,14,"(0, 3); (1, 2); (1, 4); (1, 5); (1, 6); (2, 4); (2, 5); (2, 6); (3, 4); (3, 5); (3, 6); (4, 5); (4, 6); (5, 6)",1; 2; 3,3,1,0,1,True
1113,7,14,"(0, 1); (0, 2); (0, 3); (0, 4); (1, 2); (1, 3); (1, 4); (2, 3); (2, 4); (3, 4); (3, 5); (3, 6); (4, 5); (4, 6)",0; 1; 2; 3; 4; 5; 6,7,1,0,1,True
1114,7,14,"(0, 1); (0, 2); (0, 3); (0, 4); (0, 5); (1, 2); (1, 3); (1, 4); (1, 5); (1, 6); (2, 3); (2, 4); (2, 6); (3, 4)",1; 3; 4; 5; 6,5,1,0,1,True
1115,7,14,"(0, 1); (0, 2); (0, 3); (0, 4); (0, 6); (1, 2); (1, 3); (1, 4); (2, 3); (2, 4); (2, 5); (3, 4); (3, 5); (4, 6)",1; 5; 6,3,1,0,1,True
1116,7,14,"(0, 1); (0, 2); (0, 3); (0, 4); (0, 5); (0, 6); (1, 2); (1, 3); (1, 4); (1, 5); (2, 4); (3, 4); (4, 5); (4, 6)",0; 4; 6,3,1,0,1,True
1117,7,14,"(0, 1); (0, 2); (0, 3); (0, 4); (0, 5); (0, 6); (1, 2); (1, 3); (1, 4); (1, 5); (1, 6); (3, 4); (3, 5); (4, 6)",0; 1; 2; 3; 4,5,1,0,1,True
1118,7,14,"(0, 1); (0, 2); (0, 3); (0, 4); (0, 5); (0, 6); (1, 6); (2, 5); (2, 6); (3, 4); (3, 5); (4, 5); (4, 6); (5, 6)",0; 1; 4,3,1,0,1,True
1119,7,14,"(0, 1); (0, 2); (0, 3); (0, 4); (0, 5); (0, 6); (1, 4); (2, 5); (2, 6); (3, 5); (3, 6); (4, 5); (4, 6); (5, 6)",0; 1; 4,3,1,0,1,True
1120,7,14,"(0, 1); (0, 2); (0, 4); (0, 5); (0, 6); (1, 2); (1, 3); (1, 4); (1, 5); (2, 5); (3, 4); (3, 5); (4, 5); (4, 6)",6,1,1,0,1,True
1121,7,14,"(0, 1); (0, 2); (0, 4); (0, 5); (1, 2); (1, 3); (1, 4); (1, 5); (1, 6); (2, 5); (2, 6); (3, 4); (3, 5); (4, 5)",0; 1; 2; 4; 6,5,1,0,1,True
1122,7,14,"(0, 1); (0, 2); (0, 3); (0, 4); (0, 5); (0, 6); (1, 6); (2, 5); (2, 6); (3, 4); (3, 5); (3, 6); (4, 5); (4, 6)",0; 1; 3; 4; 5,5,1,0,1,True
1123,7,14,"(0, 3); (0, 4); (0, 5); (0, 6); (1, 3); (1, 5); (1, 6); (2, 3); (2, 4); (3, 4); (3, 5); (3, 6); (4, 5); (4, 6)",0; 2; 3; 5; 6,5,1,0,1,True
1124,7,14,"(0, 1); (0, 2); (0, 3); (0, 4); (1, 2); (1, 3); (1, 4); (2, 3); (2, 4); (3, 4); (3, 5); (4, 5); (4, 6); (5, 6)",0; 1; 2; 4; 6,5,1,0,1,True
1125,7,14,"(0, 1); (0, 2); (0, 4); (1, 2); (1, 3); (1, 4); (1, 5); (2, 3); (2, 5); (2, 6); (3, 4); (3, 5); (4, 5); (5, 6)",3; 4; 6,3,1,0,1,True
1126,7,14,"(0, 3); (0, 6); (1, 4); (1, 5); (1, 6); (2, 3); (2, 4); (2, 5); (2, 6); (3, 4); (3, 5); (4, 5); (4, 6); (5, 6)",0; 2; 3,3,1,0,1,True
1127,7,14,"(0, 3); (0, 6); (1, 2); (1, 4); (1, 5); (2, 4); (2, 5); (2, 6); (3, 4); (3, 5); (3, 6); (4, 5); (4, 6); (5, 6)",0; 2; 3,3,1,0,1,True
1128,7,14,"(0, 5); (0, 6); (1, 4); (1, 5); (1, 6); (2, 3); (2, 4); (2, 5); (2, 6); (3, 4); (3, 5); (3, 6); (4, 5); (4, 6)",0; 2; 3,3,1,0,1,True
1129,7,14,"(0, 1); (0, 6); (1, 4); (1, 5); (2, 3); (2, 4); (2, 5); (2, 6); (3, 4); (3, 5); (3, 6); (4, 5); (4, 6); (5, 6)",0; 2; 3,3,1,0,1,True
1130,7,14,"(0, 5); (0, 6); (1, 2); (1, 3); (1, 4); (2, 4); (2, 5); (2, 6); (3, 4); (3, 5); (3, 6); (4, 5); (4, 6); (5, 6)",0; 2; 3,3,1,0,1,True
1131,7,14,"(0, 1); (0, 2); (0, 3); (0, 4); (0, 5); (1, 2); (1, 3); (1, 4); (1, 5); (2, 3); (2, 4); (2, 5); (3, 6); (4, 6)",3; 4; 6,3,1,0,1,True
1132,7,14,"(0, 1); (0, 3); (0, 4); (0, 5); (1, 2); (1, 5); (1, 6); (2, 3); (2, 4); (2, 5); (3, 4); (3, 5); (4, 5); (5, 6)",0; 1; 2; 3; 4; 5; 6,7,1,0,1,True
1133,7,14,"(0, 4); (0, 6); (1, 2); (1, 3); (1, 5); (1, 6); (2, 3); (2, 5); (2, 6); (3, 4); (3, 5); (4, 5); (4, 6); (5, 6)",0; 1; 2; 3; 4,5,1,0,1,True
1134,7,14,"(0, 4); (0, 6); (1, 3); (1, 4); (1, 5); (1, 6); (2, 3); (2, 4); (2, 5); (2, 6); (3, 5); (3, 6); (4, 5); (5, 6)",0; 1; 2; 3; 4,5,1,0,1,True
1135,7,14,"(0, 5); (0, 6); (1, 3); (1, 4); (1, 5); (1, 6); (2, 3); (2, 4); (2, 5); (2, 6); (3, 4); (3, 6); (4, 5); (5, 6)",0; 1; 2; 3; 4,5,1,0,1,True
1136,7,14,"(0, 1); (0, 2); (0, 3); (0, 4); (0, 5); (1, 2); (1, 3); (1, 4); (1, 5); (2, 3); (2, 5); (3, 4); (4, 6); (5, 6)",2; 3; 4; 5; 6,5,1,0,1,True
1137,7,14,"(0, 2); (0, 3); (0, 4); (0, 5); (0, 6); (1, 2); (1, 3); (1, 4); (1, 5); (1, 6); (2, 3); (2, 5); (3, 4); (4, 5)",2; 3; 4; 5; 6,5,1,0,1,True
1138,7,14,"(0, 1); (0, 5); (0, 6); (1, 2); (1, 5); (1, 6); (2, 5); (2, 6); (3, 4); (3, 5); (3, 6); (4, 5); (4, 6); (5, 6)",1; 5; 6,3,1,0,1,True
1139,7,14,"(0, 1); (0, 2); (0, 3); (0, 4); (0, 5); (0, 6); (1, 5); (1, 6); (2, 5); (2, 6); (3, 4); (3, 6); (4, 5); (5, 6)",0,1,1,0,1,True
1140,7,14,"(0, 1); (0, 2); (0, 4); (0, 5); (0, 6); (1, 3); (1, 6); (2, 3); (2, 6); (3, 4); (3, 5); (3, 6); (4, 6); (5, 6)",6,1,1,0,1,True
1141,7,14,"(0, 3); (0, 4); (0, 5); (0, 6); (1, 3); (1, 4); (1, 6); (2, 4); (2, 5); (2, 6); (3, 6); (4, 5); (4, 6); (5, 6)",0; 5; 6,3,1,0,1,True
1142,7,14,"(0, 1); (0, 3); (0, 4); (0, 5); (0, 6); (1, 2); (1, 3); (1, 4); (1, 5); (1, 6); (2, 3); (2, 4); (3, 6); (4, 5)",1; 3; 4,3,1,0,1,True
1143,7,14,"(0, 3); (0, 4); (0, 6); (1, 4); (1, 5); (1, 6); (2, 4); (2, 5); (2, 6); (3, 4); (3, 5); (3, 6); (4, 6); (5, 6)",3; 5; 6,3,1,0,1,True
1144,7,14,"(0, 1); (0, 2); (0, 3); (0, 4); (0, 5); (0, 6); (1, 4); (1, 5); (2, 3); (2, 6); (3, 6); (4, 5); (4, 6); (5, 6)",0; 4; 5,3,1,0,1,True
1145,7,14,"(0, 1); (0, 4); (0, 6); (1, 3); (1, 6); (2, 3); (2, 4); (2, 5); (3, 4); (3, 5); (3, 6); (4, 5); (4, 6); (5, 6)",5,1,1,94,1,False
1146,7,14,"(0, 4); (0, 5); (0, 6); (1, 3); (1, 5); (1, 6); (2, 3); (2, 4); (2, 6); (3, 4); (3, 5); (4, 5); (4, 6); (5, 6)",3,1,1,187,1,False
1147,7,14,"(0, 4); (0, 5); (0, 6); (1, 2); (1, 5); (1, 6); (2, 3); (2, 4); (3, 4); (3, 5); (3, 6); (4, 5); (4, 6); (5, 6)",3,1,1,0,1,True
1148,7,14,"(0, 3); (0, 4); (0, 6); (1, 3); (1, 4); (1, 5); (2, 3); (2, 4); (2, 5); (3, 5); (3, 6); (4, 5); (4, 6); (5, 6)",6,1,1,0,1,True
1149,7,14,"(0, 3); (0, 4); (0, 5); (0, 6); (1, 3); (1, 4); (1, 6); (2, 4); (2, 5); (2, 6); (3, 5); (3, 6); (4, 6); (5, 6)",0; 3; 4; 5; 6,5,1,0,1,True
1150,7,14,"(0, 1); (0, 3); (0, 4); (0, 6); (1, 3); (1, 6); (2, 4); (2, 5); (2, 6); (3, 5); (3, 6); (4, 5); (4, 6); (5, 6)",0; 3; 4; 5; 6,5,1,0,1,True
1151,7,14,"(0, 1); (0, 2); (0, 3); (0, 4); (0, 5); (0, 6); (1, 2); (1, 6); (2, 5); (3, 4); (3, 5); (3, 6); (4, 5); (4, 6)",0; 3; 4; 5; 6,5,1,0,1,True
1152,7,14,"(0, 1); (0, 2); (0, 3); (0, 4); (0, 5); (0, 6); (1, 5); (1, 6); (2, 3); (2, 4); (3, 5); (3, 6); (4, 5); (4, 6)",0; 3; 4; 5; 6,5,1,0,1,True
1153,7,14,"(0, 3); (0, 4); (0, 5); (0, 6); (1, 3); (1, 4); (1, 6); (2, 3); (2, 4); (2, 5); (3, 5); (3, 6); (4, 5); (5, 6)",0; 4; 6,3,1,0,1,True
1154,7,14,"(0, 1); (0, 3); (0, 4); (0, 6); (1, 3); (1, 6); (2, 3); (2, 4); (2, 5); (3, 4); (3, 5); (4, 5); (4, 6); (5, 6)",0; 5; 6,3,1,0,1,True
1155,7,14,"(0, 4); (0, 5); (0, 6); (1, 3); (1, 5); (1, 6); (2, 3); (2, 4); (2, 5); (2, 6); (3, 4); (3, 6); (4, 5); (5, 6)",2; 3; 4,3,1,0,1,True
1156,7,14,"(0, 3); (0, 4); (0, 6); (1, 2); (1, 4); (1, 5); (2, 3); (2, 5); (2, 6); (3, 5); (3, 6); (4, 5); (4, 6); (5, 6)",2; 3; 4,3,1,0,1,True
1157,7,14,"(0, 4); (0, 5); (0, 6); (1, 2); (1, 3); (1, 6); (2, 4); (2, 5); (2, 6); (3, 4); (3, 5); (3, 6); (4, 5); (5, 6)",2; 3; 4,3,1,0,1,True
1158,7,14,"(0, 1); (0, 5); (0, 6); (1, 4); (1, 6); (2, 3); (2, 4); (2, 5); (2, 6); (3, 4); (3, 5); (3, 6); (4, 5); (5, 6)",2; 3; 4,3,1,0,1,True
1159,7,14,"(0, 1); (0, 4); (0, 6); (1, 3); (1, 5); (2, 3); (2, 4); (2, 5); (2, 6); (3, 5); (3, 6); (4, 5); (4, 6); (5, 6)",2; 3; 4,3,1,0,1,True
1160,7,14,"(0, 3); (0, 4); (0, 5); (0, 6); (1, 3); (1, 4); (1, 6); (2, 3); (2, 4); (2, 5); (3, 5); (3, 6); (4, 5); (4, 6)",0; 5; 6,3,1,0,1,True
1161,7,14,"(0, 1); (0, 5); (0, 6); (1, 3); (1, 4); (2, 3); (2, 4); (2, 5); (2, 6); (3, 5); (3, 6); (4, 5); (4, 6); (5, 6)",2; 3; 4,3,1,0,1,True
1162,7,14,"(0, 4); (0, 5); (0, 6); (1, 2); (1, 3); (1, 4); (2, 3); (2, 5); (2, 6); (3, 5); (3, 6); (4, 5); (4, 6); (5, 6)",2; 3; 4,3,1,0,1,True
1163,7,14,"(0, 4); (0, 5); (0, 6); (1, 4); (1, 5); (1, 6); (2, 3); (2, 4); (2, 5); (2, 6); (3, 4); (3, 5); (3, 6); (5, 6)",2; 3; 4,3,1,0,1,True
1164,7,14,"(0, 1); (0, 3); (0, 4); (0, 6); (1, 3); (1, 4); (1, 6); (2, 3); (2, 4); (2, 5); (3, 5); (3, 6); (4, 5); (4, 6)",0; 1; 6,3,1,0,1,True
1165,7,14,"(0, 4); (0, 5); (0, 6); (1, 3); (1, 4); (1, 5); (1, 6); (2, 3); (2, 4); (2, 5); (2, 6); (3, 5); (3, 6); (4, 6)",1; 2; 3; 4; 5,5,1,0,1,True
1166,7,14,"(0, 4); (0, 5); (0, 6); (1, 2); (1, 3); (1, 5); (1, 6); (2, 3); (2, 5); (2, 6); (3, 4); (3, 6); (4, 5); (4, 6)",1; 2; 3; 4; 5,5,1,0,1,True
1167,7,14,"(0, 4); (0, 5); (0, 6); (1, 2); (1, 3); (1, 5); (1, 6); (2, 3); (2, 4); (2, 6); (3, 4); (3, 5); (4, 6); (5, 6)",1; 2; 3; 4; 5,5,1,0,1,True
1168,7,14,"(0, 3); (0, 4); (0, 5); (1, 2); (1, 4); (1, 5); (1, 6); (2, 3); (2, 5); (2, 6); (3, 4); (3, 6); (4, 6); (5, 6)",1; 2; 3; 4; 5,5,1,0,1,True
1169,7,14,"(0, 3); (0, 4); (0, 5); (1, 3); (1, 4); (1, 5); (1, 6); (2, 3); (2, 4); (2, 5); (2, 6); (3, 6); (4, 6); (5, 6)",1; 2; 3; 4; 5,5,1,0,1,True
1170,7,14,"(0, 1); (0, 2); (0, 5); (0, 6); (1, 2); (1, 3); (1, 6); (2, 3); (2, 4); (3, 4); (3, 5); (4, 5); (4, 6); (5, 6)",0; 1; 2; 3; 4; 5; 6,7,1,0,1,True
1171,7,14,"(0, 3); (0, 4); (0, 5); (0, 6); (1, 3); (1, 4); (1, 5); (1, 6); (2, 3); (2, 4); (2, 5); (2, 6); (3, 6); (4, 5)",0; 1; 2; 3; 4; 5; 6,7,1,0,1,True
1172,7,15,"(0, 1); (0, 2); (0, 3); (0, 4); (0, 5); (1, 2); (1, 3); (1, 4); (1, 5); (2, 3); (2, 4); (2, 5); (3, 4); (3, 5); (4, 5)",6,1,1,0,1,True
1173,7,15,"(0, 1); (0, 2); (0, 4); (0, 5); (1, 2); (1, 3); (1, 4); (1, 5); (1, 6); (2, 3); (2, 4); (2, 5); (3, 4); (3, 5); (4, 5)",0; 1; 3,3,1,0,1,True
1174,7,15,"(0, 1); (0, 2); (0, 4); (0, 5); (0, 6); (1, 2); (1, 3); (1, 4); (1, 5); (2, 3); (2, 4); (2, 5); (3, 4); (3, 5); (4, 5)",3,1,1,0,1,True
1175,7,15,"(0, 1); (0, 2); (0, 3); (0, 4); (0, 5); (0, 6); (1, 2); (1, 3); (1, 4); (1, 5); (1, 6); (3, 4); (3, 5); (3, 6); (5, 6)",0; 1; 2; 5; 6,5,1,0,1,True
1176,7,15,"(0, 1); (0, 2); (0, 3); (0, 4); (0, 5); (0, 6); (1, 5); (1, 6); (2, 4); (3, 4); (3, 5); (3, 6); (4, 5); (4, 6); (5, 6)",0; 2; 3,3,1,0,1,True
1177,7,15,"(0, 1); (0, 3); (0, 4); (0, 5); (0, 6); (1, 5); (1, 6); (2, 3); (2, 4); (3, 4); (3, 5); (3, 6); (4, 5); (4, 6); (5, 6)",2,1,1,0,1,True
1178,7,15,"(0, 3); (0, 4); (0, 5); (0, 6); (1, 3); (1, 4); (1, 5); (1, 6); (2, 3); (2, 4); (3, 4); (3, 5); (3, 6); (4, 5); (4, 6)",0; 1; 2; 3; 4; 5; 6,7,1,0,1,True
1179,7,15,"(0, 1); (0, 3); (0, 4); (0, 5); (1, 2); (1, 4); (1, 5); (1, 6); (2, 3); (2, 4); (2, 5); (3, 4); (3, 5); (4, 5); (5, 6)",0; 2; 3; 5; 6,5,1,0,1,True
1180,7,15,"(0, 1); (0, 3); (0, 5); (0, 6); (1, 3); (1, 5); (1, 6); (2, 4); (2, 6); (3, 4); (3, 5); (3, 6); (4, 5); (4, 6); (5, 6)",0; 1; 2; 4; 6,5,1,0,1,True
1181,7,15,"(0, 1); (0, 4); (0, 5); (0, 6); (1, 3); (1, 5); (1, 6); (2, 3); (2, 4); (3, 4); (3, 5); (3, 6); (4, 5); (4, 6); (5, 6)",0; 1; 2,3,1,0,1,True
1182,7,15,"(0, 2); (0, 6); (1, 3); (1, 4); (1, 5); (1, 6); (2, 3); (2, 4); (2, 5); (3, 4); (3, 5); (3, 6); (4, 5); (4, 6); (5, 6)",0; 1; 2,3,1,0,1,True
1183,7,15,"(0, 3); (0, 4); (0, 5); (0, 6); (1, 3); (1, 4); (1, 5); (1, 6); (2, 3); (2, 4); (3, 5); (3, 6); (4, 5); (4, 6); (5, 6)",0; 1; 2,3,1,0,1,True
1184,7,15,"(0, 3); (0, 4); (0, 5); (1, 3); (1, 4); (1, 5); (2, 3); (2, 4); (2, 5); (3, 4); (3, 5); (3, 6); (4, 5); (4, 6); (5, 6)",3; 4; 5,3,1,0,1,True
1185,7,15,"(0, 3); (0, 4); (0, 6); (1, 3); (1, 4); (1, 5); (2, 3); (2, 4); (2, 5); (3, 4); (3, 5); (3, 6); (4, 5); (4, 6); (5, 6)",3; 4; 6,3,1,0,1,True
1186,7,15,"(0, 1); (0, 2); (0, 3); (0, 4); (0, 5); (1, 2); (1, 3); (1, 5); (1, 6); (2, 3); (2, 4); (2, 6); (3, 4); (3, 5); (3, 6)",3,1,1,94,1,False
1187,7,15,"(0, 1); (0, 2); (0, 3); (0, 4); (1, 3); (1, 4); (1, 5); (2, 3); (2, 4); (2, 6); (3, 4); (3, 5); (3, 6); (4, 5); (4, 6)",0; 1; 2; 3; 4,5,1,0,1,True
1188,7,15,"(0, 1); (0, 2); (0, 3); (0, 4); (1, 2); (1, 3); (1, 4); (2, 3); (2, 4); (3, 4); (3, 5); (3, 6); (4, 5); (4, 6); (5, 6)",0; 1; 2; 3; 4,5,1,0,1,True
1189,7,15,"(0, 1); (0, 3); (0, 4); (0, 6); (1, 2); (1, 6); (2, 3); (2, 4); (2, 5); (2, 6); (3, 4); (3, 6); (4, 5); (4, 6); (5, 6)",0; 3; 6,3,1,0,1,True
1190,7,15,"(0, 1); (0, 3); (0, 4); (0, 6); (1, 3); (1, 6); (2, 4); (2, 5); (2, 6); (3, 4); (3, 5); (3, 6); (4, 5); (4, 6); (5, 6)",0; 5; 6,3,1,0,1,True
1191,7,15,"(0, 3); (0, 4); (0, 5); (0, 6); (1, 3); (1, 4); (1, 5); (1, 6); (2, 4); (2, 5); (2, 6); (3, 6); (4, 5); (4, 6); (5, 6)",0; 1; 6,3,1,0,1,True
1192,7,15,"(0, 1); (0, 2); (0, 3); (0, 5); (0, 6); (1, 2); (1, 3); (1, 6); (2, 3); (2, 6); (3, 4); (3, 6); (4, 5); (4, 6); (5, 6)",1; 2; 6,3,1,0,1,True
1193,7,15,"(0, 3); (0, 4); (0, 5); (0, 6); (1, 4); (1, 5); (1, 6); (2, 4); (2, 5); (2, 6); (3, 4); (3, 5); (3, 6); (4, 6); (5, 6)",0; 3; 6,3,1,0,1,True
1194,7,15,"(0, 4); (0, 5); (0, 6); (1, 2); (1, 3); (1, 6); (2, 3); (2, 4); (2, 5); (3, 4); (3, 5); (3, 6); (4, 5); (4, 6); (5, 6)",2,1,1,0,1,True
1195,7,15,"(0, 3); (0, 4); (0, 5); (0, 6); (1, 3); (1, 4); (1, 6); (2, 3); (2, 4); (2, 5); (3, 5); (3, 6); (4, 5); (4, 6); (5, 6)",0,1,1,0,1,True
1196,7,15,"(0, 1); (0, 3); (0, 4); (0, 5); (0, 6); (1, 3); (1, 4); (1, 6); (2, 3); (2, 4); (2, 5); (3, 4); (3, 6); (4, 6); (5, 6)",1,1,1,0,1,True
1197,7,15,"(0, 1); (0, 2); (0, 3); (0, 4); (0, 5); (0, 6); (1, 5); (1, 6); (2, 4); (2, 5); (2, 6); (3, 4); (3, 5); (3, 6); (4, 6)",0; 2; 3; 4; 5,5,1,0,1,True
1198,7,15,"(0, 1); (0, 3); (0, 4); (0, 6); (1, 3); (1, 4); (1, 6); (2, 4); (2, 5); (2, 6); (3, 5); (3, 6); (4, 5); (4, 6); (5, 6)",0; 1; 3; 5; 6,5,1,0,1,True
1199,7,15,"(0, 1); (0, 3); (0, 5); (0, 6); (1, 3); (1, 4); (1, 6); (2, 4); (2, 5); (2, 6); (3, 4); (3, 5); (3, 6); (4, 6); (5, 6)",0; 1; 4; 5; 6,5,1,0,1,True
1200,7,15,"(0, 1); (0, 3); (0, 5); (0, 6); (1, 3); (1, 4); (1, 6); (2, 3); (2, 4); (2, 5); (3, 4); (3, 6); (4, 5); (4, 6); (5, 6)",0; 1; 5,3,1,0,1,True
1201,7,15,"(0, 2); (0, 3); (0, 6); (1, 3); (1, 4); (1, 5); (1, 6); (2, 4); (2, 5); (2, 6); (3, 4); (3, 5); (4, 5); (4, 6); (5, 6)",1; 2; 3,3,1,0,1,True
1202,7,15,"(0, 4); (0, 5); (0, 6); (1, 3); (1, 4); (1, 5); (1, 6); (2, 3); (2, 4); (2, 5); (2, 6); (3, 5); (3, 6); (4, 5); (4, 6)",1; 2; 3,3,1,0,1,True
1203,7,15,"(0, 3); (0, 4); (0, 5); (0, 6); (1, 3); (1, 4); (1, 5); (1, 6); (2, 3); (2, 4); (2, 5); (3, 4); (3, 6); (4, 6); (5, 6)",0; 1; 5,3,1,0,1,True
1204,7,15,"(0, 1); (0, 3); (0, 4); (0, 6); (1, 3); (1, 4); (1, 6); (2, 3); (2, 4); (2, 5); (3, 5); (3, 6); (4, 5); (4, 6); (5, 6)",0; 1; 5,3,1,0,1,True
1205,7,15,"(0, 4); (0, 5); (0, 6); (1, 2); (1, 3); (1, 5); (1, 6); (2, 3); (2, 4); (2, 6); (3, 4); (3, 5); (4, 5); (4, 6); (5, 6)",1; 2; 3,3,1,0,1,True
1206,7,15,"(0, 1); (0, 2); (0, 3); (1, 4); (1, 5); (1, 6); (2, 4); (2, 5); (2, 6); (3, 4); (3, 5); (3, 6); (4, 5); (4, 6); (5, 6)",1; 2; 3,3,1,0,1,True
1207,7,15,"(0, 1); (0, 2); (0, 3); (0, 6); (1, 4); (1, 5); (1, 6); (2, 3); (2, 5); (2, 6); (3, 4); (3, 6); (4, 5); (4, 6); (5, 6)",0; 1; 2; 3; 4; 5; 6,7,1,0,1,True
1208,7,15,"(0, 1); (0, 2); (0, 3); (0, 6); (1, 4); (1, 5); (1, 6); (2, 4); (2, 5); (2, 6); (3, 4); (3, 5); (3, 6); (4, 6); (5, 6)",0; 1; 2; 3; 4; 5; 6,7,1,0,1,True
1209,7,15,"(0, 3); (0, 4); (0, 5); (0, 6); (1, 2); (1, 4); (1, 5); (1, 6); (2, 3); (2, 5); (2, 6); (3, 4); (3, 6); (4, 5); (5, 6)",0; 1; 2; 3; 4,5,1,0,1,True
1210,7,15,"(0, 3); (0, 4); (0, 5); (0, 6); (1, 3); (1, 4); (1, 5); (1, 6); (2, 3); (2, 4); (2, 5); (2, 6); (3, 4); (3, 6); (4, 5)",0; 1; 2; 5; 6,5,1,0,1,True
1211,7,15,"(0, 1); (0, 3); (0, 4); (0, 5); (1, 3); (1, 4); (1, 5); (2, 3); (2, 4); (2, 5); (2, 6); (3, 4); (3, 6); (4, 6); (5, 6)",0; 1; 2; 5; 6,5,1,0,1,True
1212,7,15,"(0, 1); (0, 4); (0, 5); (0, 6); (1, 2); (1, 5); (1, 6); (2, 3); (2, 5); (2, 6); (3, 4); (3, 5); (3, 6); (4, 5); (4, 6)",0; 1; 2; 3; 4,5,1,0,1,True
1213,7,16,"(0, 1); (0, 2); (0, 3); (0, 4); (0, 5); (1, 2); (1, 3); (1, 4); (1, 5); (2, 3); (2, 4); (2, 5); (2, 6); (3, 4); (3, 5); (4, 5)",2,1,1,0,1,True
1214,7,16,"(0, 3); (0, 4); (0, 5); (0, 6); (1, 3); (1, 4); (1, 5); (1, 6); (2, 5); (2, 6); (3, 4); (3, 5); (3, 6); (4, 5); (4, 6); (5, 6)",0; 1; 2; 5; 6,5,1,0,1,True
1215,7,16,"(0, 1); (0, 2); (0, 3); (0, 4); (0, 5); (0, 6); (1, 6); (2, 3); (2, 4); (2, 5); (3, 4); (3, 5); (3, 6); (4, 5); (4, 6); (5, 6)",0; 1; 2,3,1,0,1,True
1216,7,16,"(0, 5); (0, 6); (1, 2); (1, 3); (1, 4); (1, 5); (1, 6); (2, 3); (2, 4); (2, 5); (2, 6); (3, 4); (3, 5); (3, 6); (4, 5); (4, 6)",0,1,1,0,1,True
1217,7,16,"(0, 3); (0, 4); (0, 5); (0, 6); (1, 3); (1, 4); (1, 5); (2, 3); (2, 4); (2, 5); (3, 4); (3, 5); (3, 6); (4, 5); (4, 6); (5, 6)",0; 3; 4; 5; 6,5,1,0,1,True
1218,7,16,"(0, 3); (0, 4); (0, 5); (0, 6); (1, 3); (1, 5); (1, 6); (2, 4); (2, 5); (2, 6); (3, 4); (3, 5); (3, 6); (4, 5); (4, 6); (5, 6)",0; 5; 6,3,1,0,1,True
1219,7,16,"(0, 1); (0, 2); (0, 3); (0, 4); (0, 5); (0, 6); (1, 5); (1, 6); (2, 3); (2, 4); (3, 4); (3, 5); (3, 6); (4, 5); (4, 6); (5, 6)",0,1,1,0,1,True
1220,7,16,"(0, 3); (0, 4); (0, 5); (0, 6); (1, 3); (1, 4); (1, 5); (1, 6); (2, 4); (2, 5); (2, 6); (3, 5); (3, 6); (4, 5); (4, 6); (5, 6)",0; 1; 3; 5; 6,5,1,0,1,True
1221,7,16,"(0, 1); (0, 3); (0, 5); (0, 6); (1, 3); (1, 5); (1, 6); (2, 4); (2, 5); (2, 6); (3, 4); (3, 5); (3, 6); (4, 5); (4, 6); (5, 6)",0; 1; 4; 5; 6,5,1,0,1,True
1222,7,16,"(0, 1); (0, 3); (0, 5); (0, 6); (1, 3); (1, 4); (1, 6); (2, 4); (2, 5); (2, 6); (3, 4); (3, 5); (3, 6); (4, 5); (4, 6); (5, 6)",0; 1; 6,3,1,0,1,True
1223,7,16,"(0, 1); (0, 2); (0, 3); (0, 4); (0, 5); (0, 6); (1, 3); (1, 6); (2, 4); (2, 5); (2, 6); (3, 4); (3, 5); (4, 5); (4, 6); (5, 6)",0; 2; 3,3,1,0,1,True
1224,7,16,"(0, 3); (0, 4); (0, 5); (0, 6); (1, 3); (1, 4); (1, 5); (1, 6); (2, 4); (2, 5); (2, 6); (3, 4); (3, 5); (3, 6); (4, 6); (5, 6)",0; 1; 6,3,1,0,1,True
1225,7,16,"(0, 1); (0, 3); (0, 4); (0, 5); (0, 6); (1, 3); (1, 4); (1, 6); (2, 3); (2, 4); (2, 5); (3, 5); (3, 6); (4, 5); (4, 6); (5, 6)",1,1,1,0,1,True
1226,7,16,"(0, 1); (0, 3); (0, 4); (0, 5); (0, 6); (1, 3); (1, 4); (1, 5); (1, 6); (2, 3); (2, 4); (2, 5); (3, 4); (3, 6); (4, 6); (5, 6)",5,1,1,0,1,True
1227,7,16,"(0, 1); (0, 2); (0, 3); (0, 4); (0, 5); (0, 6); (1, 2); (1, 3); (1, 4); (1, 5); (1, 6); (2, 5); (2, 6); (3, 4); (3, 6); (4, 5)",0; 1; 2; 3; 4; 5; 6,7,1,0,1,True
1228,7,16,"(0, 1); (0, 2); (0, 3); (0, 4); (0, 5); (0, 6); (1, 4); (1, 5); (1, 6); (2, 3); (2, 5); (2, 6); (3, 4); (3, 6); (4, 5); (5, 6)",0; 1; 2; 3; 4,5,1,0,1,True
1229,7,16,"(0, 1); (0, 2); (0, 3); (0, 4); (0, 5); (0, 6); (1, 4); (1, 5); (1, 6); (2, 4); (2, 5); (2, 6); (3, 4); (3, 5); (3, 6); (5, 6)",0; 1; 2; 3; 4,5,1,0,1,True
1230,7,16,"(0, 1); (0, 4); (0, 5); (0, 6); (1, 4); (1, 5); (1, 6); (2, 3); (2, 4); (2, 5); (2, 6); (3, 4); (3, 5); (3, 6); (4, 6); (5, 6)",0; 1; 2; 3; 6,5,1,0,1,True
1231,7,16,"(0, 1); (0, 3); (0, 4); (0, 6); (1, 3); (1, 4); (1, 5); (2, 3); (2, 4); (2, 5); (2, 6); (3, 5); (3, 6); (4, 5); (4, 6); (5, 6)",0; 1; 2,3,1,0,1,True
1232,7,16,"(0, 1); (0, 3); (0, 4); (0, 5); (0, 6); (1, 3); (1, 4); (1, 5); (2, 3); (2, 4); (2, 5); (2, 6); (3, 4); (3, 6); (4, 6); (5, 6)",1; 2; 5,3,1,0,1,True
1233,7,16,"(0, 3); (0, 4); (0, 5); (0, 6); (1, 3); (1, 4); (1, 5); (1, 6); (2, 3); (2, 4); (2, 5); (2, 6); (3, 5); (3, 6); (4, 5); (4, 6)",0; 1; 2,3,1,0,1,True
1234,7,17,"(0, 1); (0, 2); (0, 3); (0, 4); (0, 5); (1, 2); (1, 3); (1, 4); (1, 5); (1, 6); (2, 3); (2, 4); (2, 5); (2, 6); (3, 4); (3, 5); (4, 5)",1; 2; 6,3,1,0,1,True
1235,7,17,"(0, 1); (0, 2); (0, 3); (0, 4); (0, 5); (0, 6); (1, 2); (1, 3); (1, 4); (1, 5); (1, 6); (2, 3); (2, 4); (2, 5); (2, 6); (4, 5); (4, 6)",0; 1; 2; 5; 6,5,1,0,1,True
1236,7,17,"(0, 1); (0, 3); (0, 4); (0, 5); (0, 6); (1, 3); (1, 5); (1, 6); (2, 4); (2, 5); (2, 6); (3, 4); (3, 5); (3, 6); (4, 5); (4, 6); (5, 6)",1; 5; 6,3,1,0,1,True
1237,7,17,"(0, 1); (0, 3); (0, 4); (0, 5); (0, 6); (1, 3); (1, 4); (1, 5); (1, 6); (2, 4); (2, 5); (2, 6); (3, 4); (3, 5); (3, 6); (4, 6); (5, 6)",6,1,1,0,1,True
1238,7,17,"(0, 1); (0, 3); (0, 4); (0, 5); (1, 3); (1, 4); (1, 5); (2, 3); (2, 4); (2, 5); (2, 6); (3, 4); (3, 5); (3, 6); (4, 5); (4, 6); (5, 6)",0; 1; 2; 3; 4; 5; 6,7,1,0,1,True
1239,7,17,"(0, 1); (0, 3); (0, 5); (0, 6); (1, 4); (1, 5); (1, 6); (2, 3); (2, 4); (2, 5); (2, 6); (3, 4); (3, 5); (3, 6); (4, 5); (4, 6); (5, 6)",0; 1; 2; 5; 6,5,1,0,1,True
1240,7,17,"(0, 3); (0, 4); (0, 5); (0, 6); (1, 3); (1, 4); (1, 5); (1, 6); (2, 3); (2, 4); (2, 5); (2, 6); (3, 5); (3, 6); (4, 5); (4, 6); (5, 6)",0; 1; 2; 5; 6,5,1,0,1,True
1241,7,17,"(0, 1); (0, 3); (0, 4); (0, 5); (0, 6); (1, 4); (1, 5); (1, 6); (2, 3); (2, 4); (2, 5); (2, 6); (3, 4); (3, 5); (3, 6); (4, 6); (5, 6)",1; 2; 6,3,1,0,1,True
1242,7,17,"(0, 1); (0, 3); (0, 4); (0, 5); (0, 6); (1, 3); (1, 4); (1, 5); (1, 6); (2, 3); (2, 4); (2, 5); (2, 6); (3, 6); (4, 5); (4, 6); (5, 6)",2; 3; 6,3,1,0,1,True
1243,7,17,"(0, 3); (0, 4); (0, 5); (0, 6); (1, 2); (1, 3); (1, 4); (1, 5); (1, 6); (2, 3); (2, 4); (2, 5); (2, 6); (3, 5); (3, 6); (4, 5); (4, 6)",0,1,1,0,1,True
1244,7,18,"(0, 1); (0, 2); (0, 3); (0, 4); (0, 5); (0, 6); (1, 2); (1, 3); (1, 4); (1, 5); (1, 6); (2, 3); (2, 4); (2, 5); (3, 4); (3, 5); (4, 5); (5, 6)",0; 1; 5,3,1,0,1,True
1245,7,18,"(0, 1); (0, 2); (0, 3); (0, 4); (0, 5); (0, 6); (1, 2); (1, 3); (1, 4); (1, 5); (1, 6); (2, 3); (2, 4); (2, 5); (2, 6); (3, 4); (3, 5); (3, 6)",0; 1; 2; 3; 4; 5; 6,7,1,0,1,True
1246,7,18,"(0, 1); (0, 2); (0, 3); (0, 4); (0, 5); (0, 6); (1, 2); (1, 4); (1, 5); (2, 3); (2, 4); (2, 5); (2, 6); (3, 4); (3, 6); (4, 5); (4, 6); (5, 6)",0; 1; 2; 3; 4,5,1,0,1,True
1247,7,18,"(0, 1); (0, 2); (0, 3); (0, 5); (0, 6); (1, 2); (1, 3); (1, 4); (1, 5); (1, 6); (2, 3); (2, 4); (3, 4); (3, 5); (3, 6); (4, 5); (4, 6); (5, 6)",1; 2; 3,3,1,0,1,True
1248,7,18,"(0, 1); (0, 2); (0, 3); (0, 4); (0, 6); (1, 3); (1, 4); (1, 5); (1, 6); (2, 3); (2, 4); (2, 5); (2, 6); (3, 5); (3, 6); (4, 5); (4, 6); (5, 6)",6,1,1,0,1,True
1249,7,19,"(0, 1); (0, 2); (0, 3); (0, 4); (0, 5); (0, 6); (1, 2); (1, 3); (1, 4); (1, 5); (1, 6); (2, 3); (2, 4); (3, 4); (3, 5); (3, 6); (4, 5); (4, 6); (5, 6)",0; 1; 2; 3; 4,5,1,0,1,True
1250,7,19,"(0, 1); (0, 2); (0, 3); (0, 5); (0, 6); (1, 2); (1, 3); (1, 4); (1, 5); (1, 6); (2, 3); (2, 4); (2, 5); (2, 6); (3, 4); (3, 6); (4, 5); (4, 6); (5, 6)",1; 2; 6,3,1,0,1,True
1251,7,20,"(0, 1); (0, 2); (0, 3); (0, 5); (0, 6); (1, 2); (1, 3); (1, 4); (1, 5); (1, 6); (2, 3); (2, 4); (2, 5); (2, 6); (3, 4); (3, 5); (3, 6); (4, 5); (4, 6); (5, 6)",1; 2; 3; 5; 6,5,1,0,1,True
1252,7,21,"(0, 1); (0, 2); (0, 3); (0, 4); (0, 5); (0, 6); (1, 2); (1, 3); (1, 4); (1, 5); (1, 6); (2, 3); (2, 4); (2, 5); (2, 6); (3, 4); (3, 5); (3, 6); (4, 5); (4, 6); (5, 6)",0; 1; 2; 3; 4; 5; 6,7,1,0,1,True
